id,status,n_drones,coordinator,controller
0,done,2,mpc_central,mpc_agent
1,done,2,mpc_central,mpc_agent_adaptive
2,done,2,dmpc_admm,mpc_agent
3,done,2,dmpc_admm,mpc_agent_adaptive
140,done,2,mpc_central,mpc_agent
141,done,2,mpc_central,mpc_agent_adaptive
142,done,2,dmpc_admm,mpc_agent
143,done,2,dmpc_admm,mpc_agent_adaptive
280,done,2,mpc_central,mpc_agent
281,done,2,mpc_central,mpc_agent_adaptive
282,done,2,dmpc_admm,mpc_agent
283,done,2,dmpc_admm,mpc_agent_adaptive
420,done,2,mpc_central,mpc_agent
421,done,2,mpc_central,mpc_agent_adaptive
422,done,2,dmpc_admm,mpc_agent
423,done,2,dmpc_admm,mpc_agent_adaptive
560,done,2,mpc_central,mpc_agent
561,done,2,mpc_central,mpc_agent_adaptive
562,done,2,dmpc_admm,mpc_agent
563,done,2,dmpc_admm,mpc_agent_adaptive
700,done,2,mpc_central,mpc_agent
701,done,2,mpc_central,mpc_agent_adaptive
702,done,2,dmpc_admm,mpc_agent
703,done,2,dmpc_admm,mpc_agent_adaptive
840,done,2,mpc_central,mpc_agent
841,done,2,mpc_central,mpc_agent_adaptive
842,done,2,dmpc_admm,mpc_agent
843,done,2,dmpc_admm,mpc_agent_adaptive
980,done,2,mpc_central,mpc_agent
981,done,2,mpc_central,mpc_agent_adaptive
982,done,2,dmpc_admm,mpc_agent
983,done,2,dmpc_admm,mpc_agent_adaptive
1120,done,2,mpc_central,mpc_agent
1121,done,2,mpc_central,mpc_agent_adaptive
1122,done,2,dmpc_admm,mpc_agent
1123,done,2,dmpc_admm,mpc_agent_adaptive
1260,done,2,mpc_central,mpc_agent
1261,done,2,mpc_central,mpc_agent_adaptive
1262,done,2,dmpc_admm,mpc_agent
1263,done,2,dmpc_admm,mpc_agent_adaptive
1400,done,2,mpc_central,mpc_agent
1401,done,2,mpc_central,mpc_agent_adaptive
1402,done,2,dmpc_admm,mpc_agent
1403,done,2,dmpc_admm,mpc_agent_adaptive
1540,done,2,mpc_central,mpc_agent
1541,done,2,mpc_central,mpc_agent_adaptive
1542,done,2,dmpc_admm,mpc_agent
1543,done,2,dmpc_admm,mpc_agent_adaptive
1680,done,2,mpc_central,mpc_agent
1681,done,2,mpc_central,mpc_agent_adaptive
1682,done,2,dmpc_admm,mpc_agent
1683,done,2,dmpc_admm,mpc_agent_adaptive
1820,done,2,mpc_central,mpc_agent
1821,done,2,mpc_central,mpc_agent_adaptive
1822,done,2,dmpc_admm,mpc_agent
1823,done,2,dmpc_admm,mpc_agent_adaptive
1960,done,2,mpc_central,mpc_agent
1961,done,2,mpc_central,mpc_agent_adaptive
1962,done,2,dmpc_admm,mpc_agent
1963,done,2,dmpc_admm,mpc_agent_adaptive
2100,done,2,mpc_central,mpc_agent
2101,done,2,mpc_central,mpc_agent_adaptive
2102,done,2,dmpc_admm,mpc_agent
2103,done,2,dmpc_admm,mpc_agent_adaptive
2240,done,2,mpc_central,mpc_agent
2241,done,2,mpc_central,mpc_agent_adaptive
2242,done,2,dmpc_admm,mpc_agent
2243,done,2,dmpc_admm,mpc_agent_adaptive
2380,done,2,mpc_central,mpc_agent
2381,done,2,mpc_central,mpc_agent_adaptive
2382,done,2,dmpc_admm,mpc_agent
2383,done,2,dmpc_admm,mpc_agent_adaptive
2520,done,2,mpc_central,mpc_agent
2521,done,2,mpc_central,mpc_agent_adaptive
2522,done,2,dmpc_admm,mpc_agent
2523,done,2,dmpc_admm,mpc_agent_adaptive
2660,done,2,mpc_central,mpc_agent
2661,done,2,mpc_central,mpc_agent_adaptive
2662,done,2,dmpc_admm,mpc_agent
2663,done,2,dmpc_admm,mpc_agent_adaptive
4,done,3,mpc_central,mpc_agent
5,done,3,mpc_central,mpc_agent_adaptive
6,done,3,dmpc_admm,mpc_agent
7,done,3,dmpc_admm,mpc_agent_adaptive
144,done,3,mpc_central,mpc_agent
145,done,3,mpc_central,mpc_agent_adaptive
146,done,3,dmpc_admm,mpc_agent
147,done,3,dmpc_admm,mpc_agent_adaptive
284,done,3,mpc_central,mpc_agent
285,done,3,mpc_central,mpc_agent_adaptive
286,done,3,dmpc_admm,mpc_agent
287,done,3,dmpc_admm,mpc_agent_adaptive
424,done,3,mpc_central,mpc_agent
425,done,3,mpc_central,mpc_agent_adaptive
426,done,3,dmpc_admm,mpc_agent
427,done,3,dmpc_admm,mpc_agent_adaptive
564,done,3,mpc_central,mpc_agent
565,done,3,mpc_central,mpc_agent_adaptive
566,done,3,dmpc_admm,mpc_agent
567,done,3,dmpc_admm,mpc_agent_adaptive
704,done,3,mpc_central,mpc_agent
705,done,3,mpc_central,mpc_agent_adaptive
706,done,3,dmpc_admm,mpc_agent
707,done,3,dmpc_admm,mpc_agent_adaptive
844,done,3,mpc_central,mpc_agent
845,done,3,mpc_central,mpc_agent_adaptive
846,done,3,dmpc_admm,mpc_agent
847,done,3,dmpc_admm,mpc_agent_adaptive
984,done,3,mpc_central,mpc_agent
985,done,3,mpc_central,mpc_agent_adaptive
986,done,3,dmpc_admm,mpc_agent
987,done,3,dmpc_admm,mpc_agent_adaptive
1124,done,3,mpc_central,mpc_agent
1125,done,3,mpc_central,mpc_agent_adaptive
1126,done,3,dmpc_admm,mpc_agent
1127,done,3,dmpc_admm,mpc_agent_adaptive
1264,done,3,mpc_central,mpc_agent
1265,done,3,mpc_central,mpc_agent_adaptive
1266,done,3,dmpc_admm,mpc_agent
1267,done,3,dmpc_admm,mpc_agent_adaptive
1404,done,3,mpc_central,mpc_agent
1405,done,3,mpc_central,mpc_agent_adaptive
1406,done,3,dmpc_admm,mpc_agent
1407,done,3,dmpc_admm,mpc_agent_adaptive
1544,done,3,mpc_central,mpc_agent
1545,done,3,mpc_central,mpc_agent_adaptive
1546,done,3,dmpc_admm,mpc_agent
1547,done,3,dmpc_admm,mpc_agent_adaptive
1684,done,3,mpc_central,mpc_agent
1685,done,3,mpc_central,mpc_agent_adaptive
1686,done,3,dmpc_admm,mpc_agent
1687,done,3,dmpc_admm,mpc_agent_adaptive
1824,done,3,mpc_central,mpc_agent
1825,done,3,mpc_central,mpc_agent_adaptive
1826,done,3,dmpc_admm,mpc_agent
1827,done,3,dmpc_admm,mpc_agent_adaptive
1964,done,3,mpc_central,mpc_agent
1965,done,3,mpc_central,mpc_agent_adaptive
1966,done,3,dmpc_admm,mpc_agent
1967,done,3,dmpc_admm,mpc_agent_adaptive
2104,done,3,mpc_central,mpc_agent
2105,done,3,mpc_central,mpc_agent_adaptive
2106,done,3,dmpc_admm,mpc_agent
2107,done,3,dmpc_admm,mpc_agent_adaptive
2244,done,3,mpc_central,mpc_agent
2245,done,3,mpc_central,mpc_agent_adaptive
2246,done,3,dmpc_admm,mpc_agent
2247,done,3,dmpc_admm,mpc_agent_adaptive
2384,done,3,mpc_central,mpc_agent
2385,done,3,mpc_central,mpc_agent_adaptive
2386,done,3,dmpc_admm,mpc_agent
2387,done,3,dmpc_admm,mpc_agent_adaptive
2524,done,3,mpc_central,mpc_agent
2525,done,3,mpc_central,mpc_agent_adaptive
2526,done,3,dmpc_admm,mpc_agent
2527,done,3,dmpc_admm,mpc_agent_adaptive
2664,done,3,mpc_central,mpc_agent
2665,done,3,mpc_central,mpc_agent_adaptive
2666,done,3,dmpc_admm,mpc_agent
2667,done,3,dmpc_admm,mpc_agent_adaptive
8,done,4,mpc_central,mpc_agent
9,done,4,mpc_central,mpc_agent_adaptive
10,done,4,dmpc_admm,mpc_agent
11,done,4,dmpc_admm,mpc_agent_adaptive
148,done,4,mpc_central,mpc_agent
149,done,4,mpc_central,mpc_agent_adaptive
150,done,4,dmpc_admm,mpc_agent
151,done,4,dmpc_admm,mpc_agent_adaptive
288,done,4,mpc_central,mpc_agent
289,done,4,mpc_central,mpc_agent_adaptive
290,done,4,dmpc_admm,mpc_agent
291,done,4,dmpc_admm,mpc_agent_adaptive
428,done,4,mpc_central,mpc_agent
429,done,4,mpc_central,mpc_agent_adaptive
430,done,4,dmpc_admm,mpc_agent
431,done,4,dmpc_admm,mpc_agent_adaptive
568,done,4,mpc_central,mpc_agent
569,done,4,mpc_central,mpc_agent_adaptive
570,done,4,dmpc_admm,mpc_agent
571,done,4,dmpc_admm,mpc_agent_adaptive
708,done,4,mpc_central,mpc_agent
709,done,4,mpc_central,mpc_agent_adaptive
710,done,4,dmpc_admm,mpc_agent
711,done,4,dmpc_admm,mpc_agent_adaptive
848,done,4,mpc_central,mpc_agent
849,done,4,mpc_central,mpc_agent_adaptive
850,done,4,dmpc_admm,mpc_agent
851,done,4,dmpc_admm,mpc_agent_adaptive
988,done,4,mpc_central,mpc_agent
989,done,4,mpc_central,mpc_agent_adaptive
990,done,4,dmpc_admm,mpc_agent
991,done,4,dmpc_admm,mpc_agent_adaptive
1128,done,4,mpc_central,mpc_agent
1129,done,4,mpc_central,mpc_agent_adaptive
1130,done,4,dmpc_admm,mpc_agent
1131,done,4,dmpc_admm,mpc_agent_adaptive
1268,done,4,mpc_central,mpc_agent
1269,done,4,mpc_central,mpc_agent_adaptive
1270,done,4,dmpc_admm,mpc_agent
1271,done,4,dmpc_admm,mpc_agent_adaptive
1408,done,4,mpc_central,mpc_agent
1409,done,4,mpc_central,mpc_agent_adaptive
1410,done,4,dmpc_admm,mpc_agent
1411,done,4,dmpc_admm,mpc_agent_adaptive
1548,done,4,mpc_central,mpc_agent
1549,done,4,mpc_central,mpc_agent_adaptive
1550,done,4,dmpc_admm,mpc_agent
1551,done,4,dmpc_admm,mpc_agent_adaptive
1688,done,4,mpc_central,mpc_agent
1689,done,4,mpc_central,mpc_agent_adaptive
1690,done,4,dmpc_admm,mpc_agent
1691,done,4,dmpc_admm,mpc_agent_adaptive
1828,done,4,mpc_central,mpc_agent
1829,done,4,mpc_central,mpc_agent_adaptive
1830,done,4,dmpc_admm,mpc_agent
1831,done,4,dmpc_admm,mpc_agent_adaptive
1968,done,4,mpc_central,mpc_agent
1969,done,4,mpc_central,mpc_agent_adaptive
1970,done,4,dmpc_admm,mpc_agent
1971,done,4,dmpc_admm,mpc_agent_adaptive
2108,done,4,mpc_central,mpc_agent
2109,done,4,mpc_central,mpc_agent_adaptive
2110,done,4,dmpc_admm,mpc_agent
2111,done,4,dmpc_admm,mpc_agent_adaptive
2248,done,4,mpc_central,mpc_agent
2249,done,4,mpc_central,mpc_agent_adaptive
2250,done,4,dmpc_admm,mpc_agent
2251,done,4,dmpc_admm,mpc_agent_adaptive
2388,done,4,mpc_central,mpc_agent
2389,done,4,mpc_central,mpc_agent_adaptive
2390,done,4,dmpc_admm,mpc_agent
2391,done,4,dmpc_admm,mpc_agent_adaptive
2528,done,4,mpc_central,mpc_agent
2529,done,4,mpc_central,mpc_agent_adaptive
2530,done,4,dmpc_admm,mpc_agent
2531,done,4,dmpc_admm,mpc_agent_adaptive
2668,done,4,mpc_central,mpc_agent
2669,done,4,mpc_central,mpc_agent_adaptive
2670,done,4,dmpc_admm,mpc_agent
2671,done,4,dmpc_admm,mpc_agent_adaptive
12,done,5,mpc_central,mpc_agent
13,done,5,mpc_central,mpc_agent_adaptive
14,done,5,dmpc_admm,mpc_agent
15,done,5,dmpc_admm,mpc_agent_adaptive
152,done,5,mpc_central,mpc_agent
153,done,5,mpc_central,mpc_agent_adaptive
154,done,5,dmpc_admm,mpc_agent
155,done,5,dmpc_admm,mpc_agent_adaptive
292,done,5,mpc_central,mpc_agent
293,done,5,mpc_central,mpc_agent_adaptive
294,done,5,dmpc_admm,mpc_agent
295,done,5,dmpc_admm,mpc_agent_adaptive
432,done,5,mpc_central,mpc_agent
433,done,5,mpc_central,mpc_agent_adaptive
434,done,5,dmpc_admm,mpc_agent
435,done,5,dmpc_admm,mpc_agent_adaptive
572,done,5,mpc_central,mpc_agent
573,done,5,mpc_central,mpc_agent_adaptive
574,done,5,dmpc_admm,mpc_agent
575,done,5,dmpc_admm,mpc_agent_adaptive
712,done,5,mpc_central,mpc_agent
713,done,5,mpc_central,mpc_agent_adaptive
714,done,5,dmpc_admm,mpc_agent
715,done,5,dmpc_admm,mpc_agent_adaptive
852,done,5,mpc_central,mpc_agent
853,done,5,mpc_central,mpc_agent_adaptive
854,done,5,dmpc_admm,mpc_agent
855,done,5,dmpc_admm,mpc_agent_adaptive
992,done,5,mpc_central,mpc_agent
993,done,5,mpc_central,mpc_agent_adaptive
994,done,5,dmpc_admm,mpc_agent
995,done,5,dmpc_admm,mpc_agent_adaptive
1132,done,5,mpc_central,mpc_agent
1133,done,5,mpc_central,mpc_agent_adaptive
1134,done,5,dmpc_admm,mpc_agent
1135,done,5,dmpc_admm,mpc_agent_adaptive
1272,done,5,mpc_central,mpc_agent
1273,done,5,mpc_central,mpc_agent_adaptive
1274,done,5,dmpc_admm,mpc_agent
1275,done,5,dmpc_admm,mpc_agent_adaptive
1412,done,5,mpc_central,mpc_agent
1413,done,5,mpc_central,mpc_agent_adaptive
1414,done,5,dmpc_admm,mpc_agent
1415,done,5,dmpc_admm,mpc_agent_adaptive
1552,done,5,mpc_central,mpc_agent
1553,done,5,mpc_central,mpc_agent_adaptive
1554,done,5,dmpc_admm,mpc_agent
1555,done,5,dmpc_admm,mpc_agent_adaptive
1692,done,5,mpc_central,mpc_agent
1693,done,5,mpc_central,mpc_agent_adaptive
1694,done,5,dmpc_admm,mpc_agent
1695,done,5,dmpc_admm,mpc_agent_adaptive
1832,done,5,mpc_central,mpc_agent
1833,done,5,mpc_central,mpc_agent_adaptive
1834,done,5,dmpc_admm,mpc_agent
1835,done,5,dmpc_admm,mpc_agent_adaptive
1972,done,5,mpc_central,mpc_agent
1973,done,5,mpc_central,mpc_agent_adaptive
1974,done,5,dmpc_admm,mpc_agent
1975,done,5,dmpc_admm,mpc_agent_adaptive
2112,done,5,mpc_central,mpc_agent
2113,done,5,mpc_central,mpc_agent_adaptive
2114,done,5,dmpc_admm,mpc_agent
2115,done,5,dmpc_admm,mpc_agent_adaptive
2252,done,5,mpc_central,mpc_agent
2253,done,5,mpc_central,mpc_agent_adaptive
2254,done,5,dmpc_admm,mpc_agent
2255,done,5,dmpc_admm,mpc_agent_adaptive
2392,done,5,mpc_central,mpc_agent
2393,done,5,mpc_central,mpc_agent_adaptive
2394,done,5,dmpc_admm,mpc_agent
2395,done,5,dmpc_admm,mpc_agent_adaptive
2532,done,5,mpc_central,mpc_agent
2533,done,5,mpc_central,mpc_agent_adaptive
2534,done,5,dmpc_admm,mpc_agent
2535,done,5,dmpc_admm,mpc_agent_adaptive
2672,done,5,mpc_central,mpc_agent
2673,done,5,mpc_central,mpc_agent_adaptive
2674,done,5,dmpc_admm,mpc_agent
2675,done,5,dmpc_admm,mpc_agent_adaptive
16,done,6,mpc_central,mpc_agent
17,done,6,mpc_central,mpc_agent_adaptive
18,done,6,dmpc_admm,mpc_agent
19,done,6,dmpc_admm,mpc_agent_adaptive
156,done,6,mpc_central,mpc_agent
157,done,6,mpc_central,mpc_agent_adaptive
158,done,6,dmpc_admm,mpc_agent
159,done,6,dmpc_admm,mpc_agent_adaptive
296,done,6,mpc_central,mpc_agent
297,done,6,mpc_central,mpc_agent_adaptive
298,done,6,dmpc_admm,mpc_agent
299,done,6,dmpc_admm,mpc_agent_adaptive
436,done,6,mpc_central,mpc_agent
437,done,6,mpc_central,mpc_agent_adaptive
438,done,6,dmpc_admm,mpc_agent
439,done,6,dmpc_admm,mpc_agent_adaptive
576,done,6,mpc_central,mpc_agent
577,done,6,mpc_central,mpc_agent_adaptive
578,done,6,dmpc_admm,mpc_agent
579,done,6,dmpc_admm,mpc_agent_adaptive
716,done,6,mpc_central,mpc_agent
717,done,6,mpc_central,mpc_agent_adaptive
718,done,6,dmpc_admm,mpc_agent
719,done,6,dmpc_admm,mpc_agent_adaptive
856,done,6,mpc_central,mpc_agent
857,done,6,mpc_central,mpc_agent_adaptive
858,done,6,dmpc_admm,mpc_agent
859,done,6,dmpc_admm,mpc_agent_adaptive
996,done,6,mpc_central,mpc_agent
997,done,6,mpc_central,mpc_agent_adaptive
998,done,6,dmpc_admm,mpc_agent
999,done,6,dmpc_admm,mpc_agent_adaptive
1136,done,6,mpc_central,mpc_agent
1137,done,6,mpc_central,mpc_agent_adaptive
1138,done,6,dmpc_admm,mpc_agent
1139,done,6,dmpc_admm,mpc_agent_adaptive
1276,done,6,mpc_central,mpc_agent
1277,done,6,mpc_central,mpc_agent_adaptive
1278,done,6,dmpc_admm,mpc_agent
1279,done,6,dmpc_admm,mpc_agent_adaptive
1416,done,6,mpc_central,mpc_agent
1417,done,6,mpc_central,mpc_agent_adaptive
1418,done,6,dmpc_admm,mpc_agent
1419,done,6,dmpc_admm,mpc_agent_adaptive
1556,done,6,mpc_central,mpc_agent
1557,done,6,mpc_central,mpc_agent_adaptive
1558,done,6,dmpc_admm,mpc_agent
1559,done,6,dmpc_admm,mpc_agent_adaptive
1696,done,6,mpc_central,mpc_agent
1697,done,6,mpc_central,mpc_agent_adaptive
1698,done,6,dmpc_admm,mpc_agent
1699,done,6,dmpc_admm,mpc_agent_adaptive
1836,done,6,mpc_central,mpc_agent
1837,done,6,mpc_central,mpc_agent_adaptive
1838,done,6,dmpc_admm,mpc_agent
1839,done,6,dmpc_admm,mpc_agent_adaptive
1976,done,6,mpc_central,mpc_agent
1977,done,6,mpc_central,mpc_agent_adaptive
1978,done,6,dmpc_admm,mpc_agent
1979,done,6,dmpc_admm,mpc_agent_adaptive
2116,done,6,mpc_central,mpc_agent
2117,done,6,mpc_central,mpc_agent_adaptive
2118,done,6,dmpc_admm,mpc_agent
2119,done,6,dmpc_admm,mpc_agent_adaptive
2256,done,6,mpc_central,mpc_agent
2257,done,6,mpc_central,mpc_agent_adaptive
2258,done,6,dmpc_admm,mpc_agent
2259,done,6,dmpc_admm,mpc_agent_adaptive
2396,done,6,mpc_central,mpc_agent
2397,done,6,mpc_central,mpc_agent_adaptive
2398,done,6,dmpc_admm,mpc_agent
2399,done,6,dmpc_admm,mpc_agent_adaptive
2536,done,6,mpc_central,mpc_agent
2537,done,6,mpc_central,mpc_agent_adaptive
2538,done,6,dmpc_admm,mpc_agent
2539,done,6,dmpc_admm,mpc_agent_adaptive
2676,done,6,mpc_central,mpc_agent
2677,done,6,mpc_central,mpc_agent_adaptive
2678,done,6,dmpc_admm,mpc_agent
2679,done,6,dmpc_admm,mpc_agent_adaptive
20,done,7,mpc_central,mpc_agent
21,done,7,mpc_central,mpc_agent_adaptive
22,done,7,dmpc_admm,mpc_agent
23,done,7,dmpc_admm,mpc_agent_adaptive
160,done,7,mpc_central,mpc_agent
161,done,7,mpc_central,mpc_agent_adaptive
162,done,7,dmpc_admm,mpc_agent
163,done,7,dmpc_admm,mpc_agent_adaptive
300,done,7,mpc_central,mpc_agent
301,done,7,mpc_central,mpc_agent_adaptive
302,done,7,dmpc_admm,mpc_agent
303,done,7,dmpc_admm,mpc_agent_adaptive
440,done,7,mpc_central,mpc_agent
441,done,7,mpc_central,mpc_agent_adaptive
442,done,7,dmpc_admm,mpc_agent
443,done,7,dmpc_admm,mpc_agent_adaptive
580,done,7,mpc_central,mpc_agent
581,done,7,mpc_central,mpc_agent_adaptive
582,done,7,dmpc_admm,mpc_agent
583,done,7,dmpc_admm,mpc_agent_adaptive
720,done,7,mpc_central,mpc_agent
721,done,7,mpc_central,mpc_agent_adaptive
722,done,7,dmpc_admm,mpc_agent
723,done,7,dmpc_admm,mpc_agent_adaptive
860,done,7,mpc_central,mpc_agent
861,done,7,mpc_central,mpc_agent_adaptive
862,done,7,dmpc_admm,mpc_agent
863,done,7,dmpc_admm,mpc_agent_adaptive
1000,done,7,mpc_central,mpc_agent
1001,done,7,mpc_central,mpc_agent_adaptive
1002,done,7,dmpc_admm,mpc_agent
1003,done,7,dmpc_admm,mpc_agent_adaptive
1140,done,7,mpc_central,mpc_agent
1141,done,7,mpc_central,mpc_agent_adaptive
1142,done,7,dmpc_admm,mpc_agent
1143,done,7,dmpc_admm,mpc_agent_adaptive
1280,done,7,mpc_central,mpc_agent
1281,done,7,mpc_central,mpc_agent_adaptive
1282,done,7,dmpc_admm,mpc_agent
1283,done,7,dmpc_admm,mpc_agent_adaptive
1420,done,7,mpc_central,mpc_agent
1421,done,7,mpc_central,mpc_agent_adaptive
1422,done,7,dmpc_admm,mpc_agent
1423,done,7,dmpc_admm,mpc_agent_adaptive
1560,done,7,mpc_central,mpc_agent
1561,done,7,mpc_central,mpc_agent_adaptive
1562,done,7,dmpc_admm,mpc_agent
1563,done,7,dmpc_admm,mpc_agent_adaptive
1700,done,7,mpc_central,mpc_agent
1701,done,7,mpc_central,mpc_agent_adaptive
1702,done,7,dmpc_admm,mpc_agent
1703,done,7,dmpc_admm,mpc_agent_adaptive
1840,done,7,mpc_central,mpc_agent
1841,done,7,mpc_central,mpc_agent_adaptive
1842,done,7,dmpc_admm,mpc_agent
1843,done,7,dmpc_admm,mpc_agent_adaptive
1980,done,7,mpc_central,mpc_agent
1981,done,7,mpc_central,mpc_agent_adaptive
1982,done,7,dmpc_admm,mpc_agent
1983,done,7,dmpc_admm,mpc_agent_adaptive
2120,done,7,mpc_central,mpc_agent
2121,done,7,mpc_central,mpc_agent_adaptive
2122,done,7,dmpc_admm,mpc_agent
2123,done,7,dmpc_admm,mpc_agent_adaptive
2260,done,7,mpc_central,mpc_agent
2261,done,7,mpc_central,mpc_agent_adaptive
2262,done,7,dmpc_admm,mpc_agent
2263,done,7,dmpc_admm,mpc_agent_adaptive
2400,done,7,mpc_central,mpc_agent
2401,done,7,mpc_central,mpc_agent_adaptive
2402,done,7,dmpc_admm,mpc_agent
2403,done,7,dmpc_admm,mpc_agent_adaptive
2540,done,7,mpc_central,mpc_agent
2541,done,7,mpc_central,mpc_agent_adaptive
2542,done,7,dmpc_admm,mpc_agent
2543,done,7,dmpc_admm,mpc_agent_adaptive
2680,done,7,mpc_central,mpc_agent
2681,done,7,mpc_central,mpc_agent_adaptive
2682,done,7,dmpc_admm,mpc_agent
2683,done,7,dmpc_admm,mpc_agent_adaptive
24,done,8,mpc_central,mpc_agent
25,done,8,mpc_central,mpc_agent_adaptive
26,done,8,dmpc_admm,mpc_agent
27,done,8,dmpc_admm,mpc_agent_adaptive
164,done,8,mpc_central,mpc_agent
165,done,8,mpc_central,mpc_agent_adaptive
166,done,8,dmpc_admm,mpc_agent
167,done,8,dmpc_admm,mpc_agent_adaptive
304,done,8,mpc_central,mpc_agent
305,done,8,mpc_central,mpc_agent_adaptive
306,done,8,dmpc_admm,mpc_agent
307,done,8,dmpc_admm,mpc_agent_adaptive
444,done,8,mpc_central,mpc_agent
445,done,8,mpc_central,mpc_agent_adaptive
446,done,8,dmpc_admm,mpc_agent
447,done,8,dmpc_admm,mpc_agent_adaptive
584,done,8,mpc_central,mpc_agent
585,done,8,mpc_central,mpc_agent_adaptive
586,done,8,dmpc_admm,mpc_agent
587,done,8,dmpc_admm,mpc_agent_adaptive
724,done,8,mpc_central,mpc_agent
725,done,8,mpc_central,mpc_agent_adaptive
726,done,8,dmpc_admm,mpc_agent
727,done,8,dmpc_admm,mpc_agent_adaptive
864,done,8,mpc_central,mpc_agent
865,done,8,mpc_central,mpc_agent_adaptive
866,done,8,dmpc_admm,mpc_agent
867,done,8,dmpc_admm,mpc_agent_adaptive
1004,done,8,mpc_central,mpc_agent
1005,done,8,mpc_central,mpc_agent_adaptive
1006,done,8,dmpc_admm,mpc_agent
1007,done,8,dmpc_admm,mpc_agent_adaptive
1144,done,8,mpc_central,mpc_agent
1145,done,8,mpc_central,mpc_agent_adaptive
1146,done,8,dmpc_admm,mpc_agent
1147,done,8,dmpc_admm,mpc_agent_adaptive
1284,done,8,mpc_central,mpc_agent
1285,done,8,mpc_central,mpc_agent_adaptive
1286,done,8,dmpc_admm,mpc_agent
1287,done,8,dmpc_admm,mpc_agent_adaptive
1424,done,8,mpc_central,mpc_agent
1425,done,8,mpc_central,mpc_agent_adaptive
1426,done,8,dmpc_admm,mpc_agent
1427,done,8,dmpc_admm,mpc_agent_adaptive
1564,done,8,mpc_central,mpc_agent
1565,done,8,mpc_central,mpc_agent_adaptive
1566,done,8,dmpc_admm,mpc_agent
1567,done,8,dmpc_admm,mpc_agent_adaptive
1704,done,8,mpc_central,mpc_agent
1705,done,8,mpc_central,mpc_agent_adaptive
1706,done,8,dmpc_admm,mpc_agent
1707,done,8,dmpc_admm,mpc_agent_adaptive
1844,done,8,mpc_central,mpc_agent
1845,done,8,mpc_central,mpc_agent_adaptive
1846,done,8,dmpc_admm,mpc_agent
1847,done,8,dmpc_admm,mpc_agent_adaptive
1984,done,8,mpc_central,mpc_agent
1985,done,8,mpc_central,mpc_agent_adaptive
1986,done,8,dmpc_admm,mpc_agent
1987,done,8,dmpc_admm,mpc_agent_adaptive
2124,done,8,mpc_central,mpc_agent
2125,done,8,mpc_central,mpc_agent_adaptive
2126,done,8,dmpc_admm,mpc_agent
2127,done,8,dmpc_admm,mpc_agent_adaptive
2264,done,8,mpc_central,mpc_agent
2265,done,8,mpc_central,mpc_agent_adaptive
2266,done,8,dmpc_admm,mpc_agent
2267,done,8,dmpc_admm,mpc_agent_adaptive
2404,done,8,mpc_central,mpc_agent
2405,done,8,mpc_central,mpc_agent_adaptive
2406,done,8,dmpc_admm,mpc_agent
2407,done,8,dmpc_admm,mpc_agent_adaptive
2544,done,8,mpc_central,mpc_agent
2545,done,8,mpc_central,mpc_agent_adaptive
2546,done,8,dmpc_admm,mpc_agent
2547,done,8,dmpc_admm,mpc_agent_adaptive
2684,done,8,mpc_central,mpc_agent
2685,done,8,mpc_central,mpc_agent_adaptive
2686,done,8,dmpc_admm,mpc_agent
2687,done,8,dmpc_admm,mpc_agent_adaptive
28,done,9,mpc_central,mpc_agent
29,done,9,mpc_central,mpc_agent_adaptive
30,done,9,dmpc_admm,mpc_agent
31,toBeDone,9,dmpc_admm,mpc_agent_adaptive
168,done,9,mpc_central,mpc_agent
169,done,9,mpc_central,mpc_agent_adaptive
170,done,9,dmpc_admm,mpc_agent
171,toBeDone,9,dmpc_admm,mpc_agent_adaptive
308,done,9,mpc_central,mpc_agent
309,done,9,mpc_central,mpc_agent_adaptive
310,done,9,dmpc_admm,mpc_agent
311,toBeDone,9,dmpc_admm,mpc_agent_adaptive
448,done,9,mpc_central,mpc_agent
449,done,9,mpc_central,mpc_agent_adaptive
450,done,9,dmpc_admm,mpc_agent
451,toBeDone,9,dmpc_admm,mpc_agent_adaptive
588,done,9,mpc_central,mpc_agent
589,done,9,mpc_central,mpc_agent_adaptive
590,done,9,dmpc_admm,mpc_agent
591,toBeDone,9,dmpc_admm,mpc_agent_adaptive
728,done,9,mpc_central,mpc_agent
729,done,9,mpc_central,mpc_agent_adaptive
730,done,9,dmpc_admm,mpc_agent
731,toBeDone,9,dmpc_admm,mpc_agent_adaptive
868,done,9,mpc_central,mpc_agent
869,done,9,mpc_central,mpc_agent_adaptive
870,done,9,dmpc_admm,mpc_agent
871,toBeDone,9,dmpc_admm,mpc_agent_adaptive
1008,done,9,mpc_central,mpc_agent
1009,done,9,mpc_central,mpc_agent_adaptive
1010,done,9,dmpc_admm,mpc_agent
1011,toBeDone,9,dmpc_admm,mpc_agent_adaptive
1148,done,9,mpc_central,mpc_agent
1149,done,9,mpc_central,mpc_agent_adaptive
1150,done,9,dmpc_admm,mpc_agent
1151,toBeDone,9,dmpc_admm,mpc_agent_adaptive
1288,done,9,mpc_central,mpc_agent
1289,done,9,mpc_central,mpc_agent_adaptive
1290,done,9,dmpc_admm,mpc_agent
1291,toBeDone,9,dmpc_admm,mpc_agent_adaptive
1428,done,9,mpc_central,mpc_agent
1429,done,9,mpc_central,mpc_agent_adaptive
1430,done,9,dmpc_admm,mpc_agent
1431,toBeDone,9,dmpc_admm,mpc_agent_adaptive
1568,done,9,mpc_central,mpc_agent
1569,done,9,mpc_central,mpc_agent_adaptive
1570,done,9,dmpc_admm,mpc_agent
1571,toBeDone,9,dmpc_admm,mpc_agent_adaptive
1708,done,9,mpc_central,mpc_agent
1709,done,9,mpc_central,mpc_agent_adaptive
1710,done,9,dmpc_admm,mpc_agent
1711,toBeDone,9,dmpc_admm,mpc_agent_adaptive
1848,done,9,mpc_central,mpc_agent
1849,done,9,mpc_central,mpc_agent_adaptive
1850,done,9,dmpc_admm,mpc_agent
1851,toBeDone,9,dmpc_admm,mpc_agent_adaptive
1988,done,9,mpc_central,mpc_agent
1989,done,9,mpc_central,mpc_agent_adaptive
1990,done,9,dmpc_admm,mpc_agent
1991,toBeDone,9,dmpc_admm,mpc_agent_adaptive
2128,done,9,mpc_central,mpc_agent
2129,done,9,mpc_central,mpc_agent_adaptive
2130,done,9,dmpc_admm,mpc_agent
2131,toBeDone,9,dmpc_admm,mpc_agent_adaptive
2268,done,9,mpc_central,mpc_agent
2269,done,9,mpc_central,mpc_agent_adaptive
2270,done,9,dmpc_admm,mpc_agent
2271,toBeDone,9,dmpc_admm,mpc_agent_adaptive
2408,done,9,mpc_central,mpc_agent
2409,done,9,mpc_central,mpc_agent_adaptive
2410,done,9,dmpc_admm,mpc_agent
2411,toBeDone,9,dmpc_admm,mpc_agent_adaptive
2548,done,9,mpc_central,mpc_agent
2549,done,9,mpc_central,mpc_agent_adaptive
2550,done,9,dmpc_admm,mpc_agent
2551,toBeDone,9,dmpc_admm,mpc_agent_adaptive
2688,done,9,mpc_central,mpc_agent
2689,done,9,mpc_central,mpc_agent_adaptive
2690,done,9,dmpc_admm,mpc_agent
2691,toBeDone,9,dmpc_admm,mpc_agent_adaptive
32,done,10,mpc_central,mpc_agent
33,done,10,mpc_central,mpc_agent_adaptive
34,done,10,dmpc_admm,mpc_agent
35,toBeDone,10,dmpc_admm,mpc_agent_adaptive
172,done,10,mpc_central,mpc_agent
173,done,10,mpc_central,mpc_agent_adaptive
174,done,10,dmpc_admm,mpc_agent
175,toBeDone,10,dmpc_admm,mpc_agent_adaptive
312,done,10,mpc_central,mpc_agent
313,done,10,mpc_central,mpc_agent_adaptive
314,done,10,dmpc_admm,mpc_agent
315,toBeDone,10,dmpc_admm,mpc_agent_adaptive
452,done,10,mpc_central,mpc_agent
453,done,10,mpc_central,mpc_agent_adaptive
454,done,10,dmpc_admm,mpc_agent
455,toBeDone,10,dmpc_admm,mpc_agent_adaptive
592,done,10,mpc_central,mpc_agent
593,done,10,mpc_central,mpc_agent_adaptive
594,done,10,dmpc_admm,mpc_agent
595,toBeDone,10,dmpc_admm,mpc_agent_adaptive
732,done,10,mpc_central,mpc_agent
733,done,10,mpc_central,mpc_agent_adaptive
734,done,10,dmpc_admm,mpc_agent
735,toBeDone,10,dmpc_admm,mpc_agent_adaptive
872,done,10,mpc_central,mpc_agent
873,done,10,mpc_central,mpc_agent_adaptive
874,done,10,dmpc_admm,mpc_agent
875,toBeDone,10,dmpc_admm,mpc_agent_adaptive
1012,done,10,mpc_central,mpc_agent
1013,done,10,mpc_central,mpc_agent_adaptive
1014,done,10,dmpc_admm,mpc_agent
1015,toBeDone,10,dmpc_admm,mpc_agent_adaptive
1152,done,10,mpc_central,mpc_agent
1153,done,10,mpc_central,mpc_agent_adaptive
1154,done,10,dmpc_admm,mpc_agent
1155,toBeDone,10,dmpc_admm,mpc_agent_adaptive
1292,done,10,mpc_central,mpc_agent
1293,done,10,mpc_central,mpc_agent_adaptive
1294,done,10,dmpc_admm,mpc_agent
1295,toBeDone,10,dmpc_admm,mpc_agent_adaptive
1432,done,10,mpc_central,mpc_agent
1433,done,10,mpc_central,mpc_agent_adaptive
1434,done,10,dmpc_admm,mpc_agent
1435,toBeDone,10,dmpc_admm,mpc_agent_adaptive
1572,done,10,mpc_central,mpc_agent
1573,done,10,mpc_central,mpc_agent_adaptive
1574,done,10,dmpc_admm,mpc_agent
1575,toBeDone,10,dmpc_admm,mpc_agent_adaptive
1712,done,10,mpc_central,mpc_agent
1713,done,10,mpc_central,mpc_agent_adaptive
1714,done,10,dmpc_admm,mpc_agent
1715,toBeDone,10,dmpc_admm,mpc_agent_adaptive
1852,done,10,mpc_central,mpc_agent
1853,done,10,mpc_central,mpc_agent_adaptive
1854,done,10,dmpc_admm,mpc_agent
1855,toBeDone,10,dmpc_admm,mpc_agent_adaptive
1992,done,10,mpc_central,mpc_agent
1993,done,10,mpc_central,mpc_agent_adaptive
1994,done,10,dmpc_admm,mpc_agent
1995,toBeDone,10,dmpc_admm,mpc_agent_adaptive
2132,done,10,mpc_central,mpc_agent
2133,done,10,mpc_central,mpc_agent_adaptive
2134,done,10,dmpc_admm,mpc_agent
2135,toBeDone,10,dmpc_admm,mpc_agent_adaptive
2272,done,10,mpc_central,mpc_agent
2273,done,10,mpc_central,mpc_agent_adaptive
2274,done,10,dmpc_admm,mpc_agent
2275,toBeDone,10,dmpc_admm,mpc_agent_adaptive
2412,done,10,mpc_central,mpc_agent
2413,done,10,mpc_central,mpc_agent_adaptive
2414,done,10,dmpc_admm,mpc_agent
2415,toBeDone,10,dmpc_admm,mpc_agent_adaptive
2552,done,10,mpc_central,mpc_agent
2553,done,10,mpc_central,mpc_agent_adaptive
2554,done,10,dmpc_admm,mpc_agent
2555,toBeDone,10,dmpc_admm,mpc_agent_adaptive
2692,done,10,mpc_central,mpc_agent
2693,done,10,mpc_central,mpc_agent_adaptive
2694,done,10,dmpc_admm,mpc_agent
2695,toBeDone,10,dmpc_admm,mpc_agent_adaptive
36,done,11,mpc_central,mpc_agent
37,toBeDone,11,mpc_central,mpc_agent_adaptive
38,done,11,dmpc_admm,mpc_agent
39,toBeDone,11,dmpc_admm,mpc_agent_adaptive
176,done,11,mpc_central,mpc_agent
177,toBeDone,11,mpc_central,mpc_agent_adaptive
178,done,11,dmpc_admm,mpc_agent
179,toBeDone,11,dmpc_admm,mpc_agent_adaptive
316,done,11,mpc_central,mpc_agent
317,toBeDone,11,mpc_central,mpc_agent_adaptive
318,done,11,dmpc_admm,mpc_agent
319,toBeDone,11,dmpc_admm,mpc_agent_adaptive
456,done,11,mpc_central,mpc_agent
457,toBeDone,11,mpc_central,mpc_agent_adaptive
458,done,11,dmpc_admm,mpc_agent
459,toBeDone,11,dmpc_admm,mpc_agent_adaptive
596,done,11,mpc_central,mpc_agent
597,toBeDone,11,mpc_central,mpc_agent_adaptive
598,done,11,dmpc_admm,mpc_agent
599,toBeDone,11,dmpc_admm,mpc_agent_adaptive
736,done,11,mpc_central,mpc_agent
737,toBeDone,11,mpc_central,mpc_agent_adaptive
738,done,11,dmpc_admm,mpc_agent
739,toBeDone,11,dmpc_admm,mpc_agent_adaptive
876,done,11,mpc_central,mpc_agent
877,toBeDone,11,mpc_central,mpc_agent_adaptive
878,done,11,dmpc_admm,mpc_agent
879,toBeDone,11,dmpc_admm,mpc_agent_adaptive
1016,done,11,mpc_central,mpc_agent
1017,toBeDone,11,mpc_central,mpc_agent_adaptive
1018,done,11,dmpc_admm,mpc_agent
1019,toBeDone,11,dmpc_admm,mpc_agent_adaptive
1156,done,11,mpc_central,mpc_agent
1157,toBeDone,11,mpc_central,mpc_agent_adaptive
1158,done,11,dmpc_admm,mpc_agent
1159,toBeDone,11,dmpc_admm,mpc_agent_adaptive
1296,done,11,mpc_central,mpc_agent
1297,toBeDone,11,mpc_central,mpc_agent_adaptive
1298,done,11,dmpc_admm,mpc_agent
1299,toBeDone,11,dmpc_admm,mpc_agent_adaptive
1436,done,11,mpc_central,mpc_agent
1437,toBeDone,11,mpc_central,mpc_agent_adaptive
1438,done,11,dmpc_admm,mpc_agent
1439,toBeDone,11,dmpc_admm,mpc_agent_adaptive
1576,done,11,mpc_central,mpc_agent
1577,toBeDone,11,mpc_central,mpc_agent_adaptive
1578,done,11,dmpc_admm,mpc_agent
1579,toBeDone,11,dmpc_admm,mpc_agent_adaptive
1716,done,11,mpc_central,mpc_agent
1717,toBeDone,11,mpc_central,mpc_agent_adaptive
1718,done,11,dmpc_admm,mpc_agent
1719,toBeDone,11,dmpc_admm,mpc_agent_adaptive
1856,done,11,mpc_central,mpc_agent
1857,toBeDone,11,mpc_central,mpc_agent_adaptive
1858,done,11,dmpc_admm,mpc_agent
1859,toBeDone,11,dmpc_admm,mpc_agent_adaptive
1996,done,11,mpc_central,mpc_agent
1997,toBeDone,11,mpc_central,mpc_agent_adaptive
1998,done,11,dmpc_admm,mpc_agent
1999,toBeDone,11,dmpc_admm,mpc_agent_adaptive
2136,done,11,mpc_central,mpc_agent
2137,toBeDone,11,mpc_central,mpc_agent_adaptive
2138,done,11,dmpc_admm,mpc_agent
2139,toBeDone,11,dmpc_admm,mpc_agent_adaptive
2276,done,11,mpc_central,mpc_agent
2277,toBeDone,11,mpc_central,mpc_agent_adaptive
2278,done,11,dmpc_admm,mpc_agent
2279,toBeDone,11,dmpc_admm,mpc_agent_adaptive
2416,done,11,mpc_central,mpc_agent
2417,toBeDone,11,mpc_central,mpc_agent_adaptive
2418,done,11,dmpc_admm,mpc_agent
2419,toBeDone,11,dmpc_admm,mpc_agent_adaptive
2556,done,11,mpc_central,mpc_agent
2557,toBeDone,11,mpc_central,mpc_agent_adaptive
2558,done,11,dmpc_admm,mpc_agent
2559,toBeDone,11,dmpc_admm,mpc_agent_adaptive
2696,done,11,mpc_central,mpc_agent
2697,toBeDone,11,mpc_central,mpc_agent_adaptive
2698,done,11,dmpc_admm,mpc_agent
2699,toBeDone,11,dmpc_admm,mpc_agent_adaptive
40,done,12,mpc_central,mpc_agent
41,toBeDone,12,mpc_central,mpc_agent_adaptive
42,done,12,dmpc_admm,mpc_agent
43,toBeDone,12,dmpc_admm,mpc_agent_adaptive
180,done,12,mpc_central,mpc_agent
181,toBeDone,12,mpc_central,mpc_agent_adaptive
182,done,12,dmpc_admm,mpc_agent
183,toBeDone,12,dmpc_admm,mpc_agent_adaptive
320,done,12,mpc_central,mpc_agent
321,toBeDone,12,mpc_central,mpc_agent_adaptive
322,done,12,dmpc_admm,mpc_agent
323,toBeDone,12,dmpc_admm,mpc_agent_adaptive
460,done,12,mpc_central,mpc_agent
461,toBeDone,12,mpc_central,mpc_agent_adaptive
462,done,12,dmpc_admm,mpc_agent
463,toBeDone,12,dmpc_admm,mpc_agent_adaptive
600,done,12,mpc_central,mpc_agent
601,toBeDone,12,mpc_central,mpc_agent_adaptive
602,done,12,dmpc_admm,mpc_agent
603,toBeDone,12,dmpc_admm,mpc_agent_adaptive
740,done,12,mpc_central,mpc_agent
741,toBeDone,12,mpc_central,mpc_agent_adaptive
742,done,12,dmpc_admm,mpc_agent
743,toBeDone,12,dmpc_admm,mpc_agent_adaptive
880,done,12,mpc_central,mpc_agent
881,toBeDone,12,mpc_central,mpc_agent_adaptive
882,done,12,dmpc_admm,mpc_agent
883,toBeDone,12,dmpc_admm,mpc_agent_adaptive
1020,done,12,mpc_central,mpc_agent
1021,toBeDone,12,mpc_central,mpc_agent_adaptive
1022,done,12,dmpc_admm,mpc_agent
1023,toBeDone,12,dmpc_admm,mpc_agent_adaptive
1160,done,12,mpc_central,mpc_agent
1161,toBeDone,12,mpc_central,mpc_agent_adaptive
1162,done,12,dmpc_admm,mpc_agent
1163,toBeDone,12,dmpc_admm,mpc_agent_adaptive
1300,done,12,mpc_central,mpc_agent
1301,toBeDone,12,mpc_central,mpc_agent_adaptive
1302,done,12,dmpc_admm,mpc_agent
1303,toBeDone,12,dmpc_admm,mpc_agent_adaptive
1440,done,12,mpc_central,mpc_agent
1441,toBeDone,12,mpc_central,mpc_agent_adaptive
1442,done,12,dmpc_admm,mpc_agent
1443,toBeDone,12,dmpc_admm,mpc_agent_adaptive
1580,done,12,mpc_central,mpc_agent
1581,toBeDone,12,mpc_central,mpc_agent_adaptive
1582,done,12,dmpc_admm,mpc_agent
1583,toBeDone,12,dmpc_admm,mpc_agent_adaptive
1720,done,12,mpc_central,mpc_agent
1721,toBeDone,12,mpc_central,mpc_agent_adaptive
1722,done,12,dmpc_admm,mpc_agent
1723,toBeDone,12,dmpc_admm,mpc_agent_adaptive
1860,done,12,mpc_central,mpc_agent
1861,toBeDone,12,mpc_central,mpc_agent_adaptive
1862,done,12,dmpc_admm,mpc_agent
1863,toBeDone,12,dmpc_admm,mpc_agent_adaptive
2000,done,12,mpc_central,mpc_agent
2001,toBeDone,12,mpc_central,mpc_agent_adaptive
2002,done,12,dmpc_admm,mpc_agent
2003,toBeDone,12,dmpc_admm,mpc_agent_adaptive
2140,done,12,mpc_central,mpc_agent
2141,toBeDone,12,mpc_central,mpc_agent_adaptive
2142,done,12,dmpc_admm,mpc_agent
2143,toBeDone,12,dmpc_admm,mpc_agent_adaptive
2280,done,12,mpc_central,mpc_agent
2281,toBeDone,12,mpc_central,mpc_agent_adaptive
2282,done,12,dmpc_admm,mpc_agent
2283,toBeDone,12,dmpc_admm,mpc_agent_adaptive
2420,done,12,mpc_central,mpc_agent
2421,toBeDone,12,mpc_central,mpc_agent_adaptive
2422,done,12,dmpc_admm,mpc_agent
2423,toBeDone,12,dmpc_admm,mpc_agent_adaptive
2560,done,12,mpc_central,mpc_agent
2561,toBeDone,12,mpc_central,mpc_agent_adaptive
2562,done,12,dmpc_admm,mpc_agent
2563,toBeDone,12,dmpc_admm,mpc_agent_adaptive
2700,done,12,mpc_central,mpc_agent
2701,toBeDone,12,mpc_central,mpc_agent_adaptive
2702,done,12,dmpc_admm,mpc_agent
2703,toBeDone,12,dmpc_admm,mpc_agent_adaptive
44,done,13,mpc_central,mpc_agent
45,toBeDone,13,mpc_central,mpc_agent_adaptive
46,done,13,dmpc_admm,mpc_agent
47,toBeDone,13,dmpc_admm,mpc_agent_adaptive
184,done,13,mpc_central,mpc_agent
185,toBeDone,13,mpc_central,mpc_agent_adaptive
186,done,13,dmpc_admm,mpc_agent
187,toBeDone,13,dmpc_admm,mpc_agent_adaptive
324,done,13,mpc_central,mpc_agent
325,toBeDone,13,mpc_central,mpc_agent_adaptive
326,done,13,dmpc_admm,mpc_agent
327,toBeDone,13,dmpc_admm,mpc_agent_adaptive
464,done,13,mpc_central,mpc_agent
465,toBeDone,13,mpc_central,mpc_agent_adaptive
466,done,13,dmpc_admm,mpc_agent
467,toBeDone,13,dmpc_admm,mpc_agent_adaptive
604,done,13,mpc_central,mpc_agent
605,toBeDone,13,mpc_central,mpc_agent_adaptive
606,done,13,dmpc_admm,mpc_agent
607,toBeDone,13,dmpc_admm,mpc_agent_adaptive
744,done,13,mpc_central,mpc_agent
745,toBeDone,13,mpc_central,mpc_agent_adaptive
746,done,13,dmpc_admm,mpc_agent
747,toBeDone,13,dmpc_admm,mpc_agent_adaptive
884,done,13,mpc_central,mpc_agent
885,toBeDone,13,mpc_central,mpc_agent_adaptive
886,done,13,dmpc_admm,mpc_agent
887,toBeDone,13,dmpc_admm,mpc_agent_adaptive
1024,done,13,mpc_central,mpc_agent
1025,toBeDone,13,mpc_central,mpc_agent_adaptive
1026,done,13,dmpc_admm,mpc_agent
1027,toBeDone,13,dmpc_admm,mpc_agent_adaptive
1164,done,13,mpc_central,mpc_agent
1165,toBeDone,13,mpc_central,mpc_agent_adaptive
1166,done,13,dmpc_admm,mpc_agent
1167,toBeDone,13,dmpc_admm,mpc_agent_adaptive
1304,done,13,mpc_central,mpc_agent
1305,toBeDone,13,mpc_central,mpc_agent_adaptive
1306,done,13,dmpc_admm,mpc_agent
1307,toBeDone,13,dmpc_admm,mpc_agent_adaptive
1444,done,13,mpc_central,mpc_agent
1445,toBeDone,13,mpc_central,mpc_agent_adaptive
1446,done,13,dmpc_admm,mpc_agent
1447,toBeDone,13,dmpc_admm,mpc_agent_adaptive
1584,done,13,mpc_central,mpc_agent
1585,toBeDone,13,mpc_central,mpc_agent_adaptive
1586,done,13,dmpc_admm,mpc_agent
1587,toBeDone,13,dmpc_admm,mpc_agent_adaptive
1724,done,13,mpc_central,mpc_agent
1725,toBeDone,13,mpc_central,mpc_agent_adaptive
1726,done,13,dmpc_admm,mpc_agent
1727,toBeDone,13,dmpc_admm,mpc_agent_adaptive
1864,done,13,mpc_central,mpc_agent
1865,toBeDone,13,mpc_central,mpc_agent_adaptive
1866,done,13,dmpc_admm,mpc_agent
1867,toBeDone,13,dmpc_admm,mpc_agent_adaptive
2004,done,13,mpc_central,mpc_agent
2005,toBeDone,13,mpc_central,mpc_agent_adaptive
2006,done,13,dmpc_admm,mpc_agent
2007,toBeDone,13,dmpc_admm,mpc_agent_adaptive
2144,done,13,mpc_central,mpc_agent
2145,toBeDone,13,mpc_central,mpc_agent_adaptive
2146,done,13,dmpc_admm,mpc_agent
2147,toBeDone,13,dmpc_admm,mpc_agent_adaptive
2284,done,13,mpc_central,mpc_agent
2285,toBeDone,13,mpc_central,mpc_agent_adaptive
2286,done,13,dmpc_admm,mpc_agent
2287,toBeDone,13,dmpc_admm,mpc_agent_adaptive
2424,done,13,mpc_central,mpc_agent
2425,toBeDone,13,mpc_central,mpc_agent_adaptive
2426,done,13,dmpc_admm,mpc_agent
2427,toBeDone,13,dmpc_admm,mpc_agent_adaptive
2564,done,13,mpc_central,mpc_agent
2565,toBeDone,13,mpc_central,mpc_agent_adaptive
2566,done,13,dmpc_admm,mpc_agent
2567,toBeDone,13,dmpc_admm,mpc_agent_adaptive
2704,done,13,mpc_central,mpc_agent
2705,toBeDone,13,mpc_central,mpc_agent_adaptive
2706,done,13,dmpc_admm,mpc_agent
2707,toBeDone,13,dmpc_admm,mpc_agent_adaptive
48,done,14,mpc_central,mpc_agent
49,toBeDone,14,mpc_central,mpc_agent_adaptive
50,done,14,dmpc_admm,mpc_agent
51,toBeDone,14,dmpc_admm,mpc_agent_adaptive
188,done,14,mpc_central,mpc_agent
189,toBeDone,14,mpc_central,mpc_agent_adaptive
190,done,14,dmpc_admm,mpc_agent
191,toBeDone,14,dmpc_admm,mpc_agent_adaptive
328,done,14,mpc_central,mpc_agent
329,toBeDone,14,mpc_central,mpc_agent_adaptive
330,done,14,dmpc_admm,mpc_agent
331,toBeDone,14,dmpc_admm,mpc_agent_adaptive
468,done,14,mpc_central,mpc_agent
469,toBeDone,14,mpc_central,mpc_agent_adaptive
470,done,14,dmpc_admm,mpc_agent
471,toBeDone,14,dmpc_admm,mpc_agent_adaptive
608,done,14,mpc_central,mpc_agent
609,toBeDone,14,mpc_central,mpc_agent_adaptive
610,done,14,dmpc_admm,mpc_agent
611,toBeDone,14,dmpc_admm,mpc_agent_adaptive
748,done,14,mpc_central,mpc_agent
749,toBeDone,14,mpc_central,mpc_agent_adaptive
750,done,14,dmpc_admm,mpc_agent
751,toBeDone,14,dmpc_admm,mpc_agent_adaptive
888,done,14,mpc_central,mpc_agent
889,toBeDone,14,mpc_central,mpc_agent_adaptive
890,done,14,dmpc_admm,mpc_agent
891,toBeDone,14,dmpc_admm,mpc_agent_adaptive
1028,done,14,mpc_central,mpc_agent
1029,toBeDone,14,mpc_central,mpc_agent_adaptive
1030,done,14,dmpc_admm,mpc_agent
1031,toBeDone,14,dmpc_admm,mpc_agent_adaptive
1168,done,14,mpc_central,mpc_agent
1169,toBeDone,14,mpc_central,mpc_agent_adaptive
1170,done,14,dmpc_admm,mpc_agent
1171,toBeDone,14,dmpc_admm,mpc_agent_adaptive
1308,done,14,mpc_central,mpc_agent
1309,toBeDone,14,mpc_central,mpc_agent_adaptive
1310,done,14,dmpc_admm,mpc_agent
1311,toBeDone,14,dmpc_admm,mpc_agent_adaptive
1448,done,14,mpc_central,mpc_agent
1449,toBeDone,14,mpc_central,mpc_agent_adaptive
1450,done,14,dmpc_admm,mpc_agent
1451,toBeDone,14,dmpc_admm,mpc_agent_adaptive
1588,done,14,mpc_central,mpc_agent
1589,toBeDone,14,mpc_central,mpc_agent_adaptive
1590,done,14,dmpc_admm,mpc_agent
1591,toBeDone,14,dmpc_admm,mpc_agent_adaptive
1728,done,14,mpc_central,mpc_agent
1729,toBeDone,14,mpc_central,mpc_agent_adaptive
1730,done,14,dmpc_admm,mpc_agent
1731,toBeDone,14,dmpc_admm,mpc_agent_adaptive
1868,done,14,mpc_central,mpc_agent
1869,toBeDone,14,mpc_central,mpc_agent_adaptive
1870,done,14,dmpc_admm,mpc_agent
1871,toBeDone,14,dmpc_admm,mpc_agent_adaptive
2008,done,14,mpc_central,mpc_agent
2009,toBeDone,14,mpc_central,mpc_agent_adaptive
2010,done,14,dmpc_admm,mpc_agent
2011,toBeDone,14,dmpc_admm,mpc_agent_adaptive
2148,done,14,mpc_central,mpc_agent
2149,toBeDone,14,mpc_central,mpc_agent_adaptive
2150,done,14,dmpc_admm,mpc_agent
2151,toBeDone,14,dmpc_admm,mpc_agent_adaptive
2288,done,14,mpc_central,mpc_agent
2289,toBeDone,14,mpc_central,mpc_agent_adaptive
2290,done,14,dmpc_admm,mpc_agent
2291,toBeDone,14,dmpc_admm,mpc_agent_adaptive
2428,done,14,mpc_central,mpc_agent
2429,toBeDone,14,mpc_central,mpc_agent_adaptive
2430,done,14,dmpc_admm,mpc_agent
2431,toBeDone,14,dmpc_admm,mpc_agent_adaptive
2568,done,14,mpc_central,mpc_agent
2569,toBeDone,14,mpc_central,mpc_agent_adaptive
2570,done,14,dmpc_admm,mpc_agent
2571,toBeDone,14,dmpc_admm,mpc_agent_adaptive
2708,done,14,mpc_central,mpc_agent
2709,toBeDone,14,mpc_central,mpc_agent_adaptive
2710,done,14,dmpc_admm,mpc_agent
2711,toBeDone,14,dmpc_admm,mpc_agent_adaptive
52,done,15,mpc_central,mpc_agent
53,toBeDone,15,mpc_central,mpc_agent_adaptive
54,done,15,dmpc_admm,mpc_agent
55,toBeDone,15,dmpc_admm,mpc_agent_adaptive
192,done,15,mpc_central,mpc_agent
193,toBeDone,15,mpc_central,mpc_agent_adaptive
194,done,15,dmpc_admm,mpc_agent
195,toBeDone,15,dmpc_admm,mpc_agent_adaptive
332,done,15,mpc_central,mpc_agent
333,toBeDone,15,mpc_central,mpc_agent_adaptive
334,done,15,dmpc_admm,mpc_agent
335,toBeDone,15,dmpc_admm,mpc_agent_adaptive
472,done,15,mpc_central,mpc_agent
473,toBeDone,15,mpc_central,mpc_agent_adaptive
474,done,15,dmpc_admm,mpc_agent
475,toBeDone,15,dmpc_admm,mpc_agent_adaptive
612,done,15,mpc_central,mpc_agent
613,toBeDone,15,mpc_central,mpc_agent_adaptive
614,done,15,dmpc_admm,mpc_agent
615,toBeDone,15,dmpc_admm,mpc_agent_adaptive
752,done,15,mpc_central,mpc_agent
753,toBeDone,15,mpc_central,mpc_agent_adaptive
754,done,15,dmpc_admm,mpc_agent
755,toBeDone,15,dmpc_admm,mpc_agent_adaptive
892,done,15,mpc_central,mpc_agent
893,toBeDone,15,mpc_central,mpc_agent_adaptive
894,done,15,dmpc_admm,mpc_agent
895,toBeDone,15,dmpc_admm,mpc_agent_adaptive
1032,done,15,mpc_central,mpc_agent
1033,toBeDone,15,mpc_central,mpc_agent_adaptive
1034,done,15,dmpc_admm,mpc_agent
1035,toBeDone,15,dmpc_admm,mpc_agent_adaptive
1172,done,15,mpc_central,mpc_agent
1173,toBeDone,15,mpc_central,mpc_agent_adaptive
1174,done,15,dmpc_admm,mpc_agent
1175,toBeDone,15,dmpc_admm,mpc_agent_adaptive
1312,done,15,mpc_central,mpc_agent
1313,toBeDone,15,mpc_central,mpc_agent_adaptive
1314,done,15,dmpc_admm,mpc_agent
1315,toBeDone,15,dmpc_admm,mpc_agent_adaptive
1452,done,15,mpc_central,mpc_agent
1453,toBeDone,15,mpc_central,mpc_agent_adaptive
1454,done,15,dmpc_admm,mpc_agent
1455,toBeDone,15,dmpc_admm,mpc_agent_adaptive
1592,done,15,mpc_central,mpc_agent
1593,toBeDone,15,mpc_central,mpc_agent_adaptive
1594,done,15,dmpc_admm,mpc_agent
1595,toBeDone,15,dmpc_admm,mpc_agent_adaptive
1732,done,15,mpc_central,mpc_agent
1733,toBeDone,15,mpc_central,mpc_agent_adaptive
1734,done,15,dmpc_admm,mpc_agent
1735,toBeDone,15,dmpc_admm,mpc_agent_adaptive
1872,done,15,mpc_central,mpc_agent
1873,toBeDone,15,mpc_central,mpc_agent_adaptive
1874,done,15,dmpc_admm,mpc_agent
1875,toBeDone,15,dmpc_admm,mpc_agent_adaptive
2012,done,15,mpc_central,mpc_agent
2013,toBeDone,15,mpc_central,mpc_agent_adaptive
2014,done,15,dmpc_admm,mpc_agent
2015,toBeDone,15,dmpc_admm,mpc_agent_adaptive
2152,done,15,mpc_central,mpc_agent
2153,toBeDone,15,mpc_central,mpc_agent_adaptive
2154,done,15,dmpc_admm,mpc_agent
2155,toBeDone,15,dmpc_admm,mpc_agent_adaptive
2292,done,15,mpc_central,mpc_agent
2293,toBeDone,15,mpc_central,mpc_agent_adaptive
2294,done,15,dmpc_admm,mpc_agent
2295,toBeDone,15,dmpc_admm,mpc_agent_adaptive
2432,done,15,mpc_central,mpc_agent
2433,toBeDone,15,mpc_central,mpc_agent_adaptive
2434,done,15,dmpc_admm,mpc_agent
2435,toBeDone,15,dmpc_admm,mpc_agent_adaptive
2572,done,15,mpc_central,mpc_agent
2573,toBeDone,15,mpc_central,mpc_agent_adaptive
2574,done,15,dmpc_admm,mpc_agent
2575,toBeDone,15,dmpc_admm,mpc_agent_adaptive
2712,done,15,mpc_central,mpc_agent
2713,toBeDone,15,mpc_central,mpc_agent_adaptive
2714,done,15,dmpc_admm,mpc_agent
2715,toBeDone,15,dmpc_admm,mpc_agent_adaptive
56,done,16,mpc_central,mpc_agent
57,toBeDone,16,mpc_central,mpc_agent_adaptive
58,done,16,dmpc_admm,mpc_agent
59,toBeDone,16,dmpc_admm,mpc_agent_adaptive
196,done,16,mpc_central,mpc_agent
197,toBeDone,16,mpc_central,mpc_agent_adaptive
198,done,16,dmpc_admm,mpc_agent
199,toBeDone,16,dmpc_admm,mpc_agent_adaptive
336,done,16,mpc_central,mpc_agent
337,toBeDone,16,mpc_central,mpc_agent_adaptive
338,done,16,dmpc_admm,mpc_agent
339,toBeDone,16,dmpc_admm,mpc_agent_adaptive
476,done,16,mpc_central,mpc_agent
477,toBeDone,16,mpc_central,mpc_agent_adaptive
478,done,16,dmpc_admm,mpc_agent
479,toBeDone,16,dmpc_admm,mpc_agent_adaptive
616,done,16,mpc_central,mpc_agent
617,toBeDone,16,mpc_central,mpc_agent_adaptive
618,done,16,dmpc_admm,mpc_agent
619,toBeDone,16,dmpc_admm,mpc_agent_adaptive
756,done,16,mpc_central,mpc_agent
757,toBeDone,16,mpc_central,mpc_agent_adaptive
758,done,16,dmpc_admm,mpc_agent
759,toBeDone,16,dmpc_admm,mpc_agent_adaptive
896,done,16,mpc_central,mpc_agent
897,toBeDone,16,mpc_central,mpc_agent_adaptive
898,done,16,dmpc_admm,mpc_agent
899,toBeDone,16,dmpc_admm,mpc_agent_adaptive
1036,done,16,mpc_central,mpc_agent
1037,toBeDone,16,mpc_central,mpc_agent_adaptive
1038,done,16,dmpc_admm,mpc_agent
1039,toBeDone,16,dmpc_admm,mpc_agent_adaptive
1176,done,16,mpc_central,mpc_agent
1177,toBeDone,16,mpc_central,mpc_agent_adaptive
1178,done,16,dmpc_admm,mpc_agent
1179,toBeDone,16,dmpc_admm,mpc_agent_adaptive
1316,done,16,mpc_central,mpc_agent
1317,toBeDone,16,mpc_central,mpc_agent_adaptive
1318,done,16,dmpc_admm,mpc_agent
1319,toBeDone,16,dmpc_admm,mpc_agent_adaptive
1456,done,16,mpc_central,mpc_agent
1457,toBeDone,16,mpc_central,mpc_agent_adaptive
1458,done,16,dmpc_admm,mpc_agent
1459,toBeDone,16,dmpc_admm,mpc_agent_adaptive
1596,done,16,mpc_central,mpc_agent
1597,toBeDone,16,mpc_central,mpc_agent_adaptive
1598,done,16,dmpc_admm,mpc_agent
1599,toBeDone,16,dmpc_admm,mpc_agent_adaptive
1736,done,16,mpc_central,mpc_agent
1737,toBeDone,16,mpc_central,mpc_agent_adaptive
1738,done,16,dmpc_admm,mpc_agent
1739,toBeDone,16,dmpc_admm,mpc_agent_adaptive
1876,done,16,mpc_central,mpc_agent
1877,toBeDone,16,mpc_central,mpc_agent_adaptive
1878,done,16,dmpc_admm,mpc_agent
1879,toBeDone,16,dmpc_admm,mpc_agent_adaptive
2016,done,16,mpc_central,mpc_agent
2017,toBeDone,16,mpc_central,mpc_agent_adaptive
2018,done,16,dmpc_admm,mpc_agent
2019,toBeDone,16,dmpc_admm,mpc_agent_adaptive
2156,done,16,mpc_central,mpc_agent
2157,toBeDone,16,mpc_central,mpc_agent_adaptive
2158,done,16,dmpc_admm,mpc_agent
2159,toBeDone,16,dmpc_admm,mpc_agent_adaptive
2296,done,16,mpc_central,mpc_agent
2297,toBeDone,16,mpc_central,mpc_agent_adaptive
2298,done,16,dmpc_admm,mpc_agent
2299,toBeDone,16,dmpc_admm,mpc_agent_adaptive
2436,done,16,mpc_central,mpc_agent
2437,toBeDone,16,mpc_central,mpc_agent_adaptive
2438,done,16,dmpc_admm,mpc_agent
2439,toBeDone,16,dmpc_admm,mpc_agent_adaptive
2576,done,16,mpc_central,mpc_agent
2577,toBeDone,16,mpc_central,mpc_agent_adaptive
2578,done,16,dmpc_admm,mpc_agent
2579,toBeDone,16,dmpc_admm,mpc_agent_adaptive
2716,done,16,mpc_central,mpc_agent
2717,toBeDone,16,mpc_central,mpc_agent_adaptive
2718,done,16,dmpc_admm,mpc_agent
2719,toBeDone,16,dmpc_admm,mpc_agent_adaptive
60,done,17,mpc_central,mpc_agent
61,toBeDone,17,mpc_central,mpc_agent_adaptive
62,done,17,dmpc_admm,mpc_agent
63,toBeDone,17,dmpc_admm,mpc_agent_adaptive
200,done,17,mpc_central,mpc_agent
201,toBeDone,17,mpc_central,mpc_agent_adaptive
202,done,17,dmpc_admm,mpc_agent
203,toBeDone,17,dmpc_admm,mpc_agent_adaptive
340,done,17,mpc_central,mpc_agent
341,toBeDone,17,mpc_central,mpc_agent_adaptive
342,done,17,dmpc_admm,mpc_agent
343,toBeDone,17,dmpc_admm,mpc_agent_adaptive
480,done,17,mpc_central,mpc_agent
481,toBeDone,17,mpc_central,mpc_agent_adaptive
482,done,17,dmpc_admm,mpc_agent
483,toBeDone,17,dmpc_admm,mpc_agent_adaptive
620,done,17,mpc_central,mpc_agent
621,toBeDone,17,mpc_central,mpc_agent_adaptive
622,done,17,dmpc_admm,mpc_agent
623,toBeDone,17,dmpc_admm,mpc_agent_adaptive
760,done,17,mpc_central,mpc_agent
761,toBeDone,17,mpc_central,mpc_agent_adaptive
762,done,17,dmpc_admm,mpc_agent
763,toBeDone,17,dmpc_admm,mpc_agent_adaptive
900,done,17,mpc_central,mpc_agent
901,toBeDone,17,mpc_central,mpc_agent_adaptive
902,done,17,dmpc_admm,mpc_agent
903,toBeDone,17,dmpc_admm,mpc_agent_adaptive
1040,done,17,mpc_central,mpc_agent
1041,toBeDone,17,mpc_central,mpc_agent_adaptive
1042,done,17,dmpc_admm,mpc_agent
1043,toBeDone,17,dmpc_admm,mpc_agent_adaptive
1180,done,17,mpc_central,mpc_agent
1181,toBeDone,17,mpc_central,mpc_agent_adaptive
1182,done,17,dmpc_admm,mpc_agent
1183,toBeDone,17,dmpc_admm,mpc_agent_adaptive
1320,done,17,mpc_central,mpc_agent
1321,toBeDone,17,mpc_central,mpc_agent_adaptive
1322,done,17,dmpc_admm,mpc_agent
1323,toBeDone,17,dmpc_admm,mpc_agent_adaptive
1460,done,17,mpc_central,mpc_agent
1461,toBeDone,17,mpc_central,mpc_agent_adaptive
1462,done,17,dmpc_admm,mpc_agent
1463,toBeDone,17,dmpc_admm,mpc_agent_adaptive
1600,done,17,mpc_central,mpc_agent
1601,toBeDone,17,mpc_central,mpc_agent_adaptive
1602,done,17,dmpc_admm,mpc_agent
1603,toBeDone,17,dmpc_admm,mpc_agent_adaptive
1740,done,17,mpc_central,mpc_agent
1741,toBeDone,17,mpc_central,mpc_agent_adaptive
1742,done,17,dmpc_admm,mpc_agent
1743,toBeDone,17,dmpc_admm,mpc_agent_adaptive
1880,done,17,mpc_central,mpc_agent
1881,toBeDone,17,mpc_central,mpc_agent_adaptive
1882,done,17,dmpc_admm,mpc_agent
1883,toBeDone,17,dmpc_admm,mpc_agent_adaptive
2020,done,17,mpc_central,mpc_agent
2021,toBeDone,17,mpc_central,mpc_agent_adaptive
2022,done,17,dmpc_admm,mpc_agent
2023,toBeDone,17,dmpc_admm,mpc_agent_adaptive
2160,done,17,mpc_central,mpc_agent
2161,toBeDone,17,mpc_central,mpc_agent_adaptive
2162,done,17,dmpc_admm,mpc_agent
2163,toBeDone,17,dmpc_admm,mpc_agent_adaptive
2300,done,17,mpc_central,mpc_agent
2301,toBeDone,17,mpc_central,mpc_agent_adaptive
2302,done,17,dmpc_admm,mpc_agent
2303,toBeDone,17,dmpc_admm,mpc_agent_adaptive
2440,done,17,mpc_central,mpc_agent
2441,toBeDone,17,mpc_central,mpc_agent_adaptive
2442,done,17,dmpc_admm,mpc_agent
2443,toBeDone,17,dmpc_admm,mpc_agent_adaptive
2580,done,17,mpc_central,mpc_agent
2581,toBeDone,17,mpc_central,mpc_agent_adaptive
2582,done,17,dmpc_admm,mpc_agent
2583,toBeDone,17,dmpc_admm,mpc_agent_adaptive
2720,done,17,mpc_central,mpc_agent
2721,toBeDone,17,mpc_central,mpc_agent_adaptive
2722,done,17,dmpc_admm,mpc_agent
2723,toBeDone,17,dmpc_admm,mpc_agent_adaptive
64,done,18,mpc_central,mpc_agent
65,toBeDone,18,mpc_central,mpc_agent_adaptive
66,done,18,dmpc_admm,mpc_agent
67,toBeDone,18,dmpc_admm,mpc_agent_adaptive
204,done,18,mpc_central,mpc_agent
205,toBeDone,18,mpc_central,mpc_agent_adaptive
206,done,18,dmpc_admm,mpc_agent
207,toBeDone,18,dmpc_admm,mpc_agent_adaptive
344,done,18,mpc_central,mpc_agent
345,toBeDone,18,mpc_central,mpc_agent_adaptive
346,done,18,dmpc_admm,mpc_agent
347,toBeDone,18,dmpc_admm,mpc_agent_adaptive
484,done,18,mpc_central,mpc_agent
485,toBeDone,18,mpc_central,mpc_agent_adaptive
486,done,18,dmpc_admm,mpc_agent
487,toBeDone,18,dmpc_admm,mpc_agent_adaptive
624,done,18,mpc_central,mpc_agent
625,toBeDone,18,mpc_central,mpc_agent_adaptive
626,done,18,dmpc_admm,mpc_agent
627,toBeDone,18,dmpc_admm,mpc_agent_adaptive
764,done,18,mpc_central,mpc_agent
765,toBeDone,18,mpc_central,mpc_agent_adaptive
766,done,18,dmpc_admm,mpc_agent
767,toBeDone,18,dmpc_admm,mpc_agent_adaptive
904,done,18,mpc_central,mpc_agent
905,toBeDone,18,mpc_central,mpc_agent_adaptive
906,done,18,dmpc_admm,mpc_agent
907,toBeDone,18,dmpc_admm,mpc_agent_adaptive
1044,done,18,mpc_central,mpc_agent
1045,toBeDone,18,mpc_central,mpc_agent_adaptive
1046,done,18,dmpc_admm,mpc_agent
1047,toBeDone,18,dmpc_admm,mpc_agent_adaptive
1184,done,18,mpc_central,mpc_agent
1185,toBeDone,18,mpc_central,mpc_agent_adaptive
1186,done,18,dmpc_admm,mpc_agent
1187,toBeDone,18,dmpc_admm,mpc_agent_adaptive
1324,done,18,mpc_central,mpc_agent
1325,toBeDone,18,mpc_central,mpc_agent_adaptive
1326,done,18,dmpc_admm,mpc_agent
1327,toBeDone,18,dmpc_admm,mpc_agent_adaptive
1464,done,18,mpc_central,mpc_agent
1465,toBeDone,18,mpc_central,mpc_agent_adaptive
1466,done,18,dmpc_admm,mpc_agent
1467,toBeDone,18,dmpc_admm,mpc_agent_adaptive
1604,done,18,mpc_central,mpc_agent
1605,toBeDone,18,mpc_central,mpc_agent_adaptive
1606,done,18,dmpc_admm,mpc_agent
1607,toBeDone,18,dmpc_admm,mpc_agent_adaptive
1744,done,18,mpc_central,mpc_agent
1745,toBeDone,18,mpc_central,mpc_agent_adaptive
1746,done,18,dmpc_admm,mpc_agent
1747,toBeDone,18,dmpc_admm,mpc_agent_adaptive
1884,done,18,mpc_central,mpc_agent
1885,toBeDone,18,mpc_central,mpc_agent_adaptive
1886,done,18,dmpc_admm,mpc_agent
1887,toBeDone,18,dmpc_admm,mpc_agent_adaptive
2024,done,18,mpc_central,mpc_agent
2025,toBeDone,18,mpc_central,mpc_agent_adaptive
2026,done,18,dmpc_admm,mpc_agent
2027,toBeDone,18,dmpc_admm,mpc_agent_adaptive
2164,done,18,mpc_central,mpc_agent
2165,toBeDone,18,mpc_central,mpc_agent_adaptive
2166,done,18,dmpc_admm,mpc_agent
2167,toBeDone,18,dmpc_admm,mpc_agent_adaptive
2304,done,18,mpc_central,mpc_agent
2305,toBeDone,18,mpc_central,mpc_agent_adaptive
2306,done,18,dmpc_admm,mpc_agent
2307,toBeDone,18,dmpc_admm,mpc_agent_adaptive
2444,done,18,mpc_central,mpc_agent
2445,toBeDone,18,mpc_central,mpc_agent_adaptive
2446,done,18,dmpc_admm,mpc_agent
2447,toBeDone,18,dmpc_admm,mpc_agent_adaptive
2584,done,18,mpc_central,mpc_agent
2585,toBeDone,18,mpc_central,mpc_agent_adaptive
2586,done,18,dmpc_admm,mpc_agent
2587,toBeDone,18,dmpc_admm,mpc_agent_adaptive
2724,done,18,mpc_central,mpc_agent
2725,toBeDone,18,mpc_central,mpc_agent_adaptive
2726,done,18,dmpc_admm,mpc_agent
2727,toBeDone,18,dmpc_admm,mpc_agent_adaptive
68,done,19,mpc_central,mpc_agent
69,toBeDone,19,mpc_central,mpc_agent_adaptive
70,done,19,dmpc_admm,mpc_agent
71,toBeDone,19,dmpc_admm,mpc_agent_adaptive
208,done,19,mpc_central,mpc_agent
209,toBeDone,19,mpc_central,mpc_agent_adaptive
210,done,19,dmpc_admm,mpc_agent
211,toBeDone,19,dmpc_admm,mpc_agent_adaptive
348,done,19,mpc_central,mpc_agent
349,toBeDone,19,mpc_central,mpc_agent_adaptive
350,done,19,dmpc_admm,mpc_agent
351,toBeDone,19,dmpc_admm,mpc_agent_adaptive
488,done,19,mpc_central,mpc_agent
489,toBeDone,19,mpc_central,mpc_agent_adaptive
490,done,19,dmpc_admm,mpc_agent
491,toBeDone,19,dmpc_admm,mpc_agent_adaptive
628,done,19,mpc_central,mpc_agent
629,toBeDone,19,mpc_central,mpc_agent_adaptive
630,done,19,dmpc_admm,mpc_agent
631,toBeDone,19,dmpc_admm,mpc_agent_adaptive
768,done,19,mpc_central,mpc_agent
769,toBeDone,19,mpc_central,mpc_agent_adaptive
770,done,19,dmpc_admm,mpc_agent
771,toBeDone,19,dmpc_admm,mpc_agent_adaptive
908,done,19,mpc_central,mpc_agent
909,toBeDone,19,mpc_central,mpc_agent_adaptive
910,done,19,dmpc_admm,mpc_agent
911,toBeDone,19,dmpc_admm,mpc_agent_adaptive
1048,done,19,mpc_central,mpc_agent
1049,toBeDone,19,mpc_central,mpc_agent_adaptive
1050,done,19,dmpc_admm,mpc_agent
1051,toBeDone,19,dmpc_admm,mpc_agent_adaptive
1188,done,19,mpc_central,mpc_agent
1189,toBeDone,19,mpc_central,mpc_agent_adaptive
1190,done,19,dmpc_admm,mpc_agent
1191,toBeDone,19,dmpc_admm,mpc_agent_adaptive
1328,done,19,mpc_central,mpc_agent
1329,toBeDone,19,mpc_central,mpc_agent_adaptive
1330,done,19,dmpc_admm,mpc_agent
1331,toBeDone,19,dmpc_admm,mpc_agent_adaptive
1468,done,19,mpc_central,mpc_agent
1469,toBeDone,19,mpc_central,mpc_agent_adaptive
1470,done,19,dmpc_admm,mpc_agent
1471,toBeDone,19,dmpc_admm,mpc_agent_adaptive
1608,done,19,mpc_central,mpc_agent
1609,toBeDone,19,mpc_central,mpc_agent_adaptive
1610,done,19,dmpc_admm,mpc_agent
1611,toBeDone,19,dmpc_admm,mpc_agent_adaptive
1748,done,19,mpc_central,mpc_agent
1749,toBeDone,19,mpc_central,mpc_agent_adaptive
1750,done,19,dmpc_admm,mpc_agent
1751,toBeDone,19,dmpc_admm,mpc_agent_adaptive
1888,done,19,mpc_central,mpc_agent
1889,toBeDone,19,mpc_central,mpc_agent_adaptive
1890,done,19,dmpc_admm,mpc_agent
1891,toBeDone,19,dmpc_admm,mpc_agent_adaptive
2028,done,19,mpc_central,mpc_agent
2029,toBeDone,19,mpc_central,mpc_agent_adaptive
2030,done,19,dmpc_admm,mpc_agent
2031,toBeDone,19,dmpc_admm,mpc_agent_adaptive
2168,done,19,mpc_central,mpc_agent
2169,toBeDone,19,mpc_central,mpc_agent_adaptive
2170,done,19,dmpc_admm,mpc_agent
2171,toBeDone,19,dmpc_admm,mpc_agent_adaptive
2308,done,19,mpc_central,mpc_agent
2309,toBeDone,19,mpc_central,mpc_agent_adaptive
2310,done,19,dmpc_admm,mpc_agent
2311,toBeDone,19,dmpc_admm,mpc_agent_adaptive
2448,done,19,mpc_central,mpc_agent
2449,toBeDone,19,mpc_central,mpc_agent_adaptive
2450,done,19,dmpc_admm,mpc_agent
2451,toBeDone,19,dmpc_admm,mpc_agent_adaptive
2588,done,19,mpc_central,mpc_agent
2589,toBeDone,19,mpc_central,mpc_agent_adaptive
2590,done,19,dmpc_admm,mpc_agent
2591,toBeDone,19,dmpc_admm,mpc_agent_adaptive
2728,done,19,mpc_central,mpc_agent
2729,toBeDone,19,mpc_central,mpc_agent_adaptive
2730,done,19,dmpc_admm,mpc_agent
2731,toBeDone,19,dmpc_admm,mpc_agent_adaptive
72,done,20,mpc_central,mpc_agent
73,toBeDone,20,mpc_central,mpc_agent_adaptive
74,done,20,dmpc_admm,mpc_agent
75,toBeDone,20,dmpc_admm,mpc_agent_adaptive
212,done,20,mpc_central,mpc_agent
213,toBeDone,20,mpc_central,mpc_agent_adaptive
214,done,20,dmpc_admm,mpc_agent
215,toBeDone,20,dmpc_admm,mpc_agent_adaptive
352,done,20,mpc_central,mpc_agent
353,toBeDone,20,mpc_central,mpc_agent_adaptive
354,done,20,dmpc_admm,mpc_agent
355,toBeDone,20,dmpc_admm,mpc_agent_adaptive
492,done,20,mpc_central,mpc_agent
493,toBeDone,20,mpc_central,mpc_agent_adaptive
494,done,20,dmpc_admm,mpc_agent
495,toBeDone,20,dmpc_admm,mpc_agent_adaptive
632,done,20,mpc_central,mpc_agent
633,toBeDone,20,mpc_central,mpc_agent_adaptive
634,done,20,dmpc_admm,mpc_agent
635,toBeDone,20,dmpc_admm,mpc_agent_adaptive
772,done,20,mpc_central,mpc_agent
773,toBeDone,20,mpc_central,mpc_agent_adaptive
774,done,20,dmpc_admm,mpc_agent
775,toBeDone,20,dmpc_admm,mpc_agent_adaptive
912,done,20,mpc_central,mpc_agent
913,toBeDone,20,mpc_central,mpc_agent_adaptive
914,done,20,dmpc_admm,mpc_agent
915,toBeDone,20,dmpc_admm,mpc_agent_adaptive
1052,done,20,mpc_central,mpc_agent
1053,toBeDone,20,mpc_central,mpc_agent_adaptive
1054,done,20,dmpc_admm,mpc_agent
1055,toBeDone,20,dmpc_admm,mpc_agent_adaptive
1192,done,20,mpc_central,mpc_agent
1193,toBeDone,20,mpc_central,mpc_agent_adaptive
1194,done,20,dmpc_admm,mpc_agent
1195,toBeDone,20,dmpc_admm,mpc_agent_adaptive
1332,done,20,mpc_central,mpc_agent
1333,toBeDone,20,mpc_central,mpc_agent_adaptive
1334,done,20,dmpc_admm,mpc_agent
1335,toBeDone,20,dmpc_admm,mpc_agent_adaptive
1472,done,20,mpc_central,mpc_agent
1473,toBeDone,20,mpc_central,mpc_agent_adaptive
1474,done,20,dmpc_admm,mpc_agent
1475,toBeDone,20,dmpc_admm,mpc_agent_adaptive
1612,done,20,mpc_central,mpc_agent
1613,toBeDone,20,mpc_central,mpc_agent_adaptive
1614,done,20,dmpc_admm,mpc_agent
1615,toBeDone,20,dmpc_admm,mpc_agent_adaptive
1752,done,20,mpc_central,mpc_agent
1753,toBeDone,20,mpc_central,mpc_agent_adaptive
1754,done,20,dmpc_admm,mpc_agent
1755,toBeDone,20,dmpc_admm,mpc_agent_adaptive
1892,done,20,mpc_central,mpc_agent
1893,toBeDone,20,mpc_central,mpc_agent_adaptive
1894,done,20,dmpc_admm,mpc_agent
1895,toBeDone,20,dmpc_admm,mpc_agent_adaptive
2032,done,20,mpc_central,mpc_agent
2033,toBeDone,20,mpc_central,mpc_agent_adaptive
2034,done,20,dmpc_admm,mpc_agent
2035,toBeDone,20,dmpc_admm,mpc_agent_adaptive
2172,done,20,mpc_central,mpc_agent
2173,toBeDone,20,mpc_central,mpc_agent_adaptive
2174,done,20,dmpc_admm,mpc_agent
2175,toBeDone,20,dmpc_admm,mpc_agent_adaptive
2312,done,20,mpc_central,mpc_agent
2313,toBeDone,20,mpc_central,mpc_agent_adaptive
2314,done,20,dmpc_admm,mpc_agent
2315,toBeDone,20,dmpc_admm,mpc_agent_adaptive
2452,done,20,mpc_central,mpc_agent
2453,toBeDone,20,mpc_central,mpc_agent_adaptive
2454,done,20,dmpc_admm,mpc_agent
2455,toBeDone,20,dmpc_admm,mpc_agent_adaptive
2592,done,20,mpc_central,mpc_agent
2593,toBeDone,20,mpc_central,mpc_agent_adaptive
2594,done,20,dmpc_admm,mpc_agent
2595,toBeDone,20,dmpc_admm,mpc_agent_adaptive
2732,done,20,mpc_central,mpc_agent
2733,toBeDone,20,mpc_central,mpc_agent_adaptive
2734,done,20,dmpc_admm,mpc_agent
2735,toBeDone,20,dmpc_admm,mpc_agent_adaptive
76,done,21,mpc_central,mpc_agent
77,toBeDone,21,mpc_central,mpc_agent_adaptive
78,done,21,dmpc_admm,mpc_agent
79,toBeDone,21,dmpc_admm,mpc_agent_adaptive
216,done,21,mpc_central,mpc_agent
217,toBeDone,21,mpc_central,mpc_agent_adaptive
218,done,21,dmpc_admm,mpc_agent
219,toBeDone,21,dmpc_admm,mpc_agent_adaptive
356,done,21,mpc_central,mpc_agent
357,toBeDone,21,mpc_central,mpc_agent_adaptive
358,done,21,dmpc_admm,mpc_agent
359,toBeDone,21,dmpc_admm,mpc_agent_adaptive
496,done,21,mpc_central,mpc_agent
497,toBeDone,21,mpc_central,mpc_agent_adaptive
498,done,21,dmpc_admm,mpc_agent
499,toBeDone,21,dmpc_admm,mpc_agent_adaptive
636,done,21,mpc_central,mpc_agent
637,toBeDone,21,mpc_central,mpc_agent_adaptive
638,done,21,dmpc_admm,mpc_agent
639,toBeDone,21,dmpc_admm,mpc_agent_adaptive
776,done,21,mpc_central,mpc_agent
777,toBeDone,21,mpc_central,mpc_agent_adaptive
778,done,21,dmpc_admm,mpc_agent
779,toBeDone,21,dmpc_admm,mpc_agent_adaptive
916,done,21,mpc_central,mpc_agent
917,toBeDone,21,mpc_central,mpc_agent_adaptive
918,done,21,dmpc_admm,mpc_agent
919,toBeDone,21,dmpc_admm,mpc_agent_adaptive
1056,done,21,mpc_central,mpc_agent
1057,toBeDone,21,mpc_central,mpc_agent_adaptive
1058,done,21,dmpc_admm,mpc_agent
1059,toBeDone,21,dmpc_admm,mpc_agent_adaptive
1196,done,21,mpc_central,mpc_agent
1197,toBeDone,21,mpc_central,mpc_agent_adaptive
1198,done,21,dmpc_admm,mpc_agent
1199,toBeDone,21,dmpc_admm,mpc_agent_adaptive
1336,done,21,mpc_central,mpc_agent
1337,toBeDone,21,mpc_central,mpc_agent_adaptive
1338,done,21,dmpc_admm,mpc_agent
1339,toBeDone,21,dmpc_admm,mpc_agent_adaptive
1476,done,21,mpc_central,mpc_agent
1477,toBeDone,21,mpc_central,mpc_agent_adaptive
1478,done,21,dmpc_admm,mpc_agent
1479,toBeDone,21,dmpc_admm,mpc_agent_adaptive
1616,done,21,mpc_central,mpc_agent
1617,toBeDone,21,mpc_central,mpc_agent_adaptive
1618,done,21,dmpc_admm,mpc_agent
1619,toBeDone,21,dmpc_admm,mpc_agent_adaptive
1756,done,21,mpc_central,mpc_agent
1757,toBeDone,21,mpc_central,mpc_agent_adaptive
1758,done,21,dmpc_admm,mpc_agent
1759,toBeDone,21,dmpc_admm,mpc_agent_adaptive
1896,done,21,mpc_central,mpc_agent
1897,toBeDone,21,mpc_central,mpc_agent_adaptive
1898,done,21,dmpc_admm,mpc_agent
1899,toBeDone,21,dmpc_admm,mpc_agent_adaptive
2036,done,21,mpc_central,mpc_agent
2037,toBeDone,21,mpc_central,mpc_agent_adaptive
2038,done,21,dmpc_admm,mpc_agent
2039,toBeDone,21,dmpc_admm,mpc_agent_adaptive
2176,done,21,mpc_central,mpc_agent
2177,toBeDone,21,mpc_central,mpc_agent_adaptive
2178,done,21,dmpc_admm,mpc_agent
2179,toBeDone,21,dmpc_admm,mpc_agent_adaptive
2316,done,21,mpc_central,mpc_agent
2317,toBeDone,21,mpc_central,mpc_agent_adaptive
2318,done,21,dmpc_admm,mpc_agent
2319,toBeDone,21,dmpc_admm,mpc_agent_adaptive
2456,done,21,mpc_central,mpc_agent
2457,toBeDone,21,mpc_central,mpc_agent_adaptive
2458,done,21,dmpc_admm,mpc_agent
2459,toBeDone,21,dmpc_admm,mpc_agent_adaptive
2596,done,21,mpc_central,mpc_agent
2597,toBeDone,21,mpc_central,mpc_agent_adaptive
2598,done,21,dmpc_admm,mpc_agent
2599,toBeDone,21,dmpc_admm,mpc_agent_adaptive
2736,done,21,mpc_central,mpc_agent
2737,toBeDone,21,mpc_central,mpc_agent_adaptive
2738,done,21,dmpc_admm,mpc_agent
2739,toBeDone,21,dmpc_admm,mpc_agent_adaptive
80,done,22,mpc_central,mpc_agent
81,toBeDone,22,mpc_central,mpc_agent_adaptive
82,done,22,dmpc_admm,mpc_agent
83,toBeDone,22,dmpc_admm,mpc_agent_adaptive
220,done,22,mpc_central,mpc_agent
221,toBeDone,22,mpc_central,mpc_agent_adaptive
222,done,22,dmpc_admm,mpc_agent
223,toBeDone,22,dmpc_admm,mpc_agent_adaptive
360,done,22,mpc_central,mpc_agent
361,toBeDone,22,mpc_central,mpc_agent_adaptive
362,done,22,dmpc_admm,mpc_agent
363,toBeDone,22,dmpc_admm,mpc_agent_adaptive
500,done,22,mpc_central,mpc_agent
501,toBeDone,22,mpc_central,mpc_agent_adaptive
502,done,22,dmpc_admm,mpc_agent
503,toBeDone,22,dmpc_admm,mpc_agent_adaptive
640,done,22,mpc_central,mpc_agent
641,toBeDone,22,mpc_central,mpc_agent_adaptive
642,done,22,dmpc_admm,mpc_agent
643,toBeDone,22,dmpc_admm,mpc_agent_adaptive
780,done,22,mpc_central,mpc_agent
781,toBeDone,22,mpc_central,mpc_agent_adaptive
782,done,22,dmpc_admm,mpc_agent
783,toBeDone,22,dmpc_admm,mpc_agent_adaptive
920,done,22,mpc_central,mpc_agent
921,toBeDone,22,mpc_central,mpc_agent_adaptive
922,done,22,dmpc_admm,mpc_agent
923,toBeDone,22,dmpc_admm,mpc_agent_adaptive
1060,done,22,mpc_central,mpc_agent
1061,toBeDone,22,mpc_central,mpc_agent_adaptive
1062,done,22,dmpc_admm,mpc_agent
1063,toBeDone,22,dmpc_admm,mpc_agent_adaptive
1200,done,22,mpc_central,mpc_agent
1201,toBeDone,22,mpc_central,mpc_agent_adaptive
1202,done,22,dmpc_admm,mpc_agent
1203,toBeDone,22,dmpc_admm,mpc_agent_adaptive
1340,done,22,mpc_central,mpc_agent
1341,toBeDone,22,mpc_central,mpc_agent_adaptive
1342,done,22,dmpc_admm,mpc_agent
1343,toBeDone,22,dmpc_admm,mpc_agent_adaptive
1480,done,22,mpc_central,mpc_agent
1481,toBeDone,22,mpc_central,mpc_agent_adaptive
1482,done,22,dmpc_admm,mpc_agent
1483,toBeDone,22,dmpc_admm,mpc_agent_adaptive
1620,done,22,mpc_central,mpc_agent
1621,toBeDone,22,mpc_central,mpc_agent_adaptive
1622,done,22,dmpc_admm,mpc_agent
1623,toBeDone,22,dmpc_admm,mpc_agent_adaptive
1760,done,22,mpc_central,mpc_agent
1761,toBeDone,22,mpc_central,mpc_agent_adaptive
1762,done,22,dmpc_admm,mpc_agent
1763,toBeDone,22,dmpc_admm,mpc_agent_adaptive
1900,done,22,mpc_central,mpc_agent
1901,toBeDone,22,mpc_central,mpc_agent_adaptive
1902,done,22,dmpc_admm,mpc_agent
1903,toBeDone,22,dmpc_admm,mpc_agent_adaptive
2040,done,22,mpc_central,mpc_agent
2041,toBeDone,22,mpc_central,mpc_agent_adaptive
2042,done,22,dmpc_admm,mpc_agent
2043,toBeDone,22,dmpc_admm,mpc_agent_adaptive
2180,done,22,mpc_central,mpc_agent
2181,toBeDone,22,mpc_central,mpc_agent_adaptive
2182,done,22,dmpc_admm,mpc_agent
2183,toBeDone,22,dmpc_admm,mpc_agent_adaptive
2320,done,22,mpc_central,mpc_agent
2321,toBeDone,22,mpc_central,mpc_agent_adaptive
2322,done,22,dmpc_admm,mpc_agent
2323,toBeDone,22,dmpc_admm,mpc_agent_adaptive
2460,done,22,mpc_central,mpc_agent
2461,toBeDone,22,mpc_central,mpc_agent_adaptive
2462,done,22,dmpc_admm,mpc_agent
2463,toBeDone,22,dmpc_admm,mpc_agent_adaptive
2600,done,22,mpc_central,mpc_agent
2601,toBeDone,22,mpc_central,mpc_agent_adaptive
2602,done,22,dmpc_admm,mpc_agent
2603,toBeDone,22,dmpc_admm,mpc_agent_adaptive
2740,done,22,mpc_central,mpc_agent
2741,toBeDone,22,mpc_central,mpc_agent_adaptive
2742,done,22,dmpc_admm,mpc_agent
2743,toBeDone,22,dmpc_admm,mpc_agent_adaptive
84,done,23,mpc_central,mpc_agent
85,toBeDone,23,mpc_central,mpc_agent_adaptive
86,done,23,dmpc_admm,mpc_agent
87,toBeDone,23,dmpc_admm,mpc_agent_adaptive
224,done,23,mpc_central,mpc_agent
225,toBeDone,23,mpc_central,mpc_agent_adaptive
226,done,23,dmpc_admm,mpc_agent
227,toBeDone,23,dmpc_admm,mpc_agent_adaptive
364,done,23,mpc_central,mpc_agent
365,toBeDone,23,mpc_central,mpc_agent_adaptive
366,done,23,dmpc_admm,mpc_agent
367,toBeDone,23,dmpc_admm,mpc_agent_adaptive
504,done,23,mpc_central,mpc_agent
505,toBeDone,23,mpc_central,mpc_agent_adaptive
506,done,23,dmpc_admm,mpc_agent
507,toBeDone,23,dmpc_admm,mpc_agent_adaptive
644,done,23,mpc_central,mpc_agent
645,toBeDone,23,mpc_central,mpc_agent_adaptive
646,done,23,dmpc_admm,mpc_agent
647,toBeDone,23,dmpc_admm,mpc_agent_adaptive
784,done,23,mpc_central,mpc_agent
785,toBeDone,23,mpc_central,mpc_agent_adaptive
786,done,23,dmpc_admm,mpc_agent
787,toBeDone,23,dmpc_admm,mpc_agent_adaptive
924,done,23,mpc_central,mpc_agent
925,toBeDone,23,mpc_central,mpc_agent_adaptive
926,done,23,dmpc_admm,mpc_agent
927,toBeDone,23,dmpc_admm,mpc_agent_adaptive
1064,done,23,mpc_central,mpc_agent
1065,toBeDone,23,mpc_central,mpc_agent_adaptive
1066,done,23,dmpc_admm,mpc_agent
1067,toBeDone,23,dmpc_admm,mpc_agent_adaptive
1204,done,23,mpc_central,mpc_agent
1205,toBeDone,23,mpc_central,mpc_agent_adaptive
1206,done,23,dmpc_admm,mpc_agent
1207,toBeDone,23,dmpc_admm,mpc_agent_adaptive
1344,done,23,mpc_central,mpc_agent
1345,toBeDone,23,mpc_central,mpc_agent_adaptive
1346,done,23,dmpc_admm,mpc_agent
1347,toBeDone,23,dmpc_admm,mpc_agent_adaptive
1484,done,23,mpc_central,mpc_agent
1485,toBeDone,23,mpc_central,mpc_agent_adaptive
1486,done,23,dmpc_admm,mpc_agent
1487,toBeDone,23,dmpc_admm,mpc_agent_adaptive
1624,done,23,mpc_central,mpc_agent
1625,toBeDone,23,mpc_central,mpc_agent_adaptive
1626,done,23,dmpc_admm,mpc_agent
1627,toBeDone,23,dmpc_admm,mpc_agent_adaptive
1764,done,23,mpc_central,mpc_agent
1765,toBeDone,23,mpc_central,mpc_agent_adaptive
1766,done,23,dmpc_admm,mpc_agent
1767,toBeDone,23,dmpc_admm,mpc_agent_adaptive
1904,done,23,mpc_central,mpc_agent
1905,toBeDone,23,mpc_central,mpc_agent_adaptive
1906,done,23,dmpc_admm,mpc_agent
1907,toBeDone,23,dmpc_admm,mpc_agent_adaptive
2044,done,23,mpc_central,mpc_agent
2045,toBeDone,23,mpc_central,mpc_agent_adaptive
2046,done,23,dmpc_admm,mpc_agent
2047,toBeDone,23,dmpc_admm,mpc_agent_adaptive
2184,done,23,mpc_central,mpc_agent
2185,toBeDone,23,mpc_central,mpc_agent_adaptive
2186,done,23,dmpc_admm,mpc_agent
2187,toBeDone,23,dmpc_admm,mpc_agent_adaptive
2324,done,23,mpc_central,mpc_agent
2325,toBeDone,23,mpc_central,mpc_agent_adaptive
2326,done,23,dmpc_admm,mpc_agent
2327,toBeDone,23,dmpc_admm,mpc_agent_adaptive
2464,done,23,mpc_central,mpc_agent
2465,toBeDone,23,mpc_central,mpc_agent_adaptive
2466,done,23,dmpc_admm,mpc_agent
2467,toBeDone,23,dmpc_admm,mpc_agent_adaptive
2604,done,23,mpc_central,mpc_agent
2605,toBeDone,23,mpc_central,mpc_agent_adaptive
2606,done,23,dmpc_admm,mpc_agent
2607,toBeDone,23,dmpc_admm,mpc_agent_adaptive
2744,done,23,mpc_central,mpc_agent
2745,toBeDone,23,mpc_central,mpc_agent_adaptive
2746,done,23,dmpc_admm,mpc_agent
2747,toBeDone,23,dmpc_admm,mpc_agent_adaptive
88,done,24,mpc_central,mpc_agent
89,toBeDone,24,mpc_central,mpc_agent_adaptive
90,done,24,dmpc_admm,mpc_agent
91,toBeDone,24,dmpc_admm,mpc_agent_adaptive
228,done,24,mpc_central,mpc_agent
229,toBeDone,24,mpc_central,mpc_agent_adaptive
230,done,24,dmpc_admm,mpc_agent
231,toBeDone,24,dmpc_admm,mpc_agent_adaptive
368,done,24,mpc_central,mpc_agent
369,toBeDone,24,mpc_central,mpc_agent_adaptive
370,done,24,dmpc_admm,mpc_agent
371,toBeDone,24,dmpc_admm,mpc_agent_adaptive
508,done,24,mpc_central,mpc_agent
509,toBeDone,24,mpc_central,mpc_agent_adaptive
510,done,24,dmpc_admm,mpc_agent
511,toBeDone,24,dmpc_admm,mpc_agent_adaptive
648,done,24,mpc_central,mpc_agent
649,toBeDone,24,mpc_central,mpc_agent_adaptive
650,done,24,dmpc_admm,mpc_agent
651,toBeDone,24,dmpc_admm,mpc_agent_adaptive
788,done,24,mpc_central,mpc_agent
789,toBeDone,24,mpc_central,mpc_agent_adaptive
790,done,24,dmpc_admm,mpc_agent
791,toBeDone,24,dmpc_admm,mpc_agent_adaptive
928,done,24,mpc_central,mpc_agent
929,toBeDone,24,mpc_central,mpc_agent_adaptive
930,done,24,dmpc_admm,mpc_agent
931,toBeDone,24,dmpc_admm,mpc_agent_adaptive
1068,done,24,mpc_central,mpc_agent
1069,toBeDone,24,mpc_central,mpc_agent_adaptive
1070,done,24,dmpc_admm,mpc_agent
1071,toBeDone,24,dmpc_admm,mpc_agent_adaptive
1208,done,24,mpc_central,mpc_agent
1209,toBeDone,24,mpc_central,mpc_agent_adaptive
1210,done,24,dmpc_admm,mpc_agent
1211,toBeDone,24,dmpc_admm,mpc_agent_adaptive
1348,done,24,mpc_central,mpc_agent
1349,toBeDone,24,mpc_central,mpc_agent_adaptive
1350,done,24,dmpc_admm,mpc_agent
1351,toBeDone,24,dmpc_admm,mpc_agent_adaptive
1488,done,24,mpc_central,mpc_agent
1489,toBeDone,24,mpc_central,mpc_agent_adaptive
1490,done,24,dmpc_admm,mpc_agent
1491,toBeDone,24,dmpc_admm,mpc_agent_adaptive
1628,done,24,mpc_central,mpc_agent
1629,toBeDone,24,mpc_central,mpc_agent_adaptive
1630,done,24,dmpc_admm,mpc_agent
1631,toBeDone,24,dmpc_admm,mpc_agent_adaptive
1768,done,24,mpc_central,mpc_agent
1769,toBeDone,24,mpc_central,mpc_agent_adaptive
1770,done,24,dmpc_admm,mpc_agent
1771,toBeDone,24,dmpc_admm,mpc_agent_adaptive
1908,done,24,mpc_central,mpc_agent
1909,toBeDone,24,mpc_central,mpc_agent_adaptive
1910,done,24,dmpc_admm,mpc_agent
1911,toBeDone,24,dmpc_admm,mpc_agent_adaptive
2048,done,24,mpc_central,mpc_agent
2049,toBeDone,24,mpc_central,mpc_agent_adaptive
2050,done,24,dmpc_admm,mpc_agent
2051,toBeDone,24,dmpc_admm,mpc_agent_adaptive
2188,done,24,mpc_central,mpc_agent
2189,toBeDone,24,mpc_central,mpc_agent_adaptive
2190,done,24,dmpc_admm,mpc_agent
2191,toBeDone,24,dmpc_admm,mpc_agent_adaptive
2328,done,24,mpc_central,mpc_agent
2329,toBeDone,24,mpc_central,mpc_agent_adaptive
2330,done,24,dmpc_admm,mpc_agent
2331,toBeDone,24,dmpc_admm,mpc_agent_adaptive
2468,done,24,mpc_central,mpc_agent
2469,toBeDone,24,mpc_central,mpc_agent_adaptive
2470,done,24,dmpc_admm,mpc_agent
2471,toBeDone,24,dmpc_admm,mpc_agent_adaptive
2608,done,24,mpc_central,mpc_agent
2609,toBeDone,24,mpc_central,mpc_agent_adaptive
2610,done,24,dmpc_admm,mpc_agent
2611,toBeDone,24,dmpc_admm,mpc_agent_adaptive
2748,done,24,mpc_central,mpc_agent
2749,toBeDone,24,mpc_central,mpc_agent_adaptive
2750,done,24,dmpc_admm,mpc_agent
2751,toBeDone,24,dmpc_admm,mpc_agent_adaptive
92,done,25,mpc_central,mpc_agent
93,toBeDone,25,mpc_central,mpc_agent_adaptive
94,done,25,dmpc_admm,mpc_agent
95,toBeDone,25,dmpc_admm,mpc_agent_adaptive
232,done,25,mpc_central,mpc_agent
233,toBeDone,25,mpc_central,mpc_agent_adaptive
234,done,25,dmpc_admm,mpc_agent
235,toBeDone,25,dmpc_admm,mpc_agent_adaptive
372,done,25,mpc_central,mpc_agent
373,toBeDone,25,mpc_central,mpc_agent_adaptive
374,done,25,dmpc_admm,mpc_agent
375,toBeDone,25,dmpc_admm,mpc_agent_adaptive
512,done,25,mpc_central,mpc_agent
513,toBeDone,25,mpc_central,mpc_agent_adaptive
514,done,25,dmpc_admm,mpc_agent
515,toBeDone,25,dmpc_admm,mpc_agent_adaptive
652,done,25,mpc_central,mpc_agent
653,toBeDone,25,mpc_central,mpc_agent_adaptive
654,done,25,dmpc_admm,mpc_agent
655,toBeDone,25,dmpc_admm,mpc_agent_adaptive
792,done,25,mpc_central,mpc_agent
793,toBeDone,25,mpc_central,mpc_agent_adaptive
794,done,25,dmpc_admm,mpc_agent
795,toBeDone,25,dmpc_admm,mpc_agent_adaptive
932,done,25,mpc_central,mpc_agent
933,toBeDone,25,mpc_central,mpc_agent_adaptive
934,done,25,dmpc_admm,mpc_agent
935,toBeDone,25,dmpc_admm,mpc_agent_adaptive
1072,done,25,mpc_central,mpc_agent
1073,toBeDone,25,mpc_central,mpc_agent_adaptive
1074,done,25,dmpc_admm,mpc_agent
1075,toBeDone,25,dmpc_admm,mpc_agent_adaptive
1212,done,25,mpc_central,mpc_agent
1213,toBeDone,25,mpc_central,mpc_agent_adaptive
1214,done,25,dmpc_admm,mpc_agent
1215,toBeDone,25,dmpc_admm,mpc_agent_adaptive
1352,done,25,mpc_central,mpc_agent
1353,toBeDone,25,mpc_central,mpc_agent_adaptive
1354,done,25,dmpc_admm,mpc_agent
1355,toBeDone,25,dmpc_admm,mpc_agent_adaptive
1492,done,25,mpc_central,mpc_agent
1493,toBeDone,25,mpc_central,mpc_agent_adaptive
1494,done,25,dmpc_admm,mpc_agent
1495,toBeDone,25,dmpc_admm,mpc_agent_adaptive
1632,done,25,mpc_central,mpc_agent
1633,toBeDone,25,mpc_central,mpc_agent_adaptive
1634,done,25,dmpc_admm,mpc_agent
1635,toBeDone,25,dmpc_admm,mpc_agent_adaptive
1772,done,25,mpc_central,mpc_agent
1773,toBeDone,25,mpc_central,mpc_agent_adaptive
1774,done,25,dmpc_admm,mpc_agent
1775,toBeDone,25,dmpc_admm,mpc_agent_adaptive
1912,done,25,mpc_central,mpc_agent
1913,toBeDone,25,mpc_central,mpc_agent_adaptive
1914,done,25,dmpc_admm,mpc_agent
1915,toBeDone,25,dmpc_admm,mpc_agent_adaptive
2052,done,25,mpc_central,mpc_agent
2053,toBeDone,25,mpc_central,mpc_agent_adaptive
2054,done,25,dmpc_admm,mpc_agent
2055,toBeDone,25,dmpc_admm,mpc_agent_adaptive
2192,done,25,mpc_central,mpc_agent
2193,toBeDone,25,mpc_central,mpc_agent_adaptive
2194,done,25,dmpc_admm,mpc_agent
2195,toBeDone,25,dmpc_admm,mpc_agent_adaptive
2332,done,25,mpc_central,mpc_agent
2333,toBeDone,25,mpc_central,mpc_agent_adaptive
2334,done,25,dmpc_admm,mpc_agent
2335,toBeDone,25,dmpc_admm,mpc_agent_adaptive
2472,done,25,mpc_central,mpc_agent
2473,toBeDone,25,mpc_central,mpc_agent_adaptive
2474,done,25,dmpc_admm,mpc_agent
2475,toBeDone,25,dmpc_admm,mpc_agent_adaptive
2612,done,25,mpc_central,mpc_agent
2613,toBeDone,25,mpc_central,mpc_agent_adaptive
2614,done,25,dmpc_admm,mpc_agent
2615,toBeDone,25,dmpc_admm,mpc_agent_adaptive
2752,done,25,mpc_central,mpc_agent
2753,toBeDone,25,mpc_central,mpc_agent_adaptive
2754,done,25,dmpc_admm,mpc_agent
2755,toBeDone,25,dmpc_admm,mpc_agent_adaptive
96,done,26,mpc_central,mpc_agent
97,toBeDone,26,mpc_central,mpc_agent_adaptive
98,done,26,dmpc_admm,mpc_agent
99,toBeDone,26,dmpc_admm,mpc_agent_adaptive
236,done,26,mpc_central,mpc_agent
237,toBeDone,26,mpc_central,mpc_agent_adaptive
238,done,26,dmpc_admm,mpc_agent
239,toBeDone,26,dmpc_admm,mpc_agent_adaptive
376,done,26,mpc_central,mpc_agent
377,toBeDone,26,mpc_central,mpc_agent_adaptive
378,done,26,dmpc_admm,mpc_agent
379,toBeDone,26,dmpc_admm,mpc_agent_adaptive
516,done,26,mpc_central,mpc_agent
517,toBeDone,26,mpc_central,mpc_agent_adaptive
518,done,26,dmpc_admm,mpc_agent
519,toBeDone,26,dmpc_admm,mpc_agent_adaptive
656,done,26,mpc_central,mpc_agent
657,toBeDone,26,mpc_central,mpc_agent_adaptive
658,done,26,dmpc_admm,mpc_agent
659,toBeDone,26,dmpc_admm,mpc_agent_adaptive
796,done,26,mpc_central,mpc_agent
797,toBeDone,26,mpc_central,mpc_agent_adaptive
798,done,26,dmpc_admm,mpc_agent
799,toBeDone,26,dmpc_admm,mpc_agent_adaptive
936,done,26,mpc_central,mpc_agent
937,toBeDone,26,mpc_central,mpc_agent_adaptive
938,done,26,dmpc_admm,mpc_agent
939,toBeDone,26,dmpc_admm,mpc_agent_adaptive
1076,done,26,mpc_central,mpc_agent
1077,toBeDone,26,mpc_central,mpc_agent_adaptive
1078,done,26,dmpc_admm,mpc_agent
1079,toBeDone,26,dmpc_admm,mpc_agent_adaptive
1216,done,26,mpc_central,mpc_agent
1217,toBeDone,26,mpc_central,mpc_agent_adaptive
1218,done,26,dmpc_admm,mpc_agent
1219,toBeDone,26,dmpc_admm,mpc_agent_adaptive
1356,done,26,mpc_central,mpc_agent
1357,toBeDone,26,mpc_central,mpc_agent_adaptive
1358,done,26,dmpc_admm,mpc_agent
1359,toBeDone,26,dmpc_admm,mpc_agent_adaptive
1496,done,26,mpc_central,mpc_agent
1497,toBeDone,26,mpc_central,mpc_agent_adaptive
1498,done,26,dmpc_admm,mpc_agent
1499,toBeDone,26,dmpc_admm,mpc_agent_adaptive
1636,done,26,mpc_central,mpc_agent
1637,toBeDone,26,mpc_central,mpc_agent_adaptive
1638,done,26,dmpc_admm,mpc_agent
1639,toBeDone,26,dmpc_admm,mpc_agent_adaptive
1776,done,26,mpc_central,mpc_agent
1777,toBeDone,26,mpc_central,mpc_agent_adaptive
1778,done,26,dmpc_admm,mpc_agent
1779,toBeDone,26,dmpc_admm,mpc_agent_adaptive
1916,done,26,mpc_central,mpc_agent
1917,toBeDone,26,mpc_central,mpc_agent_adaptive
1918,done,26,dmpc_admm,mpc_agent
1919,toBeDone,26,dmpc_admm,mpc_agent_adaptive
2056,done,26,mpc_central,mpc_agent
2057,toBeDone,26,mpc_central,mpc_agent_adaptive
2058,done,26,dmpc_admm,mpc_agent
2059,toBeDone,26,dmpc_admm,mpc_agent_adaptive
2196,done,26,mpc_central,mpc_agent
2197,toBeDone,26,mpc_central,mpc_agent_adaptive
2198,done,26,dmpc_admm,mpc_agent
2199,toBeDone,26,dmpc_admm,mpc_agent_adaptive
2336,done,26,mpc_central,mpc_agent
2337,toBeDone,26,mpc_central,mpc_agent_adaptive
2338,done,26,dmpc_admm,mpc_agent
2339,toBeDone,26,dmpc_admm,mpc_agent_adaptive
2476,done,26,mpc_central,mpc_agent
2477,toBeDone,26,mpc_central,mpc_agent_adaptive
2478,done,26,dmpc_admm,mpc_agent
2479,toBeDone,26,dmpc_admm,mpc_agent_adaptive
2616,done,26,mpc_central,mpc_agent
2617,toBeDone,26,mpc_central,mpc_agent_adaptive
2618,done,26,dmpc_admm,mpc_agent
2619,toBeDone,26,dmpc_admm,mpc_agent_adaptive
2756,done,26,mpc_central,mpc_agent
2757,toBeDone,26,mpc_central,mpc_agent_adaptive
2758,done,26,dmpc_admm,mpc_agent
2759,toBeDone,26,dmpc_admm,mpc_agent_adaptive
100,done,27,mpc_central,mpc_agent
101,toBeDone,27,mpc_central,mpc_agent_adaptive
102,done,27,dmpc_admm,mpc_agent
103,toBeDone,27,dmpc_admm,mpc_agent_adaptive
240,done,27,mpc_central,mpc_agent
241,toBeDone,27,mpc_central,mpc_agent_adaptive
242,done,27,dmpc_admm,mpc_agent
243,toBeDone,27,dmpc_admm,mpc_agent_adaptive
380,done,27,mpc_central,mpc_agent
381,toBeDone,27,mpc_central,mpc_agent_adaptive
382,done,27,dmpc_admm,mpc_agent
383,toBeDone,27,dmpc_admm,mpc_agent_adaptive
520,done,27,mpc_central,mpc_agent
521,toBeDone,27,mpc_central,mpc_agent_adaptive
522,done,27,dmpc_admm,mpc_agent
523,toBeDone,27,dmpc_admm,mpc_agent_adaptive
660,done,27,mpc_central,mpc_agent
661,toBeDone,27,mpc_central,mpc_agent_adaptive
662,done,27,dmpc_admm,mpc_agent
663,toBeDone,27,dmpc_admm,mpc_agent_adaptive
800,done,27,mpc_central,mpc_agent
801,toBeDone,27,mpc_central,mpc_agent_adaptive
802,done,27,dmpc_admm,mpc_agent
803,toBeDone,27,dmpc_admm,mpc_agent_adaptive
940,done,27,mpc_central,mpc_agent
941,toBeDone,27,mpc_central,mpc_agent_adaptive
942,done,27,dmpc_admm,mpc_agent
943,toBeDone,27,dmpc_admm,mpc_agent_adaptive
1080,done,27,mpc_central,mpc_agent
1081,toBeDone,27,mpc_central,mpc_agent_adaptive
1082,done,27,dmpc_admm,mpc_agent
1083,toBeDone,27,dmpc_admm,mpc_agent_adaptive
1220,done,27,mpc_central,mpc_agent
1221,toBeDone,27,mpc_central,mpc_agent_adaptive
1222,done,27,dmpc_admm,mpc_agent
1223,toBeDone,27,dmpc_admm,mpc_agent_adaptive
1360,done,27,mpc_central,mpc_agent
1361,toBeDone,27,mpc_central,mpc_agent_adaptive
1362,done,27,dmpc_admm,mpc_agent
1363,toBeDone,27,dmpc_admm,mpc_agent_adaptive
1500,done,27,mpc_central,mpc_agent
1501,toBeDone,27,mpc_central,mpc_agent_adaptive
1502,done,27,dmpc_admm,mpc_agent
1503,toBeDone,27,dmpc_admm,mpc_agent_adaptive
1640,done,27,mpc_central,mpc_agent
1641,toBeDone,27,mpc_central,mpc_agent_adaptive
1642,done,27,dmpc_admm,mpc_agent
1643,toBeDone,27,dmpc_admm,mpc_agent_adaptive
1780,done,27,mpc_central,mpc_agent
1781,toBeDone,27,mpc_central,mpc_agent_adaptive
1782,done,27,dmpc_admm,mpc_agent
1783,toBeDone,27,dmpc_admm,mpc_agent_adaptive
1920,done,27,mpc_central,mpc_agent
1921,toBeDone,27,mpc_central,mpc_agent_adaptive
1922,done,27,dmpc_admm,mpc_agent
1923,toBeDone,27,dmpc_admm,mpc_agent_adaptive
2060,done,27,mpc_central,mpc_agent
2061,toBeDone,27,mpc_central,mpc_agent_adaptive
2062,done,27,dmpc_admm,mpc_agent
2063,toBeDone,27,dmpc_admm,mpc_agent_adaptive
2200,done,27,mpc_central,mpc_agent
2201,toBeDone,27,mpc_central,mpc_agent_adaptive
2202,done,27,dmpc_admm,mpc_agent
2203,toBeDone,27,dmpc_admm,mpc_agent_adaptive
2340,done,27,mpc_central,mpc_agent
2341,toBeDone,27,mpc_central,mpc_agent_adaptive
2342,done,27,dmpc_admm,mpc_agent
2343,toBeDone,27,dmpc_admm,mpc_agent_adaptive
2480,done,27,mpc_central,mpc_agent
2481,toBeDone,27,mpc_central,mpc_agent_adaptive
2482,done,27,dmpc_admm,mpc_agent
2483,toBeDone,27,dmpc_admm,mpc_agent_adaptive
2620,done,27,mpc_central,mpc_agent
2621,toBeDone,27,mpc_central,mpc_agent_adaptive
2622,done,27,dmpc_admm,mpc_agent
2623,toBeDone,27,dmpc_admm,mpc_agent_adaptive
2760,done,27,mpc_central,mpc_agent
2761,toBeDone,27,mpc_central,mpc_agent_adaptive
2762,done,27,dmpc_admm,mpc_agent
2763,toBeDone,27,dmpc_admm,mpc_agent_adaptive
104,done,28,mpc_central,mpc_agent
105,toBeDone,28,mpc_central,mpc_agent_adaptive
106,done,28,dmpc_admm,mpc_agent
107,toBeDone,28,dmpc_admm,mpc_agent_adaptive
244,done,28,mpc_central,mpc_agent
245,toBeDone,28,mpc_central,mpc_agent_adaptive
246,done,28,dmpc_admm,mpc_agent
247,toBeDone,28,dmpc_admm,mpc_agent_adaptive
384,done,28,mpc_central,mpc_agent
385,toBeDone,28,mpc_central,mpc_agent_adaptive
386,done,28,dmpc_admm,mpc_agent
387,toBeDone,28,dmpc_admm,mpc_agent_adaptive
524,done,28,mpc_central,mpc_agent
525,toBeDone,28,mpc_central,mpc_agent_adaptive
526,done,28,dmpc_admm,mpc_agent
527,toBeDone,28,dmpc_admm,mpc_agent_adaptive
664,done,28,mpc_central,mpc_agent
665,toBeDone,28,mpc_central,mpc_agent_adaptive
666,done,28,dmpc_admm,mpc_agent
667,toBeDone,28,dmpc_admm,mpc_agent_adaptive
804,done,28,mpc_central,mpc_agent
805,toBeDone,28,mpc_central,mpc_agent_adaptive
806,done,28,dmpc_admm,mpc_agent
807,toBeDone,28,dmpc_admm,mpc_agent_adaptive
944,done,28,mpc_central,mpc_agent
945,toBeDone,28,mpc_central,mpc_agent_adaptive
946,done,28,dmpc_admm,mpc_agent
947,toBeDone,28,dmpc_admm,mpc_agent_adaptive
1084,done,28,mpc_central,mpc_agent
1085,toBeDone,28,mpc_central,mpc_agent_adaptive
1086,done,28,dmpc_admm,mpc_agent
1087,toBeDone,28,dmpc_admm,mpc_agent_adaptive
1224,done,28,mpc_central,mpc_agent
1225,toBeDone,28,mpc_central,mpc_agent_adaptive
1226,done,28,dmpc_admm,mpc_agent
1227,toBeDone,28,dmpc_admm,mpc_agent_adaptive
1364,done,28,mpc_central,mpc_agent
1365,toBeDone,28,mpc_central,mpc_agent_adaptive
1366,done,28,dmpc_admm,mpc_agent
1367,toBeDone,28,dmpc_admm,mpc_agent_adaptive
1504,done,28,mpc_central,mpc_agent
1505,toBeDone,28,mpc_central,mpc_agent_adaptive
1506,done,28,dmpc_admm,mpc_agent
1507,toBeDone,28,dmpc_admm,mpc_agent_adaptive
1644,done,28,mpc_central,mpc_agent
1645,toBeDone,28,mpc_central,mpc_agent_adaptive
1646,done,28,dmpc_admm,mpc_agent
1647,toBeDone,28,dmpc_admm,mpc_agent_adaptive
1784,done,28,mpc_central,mpc_agent
1785,toBeDone,28,mpc_central,mpc_agent_adaptive
1786,done,28,dmpc_admm,mpc_agent
1787,toBeDone,28,dmpc_admm,mpc_agent_adaptive
1924,done,28,mpc_central,mpc_agent
1925,toBeDone,28,mpc_central,mpc_agent_adaptive
1926,done,28,dmpc_admm,mpc_agent
1927,toBeDone,28,dmpc_admm,mpc_agent_adaptive
2064,done,28,mpc_central,mpc_agent
2065,toBeDone,28,mpc_central,mpc_agent_adaptive
2066,done,28,dmpc_admm,mpc_agent
2067,toBeDone,28,dmpc_admm,mpc_agent_adaptive
2204,done,28,mpc_central,mpc_agent
2205,toBeDone,28,mpc_central,mpc_agent_adaptive
2206,done,28,dmpc_admm,mpc_agent
2207,toBeDone,28,dmpc_admm,mpc_agent_adaptive
2344,done,28,mpc_central,mpc_agent
2345,toBeDone,28,mpc_central,mpc_agent_adaptive
2346,done,28,dmpc_admm,mpc_agent
2347,toBeDone,28,dmpc_admm,mpc_agent_adaptive
2484,done,28,mpc_central,mpc_agent
2485,toBeDone,28,mpc_central,mpc_agent_adaptive
2486,done,28,dmpc_admm,mpc_agent
2487,toBeDone,28,dmpc_admm,mpc_agent_adaptive
2624,done,28,mpc_central,mpc_agent
2625,toBeDone,28,mpc_central,mpc_agent_adaptive
2626,done,28,dmpc_admm,mpc_agent
2627,toBeDone,28,dmpc_admm,mpc_agent_adaptive
2764,done,28,mpc_central,mpc_agent
2765,toBeDone,28,mpc_central,mpc_agent_adaptive
2766,done,28,dmpc_admm,mpc_agent
2767,toBeDone,28,dmpc_admm,mpc_agent_adaptive
108,done,29,mpc_central,mpc_agent
109,toBeDone,29,mpc_central,mpc_agent_adaptive
110,done,29,dmpc_admm,mpc_agent
111,toBeDone,29,dmpc_admm,mpc_agent_adaptive
248,done,29,mpc_central,mpc_agent
249,toBeDone,29,mpc_central,mpc_agent_adaptive
250,done,29,dmpc_admm,mpc_agent
251,toBeDone,29,dmpc_admm,mpc_agent_adaptive
388,done,29,mpc_central,mpc_agent
389,toBeDone,29,mpc_central,mpc_agent_adaptive
390,done,29,dmpc_admm,mpc_agent
391,toBeDone,29,dmpc_admm,mpc_agent_adaptive
528,done,29,mpc_central,mpc_agent
529,toBeDone,29,mpc_central,mpc_agent_adaptive
530,done,29,dmpc_admm,mpc_agent
531,toBeDone,29,dmpc_admm,mpc_agent_adaptive
668,done,29,mpc_central,mpc_agent
669,toBeDone,29,mpc_central,mpc_agent_adaptive
670,done,29,dmpc_admm,mpc_agent
671,toBeDone,29,dmpc_admm,mpc_agent_adaptive
808,done,29,mpc_central,mpc_agent
809,toBeDone,29,mpc_central,mpc_agent_adaptive
810,done,29,dmpc_admm,mpc_agent
811,toBeDone,29,dmpc_admm,mpc_agent_adaptive
948,done,29,mpc_central,mpc_agent
949,toBeDone,29,mpc_central,mpc_agent_adaptive
950,done,29,dmpc_admm,mpc_agent
951,toBeDone,29,dmpc_admm,mpc_agent_adaptive
1088,done,29,mpc_central,mpc_agent
1089,toBeDone,29,mpc_central,mpc_agent_adaptive
1090,done,29,dmpc_admm,mpc_agent
1091,toBeDone,29,dmpc_admm,mpc_agent_adaptive
1228,done,29,mpc_central,mpc_agent
1229,toBeDone,29,mpc_central,mpc_agent_adaptive
1230,done,29,dmpc_admm,mpc_agent
1231,toBeDone,29,dmpc_admm,mpc_agent_adaptive
1368,done,29,mpc_central,mpc_agent
1369,toBeDone,29,mpc_central,mpc_agent_adaptive
1370,done,29,dmpc_admm,mpc_agent
1371,toBeDone,29,dmpc_admm,mpc_agent_adaptive
1508,done,29,mpc_central,mpc_agent
1509,toBeDone,29,mpc_central,mpc_agent_adaptive
1510,done,29,dmpc_admm,mpc_agent
1511,toBeDone,29,dmpc_admm,mpc_agent_adaptive
1648,done,29,mpc_central,mpc_agent
1649,toBeDone,29,mpc_central,mpc_agent_adaptive
1650,done,29,dmpc_admm,mpc_agent
1651,toBeDone,29,dmpc_admm,mpc_agent_adaptive
1788,done,29,mpc_central,mpc_agent
1789,toBeDone,29,mpc_central,mpc_agent_adaptive
1790,done,29,dmpc_admm,mpc_agent
1791,toBeDone,29,dmpc_admm,mpc_agent_adaptive
1928,done,29,mpc_central,mpc_agent
1929,toBeDone,29,mpc_central,mpc_agent_adaptive
1930,done,29,dmpc_admm,mpc_agent
1931,toBeDone,29,dmpc_admm,mpc_agent_adaptive
2068,done,29,mpc_central,mpc_agent
2069,toBeDone,29,mpc_central,mpc_agent_adaptive
2070,done,29,dmpc_admm,mpc_agent
2071,toBeDone,29,dmpc_admm,mpc_agent_adaptive
2208,done,29,mpc_central,mpc_agent
2209,toBeDone,29,mpc_central,mpc_agent_adaptive
2210,done,29,dmpc_admm,mpc_agent
2211,toBeDone,29,dmpc_admm,mpc_agent_adaptive
2348,done,29,mpc_central,mpc_agent
2349,toBeDone,29,mpc_central,mpc_agent_adaptive
2350,done,29,dmpc_admm,mpc_agent
2351,toBeDone,29,dmpc_admm,mpc_agent_adaptive
2488,done,29,mpc_central,mpc_agent
2489,toBeDone,29,mpc_central,mpc_agent_adaptive
2490,done,29,dmpc_admm,mpc_agent
2491,toBeDone,29,dmpc_admm,mpc_agent_adaptive
2628,done,29,mpc_central,mpc_agent
2629,toBeDone,29,mpc_central,mpc_agent_adaptive
2630,done,29,dmpc_admm,mpc_agent
2631,toBeDone,29,dmpc_admm,mpc_agent_adaptive
2768,done,29,mpc_central,mpc_agent
2769,toBeDone,29,mpc_central,mpc_agent_adaptive
2770,done,29,dmpc_admm,mpc_agent
2771,toBeDone,29,dmpc_admm,mpc_agent_adaptive
112,done,30,mpc_central,mpc_agent
113,toBeDone,30,mpc_central,mpc_agent_adaptive
114,done,30,dmpc_admm,mpc_agent
115,toBeDone,30,dmpc_admm,mpc_agent_adaptive
252,done,30,mpc_central,mpc_agent
253,toBeDone,30,mpc_central,mpc_agent_adaptive
254,done,30,dmpc_admm,mpc_agent
255,toBeDone,30,dmpc_admm,mpc_agent_adaptive
392,done,30,mpc_central,mpc_agent
393,toBeDone,30,mpc_central,mpc_agent_adaptive
394,done,30,dmpc_admm,mpc_agent
395,toBeDone,30,dmpc_admm,mpc_agent_adaptive
532,done,30,mpc_central,mpc_agent
533,toBeDone,30,mpc_central,mpc_agent_adaptive
534,done,30,dmpc_admm,mpc_agent
535,toBeDone,30,dmpc_admm,mpc_agent_adaptive
672,done,30,mpc_central,mpc_agent
673,toBeDone,30,mpc_central,mpc_agent_adaptive
674,done,30,dmpc_admm,mpc_agent
675,toBeDone,30,dmpc_admm,mpc_agent_adaptive
812,done,30,mpc_central,mpc_agent
813,toBeDone,30,mpc_central,mpc_agent_adaptive
814,done,30,dmpc_admm,mpc_agent
815,toBeDone,30,dmpc_admm,mpc_agent_adaptive
952,done,30,mpc_central,mpc_agent
953,toBeDone,30,mpc_central,mpc_agent_adaptive
954,done,30,dmpc_admm,mpc_agent
955,toBeDone,30,dmpc_admm,mpc_agent_adaptive
1092,done,30,mpc_central,mpc_agent
1093,toBeDone,30,mpc_central,mpc_agent_adaptive
1094,done,30,dmpc_admm,mpc_agent
1095,toBeDone,30,dmpc_admm,mpc_agent_adaptive
1232,done,30,mpc_central,mpc_agent
1233,toBeDone,30,mpc_central,mpc_agent_adaptive
1234,done,30,dmpc_admm,mpc_agent
1235,toBeDone,30,dmpc_admm,mpc_agent_adaptive
1372,done,30,mpc_central,mpc_agent
1373,toBeDone,30,mpc_central,mpc_agent_adaptive
1374,done,30,dmpc_admm,mpc_agent
1375,toBeDone,30,dmpc_admm,mpc_agent_adaptive
1512,done,30,mpc_central,mpc_agent
1513,toBeDone,30,mpc_central,mpc_agent_adaptive
1514,done,30,dmpc_admm,mpc_agent
1515,toBeDone,30,dmpc_admm,mpc_agent_adaptive
1652,done,30,mpc_central,mpc_agent
1653,toBeDone,30,mpc_central,mpc_agent_adaptive
1654,done,30,dmpc_admm,mpc_agent
1655,toBeDone,30,dmpc_admm,mpc_agent_adaptive
1792,done,30,mpc_central,mpc_agent
1793,toBeDone,30,mpc_central,mpc_agent_adaptive
1794,done,30,dmpc_admm,mpc_agent
1795,toBeDone,30,dmpc_admm,mpc_agent_adaptive
1932,done,30,mpc_central,mpc_agent
1933,toBeDone,30,mpc_central,mpc_agent_adaptive
1934,done,30,dmpc_admm,mpc_agent
1935,toBeDone,30,dmpc_admm,mpc_agent_adaptive
2072,done,30,mpc_central,mpc_agent
2073,toBeDone,30,mpc_central,mpc_agent_adaptive
2074,done,30,dmpc_admm,mpc_agent
2075,toBeDone,30,dmpc_admm,mpc_agent_adaptive
2212,done,30,mpc_central,mpc_agent
2213,toBeDone,30,mpc_central,mpc_agent_adaptive
2214,done,30,dmpc_admm,mpc_agent
2215,toBeDone,30,dmpc_admm,mpc_agent_adaptive
2352,done,30,mpc_central,mpc_agent
2353,toBeDone,30,mpc_central,mpc_agent_adaptive
2354,done,30,dmpc_admm,mpc_agent
2355,toBeDone,30,dmpc_admm,mpc_agent_adaptive
2492,done,30,mpc_central,mpc_agent
2493,toBeDone,30,mpc_central,mpc_agent_adaptive
2494,done,30,dmpc_admm,mpc_agent
2495,toBeDone,30,dmpc_admm,mpc_agent_adaptive
2632,done,30,mpc_central,mpc_agent
2633,toBeDone,30,mpc_central,mpc_agent_adaptive
2634,done,30,dmpc_admm,mpc_agent
2635,toBeDone,30,dmpc_admm,mpc_agent_adaptive
2772,done,30,mpc_central,mpc_agent
2773,toBeDone,30,mpc_central,mpc_agent_adaptive
2774,done,30,dmpc_admm,mpc_agent
2775,toBeDone,30,dmpc_admm,mpc_agent_adaptive
116,done,31,mpc_central,mpc_agent
117,done,31,mpc_central,mpc_agent_adaptive
118,done,31,dmpc_admm,mpc_agent
119,done,31,dmpc_admm,mpc_agent_adaptive
256,done,31,mpc_central,mpc_agent
257,done,31,mpc_central,mpc_agent_adaptive
258,done,31,dmpc_admm,mpc_agent
259,done,31,dmpc_admm,mpc_agent_adaptive
396,done,31,mpc_central,mpc_agent
397,done,31,mpc_central,mpc_agent_adaptive
398,done,31,dmpc_admm,mpc_agent
399,done,31,dmpc_admm,mpc_agent_adaptive
536,done,31,mpc_central,mpc_agent
537,done,31,mpc_central,mpc_agent_adaptive
538,done,31,dmpc_admm,mpc_agent
539,done,31,dmpc_admm,mpc_agent_adaptive
676,done,31,mpc_central,mpc_agent
677,done,31,mpc_central,mpc_agent_adaptive
678,done,31,dmpc_admm,mpc_agent
679,done,31,dmpc_admm,mpc_agent_adaptive
816,done,31,mpc_central,mpc_agent
817,done,31,mpc_central,mpc_agent_adaptive
818,done,31,dmpc_admm,mpc_agent
819,done,31,dmpc_admm,mpc_agent_adaptive
956,done,31,mpc_central,mpc_agent
957,done,31,mpc_central,mpc_agent_adaptive
958,done,31,dmpc_admm,mpc_agent
959,done,31,dmpc_admm,mpc_agent_adaptive
1096,done,31,mpc_central,mpc_agent
1097,done,31,mpc_central,mpc_agent_adaptive
1098,done,31,dmpc_admm,mpc_agent
1099,done,31,dmpc_admm,mpc_agent_adaptive
1236,done,31,mpc_central,mpc_agent
1237,done,31,mpc_central,mpc_agent_adaptive
1238,done,31,dmpc_admm,mpc_agent
1239,done,31,dmpc_admm,mpc_agent_adaptive
1376,done,31,mpc_central,mpc_agent
1377,done,31,mpc_central,mpc_agent_adaptive
1378,done,31,dmpc_admm,mpc_agent
1379,done,31,dmpc_admm,mpc_agent_adaptive
1516,done,31,mpc_central,mpc_agent
1517,done,31,mpc_central,mpc_agent_adaptive
1518,done,31,dmpc_admm,mpc_agent
1519,done,31,dmpc_admm,mpc_agent_adaptive
1656,done,31,mpc_central,mpc_agent
1657,done,31,mpc_central,mpc_agent_adaptive
1658,done,31,dmpc_admm,mpc_agent
1659,done,31,dmpc_admm,mpc_agent_adaptive
1796,done,31,mpc_central,mpc_agent
1797,done,31,mpc_central,mpc_agent_adaptive
1798,done,31,dmpc_admm,mpc_agent
1799,done,31,dmpc_admm,mpc_agent_adaptive
1936,done,31,mpc_central,mpc_agent
1937,done,31,mpc_central,mpc_agent_adaptive
1938,done,31,dmpc_admm,mpc_agent
1939,done,31,dmpc_admm,mpc_agent_adaptive
2076,done,31,mpc_central,mpc_agent
2077,done,31,mpc_central,mpc_agent_adaptive
2078,done,31,dmpc_admm,mpc_agent
2079,done,31,dmpc_admm,mpc_agent_adaptive
2216,done,31,mpc_central,mpc_agent
2217,done,31,mpc_central,mpc_agent_adaptive
2218,done,31,dmpc_admm,mpc_agent
2219,done,31,dmpc_admm,mpc_agent_adaptive
2356,done,31,mpc_central,mpc_agent
2357,done,31,mpc_central,mpc_agent_adaptive
2358,done,31,dmpc_admm,mpc_agent
2359,done,31,dmpc_admm,mpc_agent_adaptive
2496,done,31,mpc_central,mpc_agent
2497,done,31,mpc_central,mpc_agent_adaptive
2498,done,31,dmpc_admm,mpc_agent
2499,done,31,dmpc_admm,mpc_agent_adaptive
2636,done,31,mpc_central,mpc_agent
2637,done,31,mpc_central,mpc_agent_adaptive
2638,done,31,dmpc_admm,mpc_agent
2639,done,31,dmpc_admm,mpc_agent_adaptive
2776,done,31,mpc_central,mpc_agent
2777,done,31,mpc_central,mpc_agent_adaptive
2778,done,31,dmpc_admm,mpc_agent
2779,done,31,dmpc_admm,mpc_agent_adaptive
120,done,32,mpc_central,mpc_agent
121,done,32,mpc_central,mpc_agent_adaptive
122,done,32,dmpc_admm,mpc_agent
123,done,32,dmpc_admm,mpc_agent_adaptive
260,done,32,mpc_central,mpc_agent
261,done,32,mpc_central,mpc_agent_adaptive
262,done,32,dmpc_admm,mpc_agent
263,done,32,dmpc_admm,mpc_agent_adaptive
400,done,32,mpc_central,mpc_agent
401,done,32,mpc_central,mpc_agent_adaptive
402,done,32,dmpc_admm,mpc_agent
403,done,32,dmpc_admm,mpc_agent_adaptive
540,done,32,mpc_central,mpc_agent
541,done,32,mpc_central,mpc_agent_adaptive
542,done,32,dmpc_admm,mpc_agent
543,done,32,dmpc_admm,mpc_agent_adaptive
680,done,32,mpc_central,mpc_agent
681,done,32,mpc_central,mpc_agent_adaptive
682,done,32,dmpc_admm,mpc_agent
683,done,32,dmpc_admm,mpc_agent_adaptive
820,done,32,mpc_central,mpc_agent
821,done,32,mpc_central,mpc_agent_adaptive
822,done,32,dmpc_admm,mpc_agent
823,done,32,dmpc_admm,mpc_agent_adaptive
960,done,32,mpc_central,mpc_agent
961,done,32,mpc_central,mpc_agent_adaptive
962,done,32,dmpc_admm,mpc_agent
963,done,32,dmpc_admm,mpc_agent_adaptive
1100,done,32,mpc_central,mpc_agent
1101,done,32,mpc_central,mpc_agent_adaptive
1102,done,32,dmpc_admm,mpc_agent
1103,done,32,dmpc_admm,mpc_agent_adaptive
1240,done,32,mpc_central,mpc_agent
1241,done,32,mpc_central,mpc_agent_adaptive
1242,done,32,dmpc_admm,mpc_agent
1243,done,32,dmpc_admm,mpc_agent_adaptive
1380,done,32,mpc_central,mpc_agent
1381,done,32,mpc_central,mpc_agent_adaptive
1382,done,32,dmpc_admm,mpc_agent
1383,done,32,dmpc_admm,mpc_agent_adaptive
1520,done,32,mpc_central,mpc_agent
1521,done,32,mpc_central,mpc_agent_adaptive
1522,done,32,dmpc_admm,mpc_agent
1523,done,32,dmpc_admm,mpc_agent_adaptive
1660,done,32,mpc_central,mpc_agent
1661,done,32,mpc_central,mpc_agent_adaptive
1662,done,32,dmpc_admm,mpc_agent
1663,done,32,dmpc_admm,mpc_agent_adaptive
1800,done,32,mpc_central,mpc_agent
1801,done,32,mpc_central,mpc_agent_adaptive
1802,done,32,dmpc_admm,mpc_agent
1803,done,32,dmpc_admm,mpc_agent_adaptive
1940,done,32,mpc_central,mpc_agent
1941,done,32,mpc_central,mpc_agent_adaptive
1942,done,32,dmpc_admm,mpc_agent
1943,done,32,dmpc_admm,mpc_agent_adaptive
2080,done,32,mpc_central,mpc_agent
2081,done,32,mpc_central,mpc_agent_adaptive
2082,done,32,dmpc_admm,mpc_agent
2083,done,32,dmpc_admm,mpc_agent_adaptive
2220,done,32,mpc_central,mpc_agent
2221,done,32,mpc_central,mpc_agent_adaptive
2222,done,32,dmpc_admm,mpc_agent
2223,done,32,dmpc_admm,mpc_agent_adaptive
2360,done,32,mpc_central,mpc_agent
2361,done,32,mpc_central,mpc_agent_adaptive
2362,done,32,dmpc_admm,mpc_agent
2363,done,32,dmpc_admm,mpc_agent_adaptive
2500,done,32,mpc_central,mpc_agent
2501,done,32,mpc_central,mpc_agent_adaptive
2502,done,32,dmpc_admm,mpc_agent
2503,done,32,dmpc_admm,mpc_agent_adaptive
2640,done,32,mpc_central,mpc_agent
2641,done,32,mpc_central,mpc_agent_adaptive
2642,done,32,dmpc_admm,mpc_agent
2643,done,32,dmpc_admm,mpc_agent_adaptive
2780,done,32,mpc_central,mpc_agent
2781,done,32,mpc_central,mpc_agent_adaptive
2782,done,32,dmpc_admm,mpc_agent
2783,done,32,dmpc_admm,mpc_agent_adaptive
124,done,33,mpc_central,mpc_agent
125,done,33,mpc_central,mpc_agent_adaptive
126,done,33,dmpc_admm,mpc_agent
127,done,33,dmpc_admm,mpc_agent_adaptive
264,done,33,mpc_central,mpc_agent
265,done,33,mpc_central,mpc_agent_adaptive
266,done,33,dmpc_admm,mpc_agent
267,done,33,dmpc_admm,mpc_agent_adaptive
404,done,33,mpc_central,mpc_agent
405,done,33,mpc_central,mpc_agent_adaptive
406,done,33,dmpc_admm,mpc_agent
407,done,33,dmpc_admm,mpc_agent_adaptive
544,done,33,mpc_central,mpc_agent
545,done,33,mpc_central,mpc_agent_adaptive
546,done,33,dmpc_admm,mpc_agent
547,done,33,dmpc_admm,mpc_agent_adaptive
684,done,33,mpc_central,mpc_agent
685,done,33,mpc_central,mpc_agent_adaptive
686,done,33,dmpc_admm,mpc_agent
687,done,33,dmpc_admm,mpc_agent_adaptive
824,done,33,mpc_central,mpc_agent
825,done,33,mpc_central,mpc_agent_adaptive
826,done,33,dmpc_admm,mpc_agent
827,done,33,dmpc_admm,mpc_agent_adaptive
964,done,33,mpc_central,mpc_agent
965,done,33,mpc_central,mpc_agent_adaptive
966,done,33,dmpc_admm,mpc_agent
967,done,33,dmpc_admm,mpc_agent_adaptive
1104,done,33,mpc_central,mpc_agent
1105,done,33,mpc_central,mpc_agent_adaptive
1106,done,33,dmpc_admm,mpc_agent
1107,done,33,dmpc_admm,mpc_agent_adaptive
1244,done,33,mpc_central,mpc_agent
1245,done,33,mpc_central,mpc_agent_adaptive
1246,done,33,dmpc_admm,mpc_agent
1247,done,33,dmpc_admm,mpc_agent_adaptive
1384,done,33,mpc_central,mpc_agent
1385,done,33,mpc_central,mpc_agent_adaptive
1386,done,33,dmpc_admm,mpc_agent
1387,done,33,dmpc_admm,mpc_agent_adaptive
1524,done,33,mpc_central,mpc_agent
1525,done,33,mpc_central,mpc_agent_adaptive
1526,done,33,dmpc_admm,mpc_agent
1527,done,33,dmpc_admm,mpc_agent_adaptive
1664,done,33,mpc_central,mpc_agent
1665,done,33,mpc_central,mpc_agent_adaptive
1666,done,33,dmpc_admm,mpc_agent
1667,done,33,dmpc_admm,mpc_agent_adaptive
1804,done,33,mpc_central,mpc_agent
1805,done,33,mpc_central,mpc_agent_adaptive
1806,done,33,dmpc_admm,mpc_agent
1807,done,33,dmpc_admm,mpc_agent_adaptive
1944,done,33,mpc_central,mpc_agent
1945,done,33,mpc_central,mpc_agent_adaptive
1946,done,33,dmpc_admm,mpc_agent
1947,done,33,dmpc_admm,mpc_agent_adaptive
2084,done,33,mpc_central,mpc_agent
2085,done,33,mpc_central,mpc_agent_adaptive
2086,done,33,dmpc_admm,mpc_agent
2087,done,33,dmpc_admm,mpc_agent_adaptive
2224,done,33,mpc_central,mpc_agent
2225,done,33,mpc_central,mpc_agent_adaptive
2226,done,33,dmpc_admm,mpc_agent
2227,done,33,dmpc_admm,mpc_agent_adaptive
2364,done,33,mpc_central,mpc_agent
2365,done,33,mpc_central,mpc_agent_adaptive
2366,done,33,dmpc_admm,mpc_agent
2367,done,33,dmpc_admm,mpc_agent_adaptive
2504,done,33,mpc_central,mpc_agent
2505,done,33,mpc_central,mpc_agent_adaptive
2506,done,33,dmpc_admm,mpc_agent
2507,done,33,dmpc_admm,mpc_agent_adaptive
2644,done,33,mpc_central,mpc_agent
2645,done,33,mpc_central,mpc_agent_adaptive
2646,done,33,dmpc_admm,mpc_agent
2647,done,33,dmpc_admm,mpc_agent_adaptive
2784,done,33,mpc_central,mpc_agent
2785,done,33,mpc_central,mpc_agent_adaptive
2786,done,33,dmpc_admm,mpc_agent
2787,done,33,dmpc_admm,mpc_agent_adaptive
128,done,34,mpc_central,mpc_agent
129,done,34,mpc_central,mpc_agent_adaptive
130,done,34,dmpc_admm,mpc_agent
131,done,34,dmpc_admm,mpc_agent_adaptive
268,done,34,mpc_central,mpc_agent
269,done,34,mpc_central,mpc_agent_adaptive
270,done,34,dmpc_admm,mpc_agent
271,done,34,dmpc_admm,mpc_agent_adaptive
408,done,34,mpc_central,mpc_agent
409,done,34,mpc_central,mpc_agent_adaptive
410,done,34,dmpc_admm,mpc_agent
411,done,34,dmpc_admm,mpc_agent_adaptive
548,done,34,mpc_central,mpc_agent
549,done,34,mpc_central,mpc_agent_adaptive
550,done,34,dmpc_admm,mpc_agent
551,done,34,dmpc_admm,mpc_agent_adaptive
688,done,34,mpc_central,mpc_agent
689,done,34,mpc_central,mpc_agent_adaptive
690,done,34,dmpc_admm,mpc_agent
691,done,34,dmpc_admm,mpc_agent_adaptive
828,done,34,mpc_central,mpc_agent
829,done,34,mpc_central,mpc_agent_adaptive
830,done,34,dmpc_admm,mpc_agent
831,done,34,dmpc_admm,mpc_agent_adaptive
968,done,34,mpc_central,mpc_agent
969,done,34,mpc_central,mpc_agent_adaptive
970,done,34,dmpc_admm,mpc_agent
971,done,34,dmpc_admm,mpc_agent_adaptive
1108,done,34,mpc_central,mpc_agent
1109,done,34,mpc_central,mpc_agent_adaptive
1110,done,34,dmpc_admm,mpc_agent
1111,done,34,dmpc_admm,mpc_agent_adaptive
1248,done,34,mpc_central,mpc_agent
1249,done,34,mpc_central,mpc_agent_adaptive
1250,done,34,dmpc_admm,mpc_agent
1251,done,34,dmpc_admm,mpc_agent_adaptive
1388,done,34,mpc_central,mpc_agent
1389,done,34,mpc_central,mpc_agent_adaptive
1390,done,34,dmpc_admm,mpc_agent
1391,done,34,dmpc_admm,mpc_agent_adaptive
1528,done,34,mpc_central,mpc_agent
1529,done,34,mpc_central,mpc_agent_adaptive
1530,done,34,dmpc_admm,mpc_agent
1531,done,34,dmpc_admm,mpc_agent_adaptive
1668,done,34,mpc_central,mpc_agent
1669,done,34,mpc_central,mpc_agent_adaptive
1670,done,34,dmpc_admm,mpc_agent
1671,done,34,dmpc_admm,mpc_agent_adaptive
1808,done,34,mpc_central,mpc_agent
1809,done,34,mpc_central,mpc_agent_adaptive
1810,done,34,dmpc_admm,mpc_agent
1811,done,34,dmpc_admm,mpc_agent_adaptive
1948,done,34,mpc_central,mpc_agent
1949,done,34,mpc_central,mpc_agent_adaptive
1950,done,34,dmpc_admm,mpc_agent
1951,done,34,dmpc_admm,mpc_agent_adaptive
2088,done,34,mpc_central,mpc_agent
2089,done,34,mpc_central,mpc_agent_adaptive
2090,done,34,dmpc_admm,mpc_agent
2091,done,34,dmpc_admm,mpc_agent_adaptive
2228,done,34,mpc_central,mpc_agent
2229,done,34,mpc_central,mpc_agent_adaptive
2230,done,34,dmpc_admm,mpc_agent
2231,done,34,dmpc_admm,mpc_agent_adaptive
2368,done,34,mpc_central,mpc_agent
2369,done,34,mpc_central,mpc_agent_adaptive
2370,done,34,dmpc_admm,mpc_agent
2371,done,34,dmpc_admm,mpc_agent_adaptive
2508,done,34,mpc_central,mpc_agent
2509,done,34,mpc_central,mpc_agent_adaptive
2510,done,34,dmpc_admm,mpc_agent
2511,done,34,dmpc_admm,mpc_agent_adaptive
2648,done,34,mpc_central,mpc_agent
2649,done,34,mpc_central,mpc_agent_adaptive
2650,done,34,dmpc_admm,mpc_agent
2651,done,34,dmpc_admm,mpc_agent_adaptive
2788,done,34,mpc_central,mpc_agent
2789,done,34,mpc_central,mpc_agent_adaptive
2790,done,34,dmpc_admm,mpc_agent
2791,done,34,dmpc_admm,mpc_agent_adaptive
132,done,35,mpc_central,mpc_agent
133,done,35,mpc_central,mpc_agent_adaptive
134,done,35,dmpc_admm,mpc_agent
135,done,35,dmpc_admm,mpc_agent_adaptive
272,done,35,mpc_central,mpc_agent
273,done,35,mpc_central,mpc_agent_adaptive
274,done,35,dmpc_admm,mpc_agent
275,done,35,dmpc_admm,mpc_agent_adaptive
412,done,35,mpc_central,mpc_agent
413,done,35,mpc_central,mpc_agent_adaptive
414,done,35,dmpc_admm,mpc_agent
415,done,35,dmpc_admm,mpc_agent_adaptive
552,done,35,mpc_central,mpc_agent
553,done,35,mpc_central,mpc_agent_adaptive
554,done,35,dmpc_admm,mpc_agent
555,done,35,dmpc_admm,mpc_agent_adaptive
692,done,35,mpc_central,mpc_agent
693,done,35,mpc_central,mpc_agent_adaptive
694,done,35,dmpc_admm,mpc_agent
695,done,35,dmpc_admm,mpc_agent_adaptive
832,done,35,mpc_central,mpc_agent
833,done,35,mpc_central,mpc_agent_adaptive
834,done,35,dmpc_admm,mpc_agent
835,done,35,dmpc_admm,mpc_agent_adaptive
972,done,35,mpc_central,mpc_agent
973,done,35,mpc_central,mpc_agent_adaptive
974,done,35,dmpc_admm,mpc_agent
975,done,35,dmpc_admm,mpc_agent_adaptive
1112,done,35,mpc_central,mpc_agent
1113,done,35,mpc_central,mpc_agent_adaptive
1114,done,35,dmpc_admm,mpc_agent
1115,done,35,dmpc_admm,mpc_agent_adaptive
1252,done,35,mpc_central,mpc_agent
1253,done,35,mpc_central,mpc_agent_adaptive
1254,done,35,dmpc_admm,mpc_agent
1255,done,35,dmpc_admm,mpc_agent_adaptive
1392,done,35,mpc_central,mpc_agent
1393,done,35,mpc_central,mpc_agent_adaptive
1394,done,35,dmpc_admm,mpc_agent
1395,done,35,dmpc_admm,mpc_agent_adaptive
1532,done,35,mpc_central,mpc_agent
1533,done,35,mpc_central,mpc_agent_adaptive
1534,done,35,dmpc_admm,mpc_agent
1535,done,35,dmpc_admm,mpc_agent_adaptive
1672,done,35,mpc_central,mpc_agent
1673,done,35,mpc_central,mpc_agent_adaptive
1674,done,35,dmpc_admm,mpc_agent
1675,done,35,dmpc_admm,mpc_agent_adaptive
1812,done,35,mpc_central,mpc_agent
1813,done,35,mpc_central,mpc_agent_adaptive
1814,done,35,dmpc_admm,mpc_agent
1815,done,35,dmpc_admm,mpc_agent_adaptive
1952,done,35,mpc_central,mpc_agent
1953,done,35,mpc_central,mpc_agent_adaptive
1954,done,35,dmpc_admm,mpc_agent
1955,done,35,dmpc_admm,mpc_agent_adaptive
2092,done,35,mpc_central,mpc_agent
2093,done,35,mpc_central,mpc_agent_adaptive
2094,done,35,dmpc_admm,mpc_agent
2095,done,35,dmpc_admm,mpc_agent_adaptive
2232,done,35,mpc_central,mpc_agent
2233,done,35,mpc_central,mpc_agent_adaptive
2234,done,35,dmpc_admm,mpc_agent
2235,done,35,dmpc_admm,mpc_agent_adaptive
2372,done,35,mpc_central,mpc_agent
2373,done,35,mpc_central,mpc_agent_adaptive
2374,done,35,dmpc_admm,mpc_agent
2375,done,35,dmpc_admm,mpc_agent_adaptive
2512,done,35,mpc_central,mpc_agent
2513,done,35,mpc_central,mpc_agent_adaptive
2514,done,35,dmpc_admm,mpc_agent
2515,done,35,dmpc_admm,mpc_agent_adaptive
2652,done,35,mpc_central,mpc_agent
2653,done,35,mpc_central,mpc_agent_adaptive
2654,done,35,dmpc_admm,mpc_agent
2655,done,35,dmpc_admm,mpc_agent_adaptive
2792,done,35,mpc_central,mpc_agent
2793,done,35,mpc_central,mpc_agent_adaptive
2794,done,35,dmpc_admm,mpc_agent
2795,done,35,dmpc_admm,mpc_agent_adaptive
136,done,36,mpc_central,mpc_agent
137,done,36,mpc_central,mpc_agent_adaptive
138,done,36,dmpc_admm,mpc_agent
139,done,36,dmpc_admm,mpc_agent_adaptive
276,done,36,mpc_central,mpc_agent
277,done,36,mpc_central,mpc_agent_adaptive
278,done,36,dmpc_admm,mpc_agent
279,done,36,dmpc_admm,mpc_agent_adaptive
416,done,36,mpc_central,mpc_agent
417,done,36,mpc_central,mpc_agent_adaptive
418,done,36,dmpc_admm,mpc_agent
419,done,36,dmpc_admm,mpc_agent_adaptive
556,done,36,mpc_central,mpc_agent
557,done,36,mpc_central,mpc_agent_adaptive
558,done,36,dmpc_admm,mpc_agent
559,done,36,dmpc_admm,mpc_agent_adaptive
696,done,36,mpc_central,mpc_agent
697,done,36,mpc_central,mpc_agent_adaptive
698,done,36,dmpc_admm,mpc_agent
699,done,36,dmpc_admm,mpc_agent_adaptive
836,done,36,mpc_central,mpc_agent
837,done,36,mpc_central,mpc_agent_adaptive
838,done,36,dmpc_admm,mpc_agent
839,done,36,dmpc_admm,mpc_agent_adaptive
976,done,36,mpc_central,mpc_agent
977,done,36,mpc_central,mpc_agent_adaptive
978,done,36,dmpc_admm,mpc_agent
979,done,36,dmpc_admm,mpc_agent_adaptive
1116,done,36,mpc_central,mpc_agent
1117,done,36,mpc_central,mpc_agent_adaptive
1118,done,36,dmpc_admm,mpc_agent
1119,done,36,dmpc_admm,mpc_agent_adaptive
1256,done,36,mpc_central,mpc_agent
1257,done,36,mpc_central,mpc_agent_adaptive
1258,done,36,dmpc_admm,mpc_agent
1259,done,36,dmpc_admm,mpc_agent_adaptive
1396,done,36,mpc_central,mpc_agent
1397,done,36,mpc_central,mpc_agent_adaptive
1398,done,36,dmpc_admm,mpc_agent
1399,done,36,dmpc_admm,mpc_agent_adaptive
1536,done,36,mpc_central,mpc_agent
1537,done,36,mpc_central,mpc_agent_adaptive
1538,done,36,dmpc_admm,mpc_agent
1539,done,36,dmpc_admm,mpc_agent_adaptive
1676,done,36,mpc_central,mpc_agent
1677,done,36,mpc_central,mpc_agent_adaptive
1678,done,36,dmpc_admm,mpc_agent
1679,done,36,dmpc_admm,mpc_agent_adaptive
1816,done,36,mpc_central,mpc_agent
1817,done,36,mpc_central,mpc_agent_adaptive
1818,done,36,dmpc_admm,mpc_agent
1819,done,36,dmpc_admm,mpc_agent_adaptive
1956,done,36,mpc_central,mpc_agent
1957,done,36,mpc_central,mpc_agent_adaptive
1958,done,36,dmpc_admm,mpc_agent
1959,done,36,dmpc_admm,mpc_agent_adaptive
2096,done,36,mpc_central,mpc_agent
2097,done,36,mpc_central,mpc_agent_adaptive
2098,done,36,dmpc_admm,mpc_agent
2099,done,36,dmpc_admm,mpc_agent_adaptive
2236,done,36,mpc_central,mpc_agent
2237,done,36,mpc_central,mpc_agent_adaptive
2238,done,36,dmpc_admm,mpc_agent
2239,done,36,dmpc_admm,mpc_agent_adaptive
2376,done,36,mpc_central,mpc_agent
2377,done,36,mpc_central,mpc_agent_adaptive
2378,done,36,dmpc_admm,mpc_agent
2379,done,36,dmpc_admm,mpc_agent_adaptive
2516,done,36,mpc_central,mpc_agent
2517,done,36,mpc_central,mpc_agent_adaptive
2518,done,36,dmpc_admm,mpc_agent
2519,done,36,dmpc_admm,mpc_agent_adaptive
2656,done,36,mpc_central,mpc_agent
2657,done,36,mpc_central,mpc_agent_adaptive
2658,done,36,dmpc_admm,mpc_agent
2659,done,36,dmpc_admm,mpc_agent_adaptive
2796,done,36,mpc_central,mpc_agent
2797,done,36,mpc_central,mpc_agent_adaptive
2798,done,36,dmpc_admm,mpc_agent
2799,done,36,dmpc_admm,mpc_agent_adaptive
