num_drones,horizon,coordinator,controller_type,status,steps,wall_time_s,min_step_time_s,max_step_time_s,mean_step_time_s,min_distance,max_distance,mean_distance_all_pairs,mean_distance_step_mean,jerk_3d_value
2,4,dmpc_admm,mpc_agent,finished,171,75.38097527300124,0.02259069301362615,0.2290104620042257,0.0668404071173278,3.039999999938148,5.899754002923934,4.0402341896472835,4.0402341896472835,672.2602677213733
2,4,mpc_central,mpc_agent,finished,234,105.071788464993,0.01925460899656173,0.1634348920051707,0.07687308814085057,3.0399999993238644,6.066699465711502,3.859774703605264,3.859774703605264,454.43896731096265
2,4,mpc_central,mpc_agent,finished,234,105.6251118729997,0.02730622199305799,0.18766999700164888,0.07643886164118562,3.0399999993238644,6.066699465711502,3.859774703605264,3.859774703605264,454.43896731096265
2,4,dmpc_admm,mpc_agent,finished,239,106.67899314800161,0.024238640995463356,0.14446187599969562,0.06929718373646808,3.039999999964977,6.078962959098133,3.837664809069108,3.837664809069108,623.9334201798578
2,4,dmpc_admm,mpc_agent_adaptive,finished,199,145.88168626200058,0.033610465994570404,3.407218816006207,0.31337684218174466,2.014523807653989,5.373286705756871,2.913465530323987,2.913465530323987,154.08649569432595
2,4,mpc_central,mpc_agent,finished,225,103.3203769140091,0.022545596002601087,0.18306739800027572,0.0808425972840309,3.040000000078905,6.489351877714866,3.990544031200834,3.990544031200834,531.5611948135496
2,4,dmpc_admm,mpc_agent_adaptive,finished,238,192.9138335900061,0.03677637399232481,4.020284003010602,0.3829326156225738,2.004326956252401,5.373286867431494,2.7634693525556937,2.7634693525556937,239.91903031565994
2,4,dmpc_admm,mpc_agent,finished,202,97.41876458500337,0.02301197599445004,1.6255882589903194,0.08406362840152255,3.0399999999385314,4.768115065162246,3.4292224225902372,3.4292224225902372,669.1147556688695
2,4,mpc_central,mpc_agent,finished,217,105.70726268399449,0.027367643007892184,0.16667419599252753,0.07728088876859646,3.0399999988949165,4.166862585247494,3.260164918348528,3.260164918348528,571.3005952310916
2,4,dmpc_admm,mpc_agent_adaptive,finished,207,154.7011804000067,0.0427828099927865,5.448589188003098,0.31282144384046706,2.0022317545560764,7.775952112552459,3.8048620997244185,3.8048620997244185,221.5331134057815
2,4,dmpc_admm,mpc_agent,finished,156,73.90017540399276,0.02274475399462972,0.20233130898850504,0.06531302743594726,3.0400000000249148,5.447345016866744,4.380716341467221,4.380716341467221,569.5923469699501
2,4,mpc_central,mpc_agent_adaptive,finished,493,286.4615536839992,0.031421886989846826,0.32820352200360503,0.16157545427619158,2.000288082047226,5.3732873051820205,2.3242800574151605,2.3242800574151605,625.6740984452076
2,4,mpc_central,mpc_agent_adaptive,finished,493,287.9364944300032,0.035758924001129344,0.3272463410103228,0.16352783200650642,2.000288082047226,5.3732873051820205,2.3242800574151605,2.3242800574151605,625.6740984452076
2,4,dmpc_admm,mpc_agent,finished,189,93.57575747500232,0.026074888999573886,0.14590859500458464,0.07162896888390634,3.039999999977957,4.606590364145215,3.3565652675298168,3.3565652675298168,551.8440617915159
2,4,mpc_central,mpc_agent,finished,232,115.98572557599982,0.02722677099518478,0.19960097200237215,0.08694658889180573,3.0399999996515157,5.7429981439942255,3.6753418338632913,3.6753418338632913,519.9195937123914
2,4,dmpc_admm,mpc_agent_adaptive,finished,147,180.7384117420006,0.03959968600247521,27.052524357000948,0.7736670134011355,2.0970917451979285,3.5270295842492194,2.4920716958871982,2.4920716958871982,74.11818950500631
2,4,mpc_central,mpc_agent,finished,213,105.60819337700377,0.023641121995751746,0.17442902899347246,0.08349248092469078,3.039999999908013,8.071745970730204,4.840678720852216,4.840678720852216,621.6419219511492
2,4,mpc_central,mpc_agent_adaptive,finished,582,342.39452069599065,0.02302773999690544,0.3361944859934738,0.1661924930830259,2.000304714389964,2.9758200326721402,2.071558697570719,2.071558697570719,756.7452173156177
2,4,dmpc_admm,mpc_agent,finished,189,93.24558955100656,0.024507954003638588,0.18885994800075423,0.0727948375666365,3.039999999973682,4.364509051270071,3.2845755157886467,3.2845755157886467,497.7499978455606
2,4,mpc_central,mpc_agent,finished,227,110.78861442899506,0.031217669005854987,0.18525769301049877,0.08898243466087018,3.0399999989859627,5.587637717053101,3.9241751853566136,3.9241751853566136,371.9873538782267
2,4,mpc_central,mpc_agent_adaptive,finished,584,346.98970517700945,0.03585052200651262,0.3059245420008665,0.1700514838718584,2.0002309622318712,3.3565805902702186,2.1015537003222056,2.1015537003222056,692.3250384190501
2,4,mpc_central,mpc_agent_adaptive,finished,476,273.5242998929898,0.03775882000627462,0.3344530600006692,0.15380674294714436,2.000735404486059,5.324180837230843,2.3285654469876613,2.3285654469876613,687.484555996145
2,4,dmpc_admm,mpc_agent,finished,190,89.1662240900041,0.0245141540071927,0.20752108299348038,0.07425130192086248,3.0399999999387965,4.720536242258381,3.4263059883850695,3.4263059883850695,630.4702793112506
2,4,dmpc_admm,mpc_agent_adaptive,finished,148,170.82733170800202,0.039043140001012944,4.080181249009911,0.7303842711355812,2.1049834509759173,3.2591440268543854,2.4686219214769243,2.4686219214769243,77.2902568246209
2,4,dmpc_admm,mpc_agent_adaptive,finished,197,331.06064798000443,0.04248812700097915,7.593370946007781,1.2454007287713762,2.0296663151181145,2.3213260647748895,2.1216719995638758,2.1216719995638758,167.05782304027662
2,4,mpc_central,mpc_agent,finished,234,105.18392051300907,0.02454521000618115,0.20268360199406743,0.0752082622913384,3.0399999993502784,4.902652056678852,3.3862385110217805,3.3862385110217805,601.3770345377135
2,4,mpc_central,mpc_agent_adaptive,finished,561,315.5652761829988,0.0180126119958004,0.31780161200731527,0.1491631314473031,2.0003247860139797,2.8988093511628974,2.065244982203867,2.065244982203867,601.3229777285965
2,4,dmpc_admm,mpc_agent,finished,265,126.13138440300827,0.02294961200095713,2.2144903519947547,0.09470558962658408,3.039999998000251,6.008322700295299,3.8857952884144464,3.8857952884144464,712.1904418620152
2,4,mpc_central,mpc_agent,finished,196,90.89586369499739,0.025784641999052837,0.20514822499535512,0.08222695461228462,3.0399999991618625,4.559687491026838,3.4534128543525395,3.4534128543525395,591.4623533273472
2,4,dmpc_admm,mpc_agent_adaptive,finished,163,241.71056483300345,0.04210754399537109,25.371974227004102,1.0532115600550365,2.0896895449713604,3.8802454430564643,2.646077578761501,2.646077578761501,115.52860457159868
2,4,dmpc_admm,mpc_agent,finished,171,78.0544595389947,0.02284574600344058,1.1846351190033602,0.07822338034552372,3.0399999999971197,5.552432249403733,4.206917860596081,4.206917860596081,631.9400382490467
2,4,mpc_central,mpc_agent_adaptive,finished,581,314.0377094400028,0.019973960996139795,0.3035355190077098,0.14140004798805117,2.000359468739041,2.5568077875384376,2.041418392492903,2.041418392492903,762.2572143464802
2,4,dmpc_admm,mpc_agent_adaptive,finished,247,254.26945854000223,0.03639840400137473,5.92359120400215,0.6145715779067076,2.0045958149187433,5.794581708741639,2.8762693716683763,2.8762693716683763,227.5712079687666
2,4,mpc_central,mpc_agent,finished,236,105.1204439449939,0.025354055003845133,0.1636094440036686,0.07753779147433461,3.039999999739164,6.456323048688382,4.005692410959668,4.005692410959668,504.63569868529993
2,4,mpc_central,mpc_agent_adaptive,finished,527,291.2777465739928,0.020643045005272143,0.2965104080067249,0.15013249023123074,2.0003784324020906,3.3590709675194743,2.105126050262973,2.105126050262973,523.7736691295984
2,4,dmpc_admm,mpc_agent,finished,164,73.11965128200245,0.022795450990088284,0.16493382399494294,0.06667329373193774,3.0399999999242855,5.664869534428403,4.247432595785246,4.247432595785246,514.1029655460392
2,4,mpc_central,mpc_agent_adaptive,finished,392,215.5829567960027,0.031231809000018984,0.3087790660065366,0.1516116786862433,2.0002720430465684,6.924580534210508,2.654056580647284,2.654056580647284,663.7156749344928
2,4,mpc_central,mpc_agent,finished,182,79.62853209499735,0.02663622201362159,0.16212076500232797,0.07536089285177686,3.0399999994952456,5.19052611145311,3.578411668089889,3.578411668089889,656.5973381655269
2,4,dmpc_admm,mpc_agent,finished,198,83.9545008080022,0.023148280000896193,0.133240750990808,0.0652591992875019,3.040000000002184,4.941264992675718,3.542239613692098,3.542239613692098,689.8058640406432
2,4,dmpc_admm,mpc_agent_adaptive,finished,157,148.9205890209996,0.04013294698961545,21.52326297100808,0.5406201379749054,2.0497455729515512,3.8159585985321636,2.6228490736945576,2.6228490736945576,76.60524981769407
2,4,mpc_central,mpc_agent_adaptive,finished,377,192.2928655089927,0.034803367001586594,0.26245083499816246,0.12376627135590004,2.008085483185807,2.4492083941829796,2.0666593323869145,2.0666593323869145,594.1499549370195
2,4,dmpc_admm,mpc_agent_adaptive,finished,421,262.5317509979941,0.03755039600946475,2.725469486991642,0.21941397008072003,2.0003472969694553,2.840122367795569,2.084246920306774,2.084246920306774,324.35343260820594
2,4,mpc_central,mpc_agent,finished,218,95.06608326500282,0.023226527991937473,0.16856523099704646,0.07462573152748653,3.0400000001214296,6.398520911974631,4.246163592298527,4.246163592298527,476.06897647064005
2,4,dmpc_admm,mpc_agent_adaptive,finished,154,160.9734365089971,0.03902435099007562,3.789206961999298,0.6310905145588762,2.074115240614534,3.9967925807204754,2.5988943848210253,2.5988943848210253,85.71436292963263
2,4,dmpc_admm,mpc_agent,finished,190,84.37457053399703,0.024255302996607497,0.13778814500255976,0.06664958745815583,3.0399999999086122,4.557295803825526,3.6208427371989518,3.6208427371989518,569.0330324632065
2,4,mpc_central,mpc_agent,finished,206,96.36447191999468,0.026265545006026514,0.18435547199624125,0.0858062455055244,3.0399999997513416,5.77944813432146,3.8193712145724503,3.8193712145724503,573.0789282274586
2,4,dmpc_admm,mpc_agent,finished,223,106.15528267600166,0.025547436001943424,0.16390626899374183,0.07333692577090678,3.0399999999126153,4.97768091635633,3.623247093464097,3.623247093464097,581.9882338217437
2,4,mpc_central,mpc_agent,finished,208,99.52268115400511,0.025684501000796445,0.20551360100216698,0.08805149892745809,3.039999998452745,5.3181886765210145,3.8201419064375535,3.8201419064375535,666.5906872960393
2,4,mpc_central,mpc_agent_adaptive,finished,513,291.5781265109981,0.03204342900426127,0.3240977530076634,0.16083012244859973,2.00035102976717,5.227796047415309,2.3145290018588707,2.3145290018588707,702.6159426860772
2,4,dmpc_admm,mpc_agent_adaptive,finished,166,120.69180332300311,0.03968487400561571,3.1869553579890635,0.2920658746684294,2.0370500182018434,3.8756541602795194,2.5288479360367067,2.5288479360367067,69.18684402435586
2,4,mpc_central,mpc_agent_adaptive,finished,417,235.4997582060023,0.04038231099548284,0.3196208059962373,0.15699168943879038,2.0032323200205626,3.7854683774332294,2.194643190827093,2.194643190827093,600.6506043524997
2,4,dmpc_admm,mpc_agent_adaptive,finished,154,230.8076751740009,0.038429546999395825,22.84357094600273,1.06738626351306,2.0376107403796198,2.3179202267789214,2.122655706575844,2.122655706575844,100.95751238241007
2,4,dmpc_admm,mpc_agent,finished,137,69.97394085999986,0.027367960996343754,2.601254388006055,0.1331604754670785,3.0399999812227154,5.231427747255268,3.996740929422417,3.996740929422417,336.90200857493323
2,4,dmpc_admm,mpc_agent_adaptive,finished,173,111.15027688599366,0.03693523099354934,1.2700232040078845,0.22895775958434733,2.026375180124524,5.340400800038481,3.0287338776653145,3.0287338776653145,110.13954653835154
2,4,mpc_central,mpc_agent,finished,244,113.03837309899973,0.02295715299260337,0.1824062930099899,0.08113396149601017,3.0399999995790448,5.125050726416836,3.4989791183074472,3.4989791183074472,397.7191703014496
2,4,mpc_central,mpc_agent_adaptive,finished,572,329.27782886699424,0.031826903999899514,0.34222200300428085,0.16555131005573653,2.0002027760703363,3.5004648747749205,2.1130256349576277,2.1130256349576277,598.2637426333296
2,4,mpc_central,mpc_agent,finished,201,97.13362703900202,0.029345507005928084,0.25151472601282876,0.08329834680593357,3.039999999403752,4.577784466968554,3.392766324157759,3.392766324157759,496.34826840138356
2,4,mpc_central,mpc_agent_adaptive,finished,346,195.65979123598663,0.04092420599772595,0.31878035099362023,0.15913239772513313,2.0047744735166404,5.922160183264567,2.579435752052631,2.579435752052631,538.2713104117277
2,4,dmpc_admm,mpc_agent,finished,210,95.14354285001173,0.02296626300085336,0.16528415799257345,0.06685697039571269,3.0399999999827174,4.795822041872602,3.401106710459098,3.401106710459098,632.3318983438742
2,4,mpc_central,mpc_agent,finished,198,85.7017585200083,0.020777223995537497,0.17670506300055422,0.06783375659517443,3.039999999682405,4.977133630763144,3.4747752366940605,3.4747752366940605,494.2368552499613
2,4,dmpc_admm,mpc_agent,finished,192,82.9125655710086,0.025812257008510642,0.15632995900523383,0.06262693048923514,3.039999999989578,4.027051897361429,3.262019556058996,3.262019556058996,647.7041195191324
2,4,mpc_central,mpc_agent_adaptive,finished,690,371.0431408400036,0.028792632001568563,0.2890528239950072,0.1278783084202534,2.0006679070279176,2.2214060190413836,2.0264129355807152,2.0264129355807152,1957.3083423930343
2,4,dmpc_admm,mpc_agent_adaptive,finished,286,174.376914804001,0.03635760999168269,3.55139807901287,0.2115292422734144,2.001059636038318,7.15915311210695,3.003958030374372,3.003958030374372,435.9353904653094
2,4,dmpc_admm,mpc_agent_adaptive,finished,192,312.0187332880014,0.04160201000922825,20.793267429005937,1.206807127208246,2.0078655535041676,6.689396560618029,3.489672797713953,3.489672797713953,138.62113957878222
2,4,mpc_central,mpc_agent_adaptive,finished,483,259.78124639199814,0.032317470002453774,0.3051098760042805,0.13900223768536868,2.0007751741102173,4.471761203997261,2.2402133721600257,2.2402133721600257,628.6197795466467
2,4,mpc_central,mpc_agent,finished,208,91.04754008998862,0.021691583999199793,0.17626452399417758,0.07755248080796334,3.03999999891154,4.783925985448428,3.4581672467177516,3.4581672467177516,684.1715832336524
2,4,dmpc_admm,mpc_agent_adaptive,finished,122,73.07022679100919,0.03909813398786355,1.270665164993261,0.18580308860763298,2.971698298916288,5.789144024702409,4.287717698475194,4.287717698475194,146.5749772158582
2,4,dmpc_admm,mpc_agent_adaptive,finished,216,156.9796277150017,0.039877948991488665,4.991561246992205,0.31327704071285284,2.0160451970812163,2.8355127932614095,2.158336304013728,2.158336304013728,99.08435793616908
2,4,dmpc_admm,mpc_agent,finished,278,123.27860390100977,0.024894167014281265,0.16486514199641533,0.0670345205504392,3.0399999999387637,4.650048816234644,3.272748299440543,3.272748299440543,648.0467310718133
2,4,mpc_central,mpc_agent,finished,235,104.19957264199911,0.02692137600388378,0.17448146200331394,0.07374273482598662,3.039999999233743,5.546814434467983,3.8151905371496992,3.8151905371496992,417.03862676095133
2,4,mpc_central,mpc_agent_adaptive,finished,557,298.8881290470017,0.02763986701029353,0.2991254930093419,0.1495059664290431,2.000172683176359,3.43753690417124,2.1106617581329252,2.1106617581329252,488.4867702586216
2,4,dmpc_admm,mpc_agent,finished,202,91.67227304099652,0.02209800700074993,0.17194080899935216,0.06691253238581213,3.0399999999905383,4.719270440864643,3.4696725054968174,3.4696725054968174,650.4769170525594
2,4,mpc_central,mpc_agent,finished,241,108.04455684599816,0.020593604000168853,0.19352894500480033,0.07608480909109866,3.039999999826046,5.231010732270166,3.5322570791304218,3.5322570791304218,391.46487988309207
2,4,mpc_central,mpc_agent_adaptive,finished,502,273.2918606989988,0.03703648300142959,0.30037937899760436,0.15251139160748886,2.0008167761033193,4.74618866967049,2.2578520670245448,2.2578520670245448,783.838165141807
2,4,dmpc_admm,mpc_agent,finished,257,112.49232970700541,0.023640765008167364,0.1359669289959129,0.06227636997331367,3.0399999998929608,5.4186343904313325,3.5251111907618813,3.5251111907618813,825.3947336762874
2,4,dmpc_admm,mpc_agent,finished,1459,672.0643406299932,0.02287959800742101,1.7629097219905816,0.07319571210499405,3.039551195335079,4.447243850453839,3.0751310854669165,3.0751310854669165,1196.0403013023722
2,4,dmpc_admm,mpc_agent_adaptive,finished,217,236.11920934000227,0.047215635000611655,3.821620556002017,0.6688324721013185,2.0097671699404387,3.1960765297917857,2.277909046771023,2.277909046771023,95.5408094184299
3,4,mpc_central,mpc_agent,finished,207,114.04158773299423,0.04749290700419806,0.2913912070071092,0.1370371330965587,3.039999999150602,5.752182660454293,4.197730863953826,4.197730863953826,856.0209115238179
2,4,mpc_central,mpc_agent_adaptive,finished,565,308.5129812750092,0.02201911699376069,0.3245291189959971,0.15125240924787725,2.000145844990955,3.4200226990170908,2.101245593087891,2.101245593087891,484.3670070609513
3,4,dmpc_admm,mpc_agent,finished,168,98.84632494699326,0.03614229999948293,1.2820183860021643,0.13729149564235177,3.0399540749266625,6.302834012989976,4.684898908837473,4.684898908837474,941.2029823259653
2,4,mpc_central,mpc_agent_adaptive,finished,515,272.63073365601304,0.041851265996228904,0.2645963910035789,0.12304707511697752,2.001124868553437,2.7259980527769128,2.055231814363685,2.055231814363685,662.490935566238
3,4,mpc_central,mpc_agent,finished,195,108.16707897601009,0.0475330280023627,0.29201424299390055,0.13747187162091276,3.039999999728091,5.615343996608302,3.659406217163179,3.6594062171631787,737.2855343897353
3,4,mpc_central,mpc_agent_adaptive,finished,325,229.05510113399941,0.07371060099103488,0.4925168850022601,0.248168905677247,2.016132780999682,3.8951616064472026,2.4385864566929674,2.438586456692968,358.0652758935
3,4,dmpc_admm,mpc_agent,finished,208,125.22477368199907,0.040193727996665984,2.19659825200506,0.1768601334037717,3.0394236774003067,7.116232186114042,3.79411910753544,3.79411910753544,755.5174489182502
3,4,mpc_central,mpc_agent,finished,179,98.53008879999106,0.0615306419931585,0.271756706002634,0.14908848282113327,3.039999999834679,7.521334200318803,4.332807863671406,4.332807863671406,964.8742434923745
2,4,dmpc_admm,mpc_agent_adaptive,finished,313,374.75892613999895,0.036731298998347484,4.034523830006947,0.7991845170928135,2.0032642040771678,2.88477690249264,2.1386230982359304,2.1386230982359304,213.2108700118943
3,4,dmpc_admm,mpc_agent,finished,256,133.69875613700424,0.04584919099579565,0.21379675100615714,0.10781396964046053,3.0399999999345657,5.885367608333277,3.574883401791292,3.5748834017912925,1137.00132473001
3,4,mpc_central,mpc_agent,finished,229,126.08980112399149,0.04424665999249555,0.2827002809935948,0.14292095524865644,3.039999996615863,6.2229379311734965,3.6930421714660513,3.693042171466051,1218.7484733167341
3,4,mpc_central,mpc_agent_adaptive,finished,452,324.9330386500078,0.07606583599408623,0.5052073289989494,0.28038060439176715,2.000106113227696,3.586491042120896,2.1204644704241438,2.1204644704241438,466.42734984249637
3,4,mpc_central,mpc_agent_adaptive,finished,340,239.66800107900053,0.08626443200046197,0.5755819580081152,0.2755668121795786,2.00354514097303,5.944618035265392,2.6818263584490407,2.681826358449041,506.77292471993513
3,4,dmpc_admm,mpc_agent,finished,185,91.16883455999778,0.04009729699464515,0.2995479509991128,0.10466767413521223,3.039999999637909,5.291411922321516,3.582796653952028,3.5827966539520286,749.3134009863224
3,4,mpc_central,mpc_agent_adaptive,finished,287,192.3850216110004,0.07632061600452289,0.5233224709954811,0.25760933695111965,2.004296466200351,6.229373588342226,2.710473786421647,2.710473786421647,363.5415861330191
3,4,mpc_central,mpc_agent,finished,199,95.84707932099991,0.045457404004991986,0.26448482999694534,0.12395440033185366,3.039999996166333,5.878888886277997,3.7641441500757855,3.764144150075786,914.4103435688548
3,4,dmpc_admm,mpc_agent,finished,223,102.13042988801317,0.040596484002890065,0.23901433100400027,0.09527769325104764,3.03999999979844,5.337110907008285,3.554963806862723,3.5549638068627236,1082.828428492222
3,4,mpc_central,mpc_agent,finished,209,104.90454582299571,0.04417082900181413,0.2364040779939387,0.1265237660812321,3.0399999943921188,5.838550945003582,3.7178105130707992,3.7178105130707992,1119.728941810597
3,4,dmpc_admm,mpc_agent,finished,248,109.39870014101325,0.04734098199696746,0.20019903499633074,0.09115243959299292,3.039999999923076,5.18685980699642,3.6354896870270283,3.6354896870270292,1084.222733895411
3,4,mpc_central,mpc_agent_adaptive,finished,480,311.8788238510024,0.06816184199124109,0.4744798250030726,0.2689392553752441,2.0008775032468504,5.799271614439343,2.2723964851373677,2.2723964851373677,938.839499688741
3,4,mpc_central,mpc_agent_adaptive,finished,357,217.89869467199605,0.04315208300249651,0.4826278909895336,0.23639443073386987,2.003603927579356,4.9041892379611145,2.588166087335553,2.588166087335553,480.20159847879523
3,4,dmpc_admm,mpc_agent_adaptive,finished,360,777.0666785230133,0.07506587899115402,31.24597780899785,1.7173551447082396,2.0009234489278582,6.597909219972703,2.5632517662829506,2.5632517662829506,624.5838805327214
3,4,mpc_central,mpc_agent,finished,183,75.74668141899747,0.04286571199190803,0.1884338390082121,0.09958465697294383,3.0399999999651115,6.502263327348886,4.086930240261469,4.08693024026147,817.8675746653569
3,4,dmpc_admm,mpc_agent_adaptive,finished,176,723.8823390339967,0.08122938399901614,34.641818706993945,3.731360847669831,2.0138562155532345,3.874822919219437,2.668746905180139,2.668746905180139,173.1230594907543
3,4,dmpc_admm,mpc_agent_adaptive,finished,279,622.8569887590129,0.07384731600177474,36.69224950800708,1.861327687297636,2.005212068346677,5.345056938004393,2.7298606184523933,2.7298606184523933,375.20921945827695
3,4,dmpc_admm,mpc_agent,finished,183,88.88291138900968,0.04160859000694472,2.2476716649980517,0.13084877212627288,3.0386898278508654,6.357003677191331,3.683175076098082,3.683175076098082,1014.8298528673606
3,4,mpc_central,mpc_agent,finished,209,105.6258162969898,0.038452837005024776,0.2691461979993619,0.13549612400023953,3.039999983243789,5.805655913328511,3.671074041749305,3.671074041749305,1171.9371985446937
3,4,dmpc_admm,mpc_agent,finished,183,89.1453561840026,0.04193556199606974,0.22632130701094866,0.10038347925136472,3.0399999999153584,6.196952746379094,4.003795777875143,4.003795777875143,948.0408966969912
3,4,mpc_central,mpc_agent_adaptive,finished,429,273.50567300998955,0.0740860009973403,0.4572337799909292,0.2484024695830302,2.0013912000236735,4.933872391944952,2.694913162082516,2.694913162082516,528.0797699411401
3,4,mpc_central,mpc_agent,finished,213,105.94666323400452,0.049074351001763716,0.2813204089907231,0.12105387133768074,3.0399999975901415,5.652459250602637,3.692955156945117,3.692955156945116,821.2907385235233
3,4,mpc_central,mpc_agent_adaptive,finished,417,274.3549387230014,0.06394580600317568,0.5180653909919783,0.2673705954388581,2.000224764032356,5.882654287567421,2.5232335064229594,2.5232335064229594,874.8246197032677
3,4,dmpc_admm,mpc_agent,finished,170,76.72993515701091,0.048171153001021594,2.614806639001472,0.13872398198222713,3.0399999999300866,6.251238048748407,4.222334135129685,4.222334135129686,989.2455714551737
3,4,mpc_central,mpc_agent_adaptive,finished,276,156.38218163899728,0.09628160399734043,0.4855942540016258,0.21782223578992527,2.0068067463044885,5.7570876300144285,2.7089796770738923,2.708979677073892,332.1994876811987
3,4,mpc_central,mpc_agent,finished,189,81.36245346198848,0.04611355900124181,0.23057360800157767,0.10995618738063116,3.0399999999460614,6.5245265148002,3.9180851139226114,3.918085113922611,891.3819482875737
3,4,dmpc_admm,mpc_agent_adaptive,finished,329,516.28955863601,0.08408247599436436,18.551699393006857,1.1872288850610255,2.001835201170661,6.44074199142608,2.7729613400442132,2.772961340044213,727.3057012654398
3,4,dmpc_admm,mpc_agent_adaptive,finished,219,924.7614657399972,0.08171975299774203,43.37457199698838,3.8496702875123097,2.019364638456375,5.164569460731307,2.918313381196741,2.9183133811967417,265.0234250578994
3,4,dmpc_admm,mpc_agent_adaptive,finished,451,506.2387230109889,0.0766234210022958,6.251833895003074,0.7342989379227106,2.0003787259561916,3.11599528052222,2.095234526978949,2.0952345269789494,463.3754792602597
3,4,dmpc_admm,mpc_agent,finished,184,74.79653125499317,0.04092653100087773,0.6442701240011957,0.08819169958722183,3.039999999923384,5.503501375066609,3.724623978482185,3.7246239784821853,986.8409183968702
3,4,mpc_central,mpc_agent,finished,191,91.32833385399135,0.04011629399610683,0.2741672839911189,0.12288067253854758,3.0399999988655693,4.978698142557388,3.469818928608444,3.4698189286084435,991.6700150800975
3,4,dmpc_admm,mpc_agent,finished,174,84.19602177100023,0.03858505099196918,0.2380552179965889,0.09584157499478027,3.039999999921141,5.863325561025511,4.160853827169966,4.160853827169966,1005.6420702507139
3,4,mpc_central,mpc_agent_adaptive,finished,392,223.8042031179939,0.07485958001052495,0.37513941299403086,0.2035565548369644,2.004406487697798,4.100877995404283,2.341928532058951,2.3419285320589505,499.7279708067888
3,4,mpc_central,mpc_agent,finished,198,99.5863286810054,0.03946007699414622,0.26558407800621353,0.13003130362182738,3.0399999990772004,5.721672433111709,3.7281383482735895,3.7281383482735895,960.7205689616358
3,4,mpc_central,mpc_agent_adaptive,finished,309,196.51150864300143,0.07019741099793464,0.4378355569933774,0.24606282064086693,2.0010842830096376,6.424901117800419,2.6685497675185603,2.6685497675185603,444.33968167873775
3,4,dmpc_admm,mpc_agent_adaptive,finished,318,584.4280358079995,0.0675989750016015,11.300617167013115,1.4390108754999593,2.007969906863223,5.2621190142284835,2.773499736570974,2.773499736570974,431.2747458681309
3,4,mpc_central,mpc_agent,finished,201,86.91793903999496,0.03308019599353429,0.20752039199578576,0.10970500232780697,3.039999997596699,5.577862740810993,3.7595756024511413,3.7595756024511413,880.7636787789687
3,4,mpc_central,mpc_agent_adaptive,finished,384,227.28347011200094,0.06961163500091061,0.5321607580117416,0.2224646734457186,2.0036588691745076,5.273978857861373,2.6662877181341256,2.666287718134125,409.65821765683864
3,4,dmpc_admm,mpc_agent,finished,337,146.87679383299837,0.038737103997846134,1.4127126690000296,0.11012728684910854,3.039901814462832,7.182181705023043,4.092068246151179,4.09206824615118,1230.8656168836114
3,4,dmpc_admm,mpc_agent_adaptive,finished,192,453.2643433119956,0.06809380299819168,33.06724327900156,2.0123727909481204,2.031577898672511,4.549642088585066,2.861040476725772,2.8610404767257727,212.94506687422643
3,4,dmpc_admm,mpc_agent_adaptive,finished,560,1232.694014326,0.06866552500287071,43.72156343300594,1.8252289184905748,2.000775793471086,4.422776485759697,2.4326248872353284,2.432624887235328,915.9873319216892
3,4,dmpc_admm,mpc_agent_adaptive,finished,370,385.2017610650073,0.06748821200744715,22.161664084997028,0.6491510267114594,2.0003123357831196,6.743844469280471,2.598770877487372,2.598770877487372,791.166428237093
3,4,dmpc_admm,mpc_agent,finished,298,141.53473523500725,0.04155886100488715,1.2809521189919906,0.12038601284932413,3.039704456515122,7.023594323340939,3.6734637837706874,3.6734637837706874,1817.0639468462684
3,4,mpc_central,mpc_agent,finished,213,105.56974645299488,0.025564049996319227,0.25952311301080044,0.12556127169999695,3.0399999982123798,6.434365008740597,3.869574293166775,3.8695742931667745,1047.748095362772
3,4,dmpc_admm,mpc_agent_adaptive,finished,355,700.3010967699956,0.08936840698879678,49.08066894199874,1.5790598618477816,2.0010403058315513,4.663255594041912,2.428694049853404,2.4286940498534046,591.9131742834427
3,4,dmpc_admm,mpc_agent,finished,182,102.10598587499408,0.03766567699494772,2.0649359810049646,0.14651379386199112,3.039999999949843,5.459106603096271,3.8943460530060423,3.8943460530060414,829.5157202395094
3,4,mpc_central,mpc_agent_adaptive,finished,422,272.9166867640015,0.039864418999059126,0.47671712799638044,0.25183985995040337,2.00209300919616,4.073162879796922,2.1739297610872477,2.1739297610872477,681.499022276384
3,4,mpc_central,mpc_agent,finished,168,91.59649157999957,0.05686376799712889,0.26107225399755407,0.1383981580895038,3.0399999998435736,6.674327866032167,4.052675880049037,4.052675880049037,871.2406707569576
3,4,dmpc_admm,mpc_agent,finished,212,104.42759786499664,0.04279140201106202,0.32447403800324537,0.10271475676426287,3.0399999999592495,5.447859078233218,3.6457650017414007,3.6457650017414003,1189.3846165581667
3,4,mpc_central,mpc_agent,finished,195,102.91422720300034,0.046948667004471645,0.26744774100370705,0.13435002529802612,3.0399999992128244,5.93365799194018,3.6872945354066586,3.6872945354066595,849.0648969054257
3,4,mpc_central,mpc_agent_adaptive,finished,410,283.7185690160113,0.08195389399770647,0.5247687890077941,0.28044779066109277,2.0006776571281053,6.45505642260679,2.5184498304910234,2.518449830491023,779.5420640711263
3,4,mpc_central,mpc_agent_adaptive,finished,388,257.15230804900057,0.08721195900579914,0.5250136760005262,0.262783439806805,2.0004487991583244,6.258431660526031,2.7928772453444006,2.7928772453444006,651.2717110103606
3,4,dmpc_admm,mpc_agent,finished,170,83.82718015101273,0.03853887700824998,1.7922853070049314,0.14467064475329072,3.0399999999260756,5.815041289931126,4.21772658664049,4.21772658664049,1029.2172269595274
3,4,dmpc_admm,mpc_agent_adaptive,finished,226,590.0386788489996,0.0672476150066359,37.255032185988966,2.2172341922425436,2.037184034229861,3.9165600219285146,2.773842865180351,2.773842865180351,353.7213283945757
3,4,mpc_central,mpc_agent_adaptive,finished,274,167.4352781459893,0.06983350100927055,0.4668127319891937,0.22980353024728295,2.0062470169232074,5.863005656429291,2.6447662386629305,2.6447662386629305,330.2442772798138
3,4,mpc_central,mpc_agent,finished,227,108.34550306700112,0.04766043600102421,0.2482942989881849,0.12236114464732788,3.0399999997672396,7.514961624720897,3.9333392505145577,3.9333392505145577,1000.8835319834143
3,4,dmpc_admm,mpc_agent,finished,172,87.51439343299717,0.04151680499489885,2.328997246993822,0.15161348397651997,3.039999999969084,6.392565478524973,4.2321024634683955,4.2321024634683955,933.4159143410556
3,4,dmpc_admm,mpc_agent_adaptive,finished,345,473.5242077219882,0.06988505300250836,11.722706681001,0.9353375759366748,2.0020839979326155,6.476799399445258,2.959014883769741,2.9590148837697416,650.1032707345279
3,4,mpc_central,mpc_agent_adaptive,finished,329,213.6450792579999,0.06375392198970076,0.43553077400429174,0.25132084051416026,2.002781290495586,5.3382214323344215,2.4296936254219053,2.4296936254219057,559.2469507510795
3,4,mpc_central,mpc_agent,finished,223,108.78996397199808,0.04313646099762991,0.2551124390010955,0.1185223193764932,3.0399999921903236,4.575796450672716,3.3487019597357173,3.3487019597357173,965.704882392625
3,4,mpc_central,mpc_agent_adaptive,finished,224,139.38468998900498,0.06879342500178609,0.5444687769922893,0.23040406016129314,2.008352621448696,6.572965215756854,2.8410777253768864,2.8410777253768864,306.8667538495589
3,4,dmpc_admm,mpc_agent,finished,190,85.27959325500706,0.05065096500038635,0.6672109979990637,0.09338690179436909,3.03999999993556,5.758097239440393,3.6619832519520297,3.6619832519520306,1058.457155408949
3,4,mpc_central,mpc_agent,finished,255,106.69630530200084,0.04150153500086162,0.21474329999182373,0.09754175456519257,3.0399999926545958,5.565441420142279,3.45073321388982,3.45073321388982,755.867330197329
3,4,dmpc_admm,mpc_agent,finished,255,106.08776014100295,0.043720831992686726,0.22910401799890678,0.085959161913956,3.039999999962176,4.959339040863711,3.3429331568458474,3.3429331568458474,1021.4469050371134
3,4,dmpc_admm,mpc_agent_adaptive,finished,299,798.0092924549972,0.0768068420002237,51.48232016900147,2.3014799128955734,2.0063820576245006,6.265147172001929,2.634528666606271,2.634528666606271,449.7446803573963
3,4,mpc_central,mpc_agent,finished,184,97.16115066900966,0.04412279700045474,0.28994182699534576,0.13732951857578565,3.0399999996732223,6.949011627204334,4.213189023930199,4.213189023930199,1029.9917809123003
3,4,dmpc_admm,mpc_agent_adaptive,finished,291,468.66738490700664,0.07675685099093243,21.622765762003837,1.2098355309928117,2.0007576938398923,5.155052197404576,2.5623672919503777,2.562367291950378,381.4174541188253
3,4,mpc_central,mpc_agent_adaptive,finished,467,295.31990627999767,0.07371098399744369,0.46047856300720014,0.2613444322462411,2.0026642162569943,4.798942077631276,2.205273638029487,2.2052736380294875,936.1535793791414
3,4,dmpc_admm,mpc_agent_adaptive,finished,324,368.61479823300033,0.07571588800055906,11.8522719439934,0.7396133187344445,2.003545360139817,5.2744276276940525,2.754333100226143,2.7543331002261433,434.2232420547388
3,4,dmpc_admm,mpc_agent_adaptive,finished,467,835.7380599770113,0.08672298000601586,44.18395832600072,1.383565143477962,2.000666192965406,3.939656017917287,2.4062333170953787,2.406233317095379,1117.6173064015127
3,4,dmpc_admm,mpc_agent,finished,369,186.57669872000406,0.036681405996205285,2.963715489997412,0.1332633748076677,3.0394741236833944,5.565458436902865,3.691234928312757,3.6912349283127575,1586.060201916669
4,4,mpc_central,mpc_agent,finished,208,125.2835078999924,0.06717491400195286,0.3749099379929248,0.20514665646148317,3.0399999998705813,6.527176022297709,4.167441809546867,4.167441809546867,1573.6584515868044
3,4,mpc_central,mpc_agent_adaptive,finished,525,347.4511759419984,0.08150741300778463,0.4613852339971345,0.2688597651371189,2.0003325008053885,5.300780254346232,2.36169178931891,2.3616917893189098,976.6045762007199
4,4,dmpc_admm,mpc_agent,finished,165,90.67236655099259,0.057838523003738374,0.24183012499997858,0.13260650418779926,3.0399999999306035,7.834006545761217,3.9370146091532066,3.937014609153207,1182.827234546276
4,4,mpc_central,mpc_agent,finished,203,124.53772871699766,0.08089522400405258,0.3606503339979099,0.20367119169471157,3.0399999989694324,6.601300514675612,3.9414046206508333,3.9414046206508333,1430.736754137497
3,4,dmpc_admm,mpc_agent_adaptive,finished,771,885.2463907630008,0.07973119599046186,24.96424329900765,0.7372915920360826,2.000121368033936,4.992265986799647,3.1466331511441488,3.1466331511441483,1498.574850449869
4,4,dmpc_admm,mpc_agent,finished,244,167.38634550300776,0.06370085600065067,2.561110965994885,0.2672759060948666,3.0396064628953963,7.239136368738948,3.8229490103394896,3.822949010339489,1088.6639236439353
4,4,mpc_central,mpc_agent,finished,199,125.24154643301154,0.06756829800724518,0.395189542992739,0.21838148696537904,3.0399999991746194,6.313987440358166,3.9367653682160406,3.9367653682160406,1413.5183716006422
4,4,mpc_central,mpc_agent_adaptive,finished,422,395.7349584350013,0.07995404199755285,0.812598793010693,0.4779703954929694,2.0014650391119817,5.245991392923551,2.422294808073379,2.422294808073379,968.4373060992331
4,4,dmpc_admm,mpc_agent,finished,191,106.17089054899407,0.0615074109955458,1.3725652959983563,0.1470449874132624,3.039999999961661,6.5241584343664885,4.2100921588371305,4.210092158837131,1522.15859542126
3,4,dmpc_admm,mpc_agent_adaptive,finished,271,772.5875676010037,0.0790952919924166,27.0598078059993,2.434124164560782,2.014748134355079,4.156911100725396,2.523374782676413,2.523374782676413,466.46909025793184
4,4,mpc_central,mpc_agent,finished,197,128.9276801149972,0.10173463801038451,0.428812457001186,0.22481253406586632,3.039999999354525,6.42572706989684,4.002863333924935,4.002863333924934,1550.503379845852
4,4,mpc_central,mpc_agent_adaptive,finished,549,519.2757325879938,0.12217766400135588,0.8512806590006221,0.49387360365351707,2.0003887004692262,5.753971539922488,2.399218686154876,2.3992186861548763,1463.2639256446814
4,4,dmpc_admm,mpc_agent,finished,199,122.59699640500185,0.06145277999166865,2.082731160990079,0.20908917970266533,3.0399999999469034,6.670072151824543,4.1782632604125345,4.1782632604125345,1712.348541846187
4,4,mpc_central,mpc_agent_adaptive,finished,482,444.60737799799244,0.13530768700002227,0.7710993549990235,0.4757696671229466,2.0008995364581583,5.770179037878246,2.3706071741015315,2.3706071741015315,1344.5582760549046
4,4,mpc_central,mpc_agent,finished,201,119.98950675399101,0.07768737900187261,0.3753445059992373,0.19876635555277547,3.039999998418005,6.525734746180891,3.8623246519711976,3.8623246519711985,1353.5494355268447
3,4,dmpc_admm,mpc_agent_adaptive,finished,387,902.7670244290057,0.0757033170084469,40.597177910996834,1.9302931392197022,2.0001267222233583,4.953855094400072,2.4686684119777267,2.4686684119777267,701.5134972279563
4,4,mpc_central,mpc_agent_adaptive,finished,421,379.7727290019975,0.08385246500256471,0.8444717489910545,0.4621830089030192,2.001047876108502,4.474232676415534,2.304129862518291,2.3041298625182915,643.7775262902816
4,4,dmpc_admm,mpc_agent,finished,225,133.74596543399093,0.05944033099513035,2.7258753780042753,0.1887282732314068,3.0396515315946018,6.077086791745117,3.7015758626468744,3.7015758626468735,1516.1235571558368
4,4,mpc_central,mpc_agent,finished,225,125.24417611501121,0.08005194898578338,0.3252541569963796,0.1798153138581741,3.0399999995213896,6.131121732016447,3.6461946948868986,3.646194694886899,1412.6707217427202
4,4,mpc_central,mpc_agent_adaptive,finished,367,303.8857448159979,0.14346781400672626,1.0423608660057653,0.4185162230822377,2.0004062821001254,6.187714145137888,2.536487968992109,2.5364879689921085,673.8104784877069
4,4,dmpc_admm,mpc_agent,finished,189,90.90612908700132,0.05799516099796165,0.36179224999796133,0.1242122418304447,3.039999999867458,6.7365232721475055,4.310353026817414,4.310353026817415,1573.844490633034
4,4,mpc_central,mpc_agent,finished,236,127.64810446300544,0.06732259600539692,0.30741237199981697,0.1749292365556496,3.0399999984001944,6.611643255356046,3.8716292712587626,3.871629271258763,1562.6088797880066
4,4,mpc_central,mpc_agent_adaptive,finished,469,395.15710593099357,0.13507556400145404,0.7639567490114132,0.4443090447380869,2.0016828988636823,6.076999105973228,2.4962015206162875,2.4962015206162875,1418.4188374883522
4,4,dmpc_admm,mpc_agent,finished,181,79.51455723799882,0.061143447004724294,1.3302816039940808,0.12777887028183735,3.0399999999605165,7.914232321740432,4.227689651679651,4.227689651679651,1326.609539787144
4,4,mpc_central,mpc_agent_adaptive,finished,483,367.7680431250046,0.18335674100671895,0.7098504889872856,0.40267553294187064,2.0002725797266443,5.986648633057721,2.510981589073752,2.510981589073752,1125.6484832548422
4,4,mpc_central,mpc_agent,finished,181,83.89346086500154,0.04654578999907244,0.2401333300076658,0.16300474135999476,3.0399999998692535,6.840858376986892,4.063944334785288,4.063944334785289,1309.0503012243032
4,4,dmpc_admm,mpc_agent_adaptive,finished,399,1756.8682861709967,0.12433368900383357,56.34363214399491,4.006688824090104,2.0037189222257776,4.792431253551605,2.5645619955849988,2.5645619955849988,952.731241127705
4,4,dmpc_admm,mpc_agent,finished,207,96.18223844000022,0.05457005600328557,1.1567648299969733,0.12627012689402756,3.0399999999098792,6.730385442115212,4.090623312802542,4.090623312802542,1768.0602102958662
4,4,mpc_central,mpc_agent_adaptive,finished,477,325.07004267199954,0.13235644200176466,0.7272514999931445,0.34682603990526106,2.0004524293411925,6.289863211190425,2.6733267920849935,2.673326792084994,1324.2429896295307
4,4,dmpc_admm,mpc_agent_adaptive,finished,354,966.0726713640033,0.11968717399577145,25.632927763988846,2.336904997861004,2.002796573227537,5.82495550220032,2.833891630681068,2.833891630681068,713.6448398123631
4,4,mpc_central,mpc_agent,finished,184,95.06270919299277,0.04481984600715805,0.320678448988474,0.1776519359780492,3.0399999995728884,7.123368042300209,3.9400253098505513,3.9400253098505518,1365.100894015112
4,4,dmpc_admm,mpc_agent,finished,203,106.88957555100205,0.05368448999070097,1.651595630988595,0.17795007269443278,3.039999999205563,6.052491625110847,3.8074007164410157,3.8074007164410157,1517.9867023451816
4,4,dmpc_admm,mpc_agent_adaptive,finished,414,1865.284859241001,0.1255438200023491,42.02463492999959,4.075976882103826,2.0008668642706056,5.518238509628792,2.6393545219880044,2.6393545219880044,1306.6555000719632
4,4,mpc_central,mpc_agent_adaptive,finished,357,271.171963759989,0.08123480499489233,0.7145361400034744,0.3972042554989294,2.0004723002815252,7.281367005994022,2.632276087947066,2.6322760879470666,763.1248412667093
4,4,mpc_central,mpc_agent,finished,215,119.0766050730017,0.07462949299952015,0.32474563299911097,0.19124472140473975,3.0399999990829203,5.882209490451672,3.699850846305756,3.6998508463057553,1486.2039142371846
4,4,dmpc_admm,mpc_agent,finished,198,97.50300807200256,0.06406623400107492,1.855236358998809,0.14514047384411718,3.039992363850768,6.495302784641559,4.2917776364272635,4.291777636427263,1598.954455763852
4,4,mpc_central,mpc_agent_adaptive,finished,500,354.2530051289941,0.1363777890073834,0.7482449300005101,0.3628904286419856,2.0013476831081203,5.214694053597093,2.2453126478287224,2.2453126478287224,991.2135171664626
4,4,mpc_central,mpc_agent,finished,181,84.10539839899866,0.0702739330008626,0.2430865479982458,0.16105665236517583,3.0399999995001186,6.8805562743237525,4.017816394319123,4.017816394319124,1342.674031176442
4,4,dmpc_admm,mpc_agent_adaptive,finished,617,2166.3828519719973,0.12295107598765753,53.34406282099371,3.0818604201459454,2.000079023411607,5.999967110570524,2.6776105169335023,2.677610516933503,1706.5315310604537
4,4,dmpc_admm,mpc_agent,finished,222,103.95045505900634,0.0581829370057676,0.22635201200318988,0.11889154561674684,3.0399999999062848,6.4767082724131555,3.7965635521067993,3.7965635521068,1715.1136602291067
4,4,dmpc_admm,mpc_agent_adaptive,finished,418,714.3095724509913,0.13058530900161713,15.6470993450057,1.3204391367654662,2.0003722857497035,6.9459392425648225,3.0349751682821275,3.0349751682821275,1188.0373871415327
4,4,mpc_central,mpc_agent,finished,229,46.99309578900284,0.07588944499730133,0.34377180799492635,0.20512416607790016,3.0399999944502243,5.655723453887223,3.7031096567757587,3.7031096567757578,1467.4375426972629
4,4,mpc_central,mpc_agent_adaptive,finished,464,230.17774706600176,0.2028172519931104,0.8239356470003258,0.49585714216181226,2.0013635635720615,5.442279500545891,2.717843721783749,2.7178437217837486,896.0638859568865
4,4,mpc_central,mpc_agent_adaptive,finished,400,199.34467823299929,0.10894259500491899,0.8274964379961602,0.4981279507447471,2.001523746068535,5.738799977763345,2.4583904957179366,2.4583904957179366,891.3730868326411
4,4,dmpc_admm,mpc_agent,finished,226,26.557808356999885,0.06289346599078272,1.440420899001765,0.11743622772562765,3.039999999896426,6.072896767183636,4.087283912942791,4.08728391294279,1924.2058467972577
4,4,mpc_central,mpc_agent,finished,230,39.313909702003,0.07192112300253939,0.27095749400905333,0.17086746420397464,3.03999999971643,6.295231315953033,3.886848859707496,3.886848859707496,1582.633899860795
4,4,mpc_central,mpc_agent_adaptive,finished,400,172.76009589900787,0.17446435100282542,0.6537434640049469,0.4317332579572394,2.001705916962124,5.971690381207193,2.4175507062159447,2.4175507062159447,1077.3138091762348
4,4,dmpc_admm,mpc_agent,finished,204,29.071196261997102,0.06644477500231005,2.091892947006272,0.14243923759767865,3.0399999997622267,6.74701218542777,4.048367861279751,4.048367861279751,1684.6924761437854
4,4,dmpc_admm,mpc_agent_adaptive,finished,437,738.6070882269996,0.13460814399877563,31.47874442700413,1.690039574668216,2.00010604596286,5.209298360096574,2.5398960485511526,2.539896048551152,1226.0481913067354
4,4,mpc_central,mpc_agent,finished,224,40.43198944500182,0.11495187100081239,0.2641512249974767,0.18043699704029287,3.0399999995022484,6.193522028052163,3.8995633753812524,3.8995633753812524,1278.218686392368
4,4,mpc_central,mpc_agent_adaptive,finished,417,174.41798522599856,0.12600196899438743,0.603395817001001,0.418134131650365,2.002064678350556,7.111878645449063,2.7543954387251577,2.7543954387251577,1250.0441733869015
4,4,dmpc_admm,mpc_agent,finished,181,15.57031356699008,0.06405293999705464,0.16669697800534777,0.08595826429249308,3.0399999997042344,5.5870667049556175,3.6514668174023286,3.6514668174023286,1176.716790799629
4,4,dmpc_admm,mpc_agent_adaptive,finished,441,985.0413135609997,0.12722260200825986,41.0245192089933,2.2335627938399267,2.0001963818080575,5.209298432510299,2.843549373540843,2.8435493735408435,1416.659935022199
4,4,dmpc_admm,mpc_agent_adaptive,finished,461,1016.4055148939951,0.10463478999736253,29.40090147400042,2.204665861069591,2.00016597716699,5.209298444400781,2.7344275513382708,2.7344275513382708,1529.921871844589
4,4,mpc_central,mpc_agent,finished,191,35.37894530799531,0.1069685499969637,0.2970850729907397,0.1851714831777374,3.0399999993001208,6.2164367222279475,3.896318161759324,3.8963181617593245,1191.1706218521774
4,4,dmpc_admm,mpc_agent,finished,263,40.34689892199822,0.0708321190031711,1.2648400280013448,0.15330303577206472,3.039999999936588,6.649262815685406,3.733316608621338,3.7333166086213376,1689.196309080256
4,4,mpc_central,mpc_agent_adaptive,finished,400,163.62494251099997,0.14397905199439265,0.7629844520124607,0.4089337451547908,2.0010188285483657,5.732355708088944,2.6168042433649883,2.6168042433649883,777.1027957135276
4,4,mpc_central,mpc_agent,finished,203,33.753737544000614,0.061923904009745456,0.2856732380023459,0.16621502536966057,3.0399999996979097,6.753898515003019,3.9473812015830974,3.947381201583097,1284.1082078901484
4,4,dmpc_admm,mpc_agent_adaptive,finished,450,1237.4186049240088,0.11265199299668893,77.79218813699845,2.7496635361596256,2.0002779951271745,5.209298444400781,2.788068907676401,2.7880689076764016,1510.5895072684416
4,4,dmpc_admm,mpc_agent_adaptive,finished,469,1018.7152637980034,0.10620081098750234,53.333869875990786,2.1719987669168526,2.0009407982372145,5.612232760050206,2.7278525198676706,2.7278525198676706,1204.2496444719732
4,4,dmpc_admm,mpc_agent_adaptive,finished,525,1316.9317851079977,0.11047715599124786,38.04781564199948,2.508353390851546,2.0000946094550343,5.209298432510299,2.8627007943487564,2.8627007943487564,1474.3646268771145
4,4,mpc_central,mpc_agent,finished,214,46.65698365900607,0.075968011005898,0.3899853089969838,0.21790367851882986,3.0399999992658944,5.9816076887616205,3.6554665160023494,3.6554665160023494,1318.3304671305061
4,4,mpc_central,mpc_agent_adaptive,finished,405,176.0139086840063,0.21202909899875522,0.6481654870003695,0.4344598270170851,2.0040422272020306,5.288415116069422,2.4697058086193646,2.469705808619365,664.1112208626585
4,4,dmpc_admm,mpc_agent,finished,190,29.25451922600041,0.07658128000912257,1.826199588002055,0.15386163532622096,3.039999999961883,6.334228530221486,3.9266547565439964,3.9266547565439964,1525.3097093597448
4,4,dmpc_admm,mpc_agent_adaptive,finished,481,361.2256721120066,0.1298016620130511,11.47568038199097,0.7508892523283464,2.0000208344047374,5.584559400541147,2.8258686749409248,2.825868674940925,1322.4400862615064
4,4,mpc_central,mpc_agent,finished,182,40.230540288990596,0.09696242999052629,0.369055549002951,0.22098608051617322,3.039999998919587,6.837592303437942,3.923704287409773,3.9237042874097727,1325.2241637639731
4,4,mpc_central,mpc_agent_adaptive,finished,415,203.06719139999768,0.14718132100824732,0.7648241900024004,0.4891918435983475,2.001615902306345,4.854859806221714,2.335366836071993,2.335366836071993,821.3240684937624
4,4,dmpc_admm,mpc_agent,finished,225,29.433565068000462,0.05193612400034908,0.264580945004127,0.1307277534768218,3.0399999999558007,6.562090096688434,3.8764879939021624,3.876487993902163,1699.8271803560638
4,4,mpc_central,mpc_agent_adaptive,finished,504,212.84816565200163,0.10786171500512864,0.8486807920126012,0.4221791572440813,2.0012118028967905,5.463530028559306,3.073027264662963,3.073027264662963,1029.648159372289
4,4,mpc_central,mpc_agent,finished,213,31.5268862649973,0.06492347599123605,0.2758223129931139,0.14791131837075158,3.0399999991045767,6.679059537566963,3.782051559407467,3.7820515594074666,1264.2300178477883
4,4,mpc_central,mpc_agent_adaptive,finished,448,189.66756337600236,0.13196277800307143,0.587014899996575,0.42319220994152473,2.000534259661971,6.2676246825819035,2.563346045408295,2.563346045408295,1164.5053634842407
4,4,dmpc_admm,mpc_agent_adaptive,finished,780,1907.8207586149947,0.12815624600625597,79.22129627800314,2.4457989797066824,2.0000518008362524,5.209298469074715,2.9433217591250096,2.9433217591250096,1947.042414772446
4,4,dmpc_admm,mpc_agent,finished,209,22.703606846000184,0.06326756399357691,1.678280049993191,0.10856533240679814,3.039999999913707,5.432412182734755,3.861582721682615,3.861582721682615,1283.5540009155425
4,4,mpc_central,mpc_agent,finished,181,30.758460279990686,0.06391516700387001,0.3191924800048582,0.16987527963526558,3.039999999786059,6.84192070333081,4.129670055424992,4.129670055424992,1434.0698580876692
4,4,dmpc_admm,mpc_agent_adaptive,finished,409,770.8995018149872,0.14426335399912205,22.357250443004887,1.8847349645869995,2.000404866818506,4.6665637980915,2.276586643727432,2.276586643727432,621.9454615930662
4,4,dmpc_admm,mpc_agent,finished,219,45.41935615999682,0.05747387399605941,1.9807726329891011,0.2072905338580346,3.0399999999720815,6.657124912599525,4.090427168243986,4.090427168243987,1746.7613507145406
4,4,mpc_central,mpc_agent_adaptive,finished,340,141.49430933399708,0.10697818599874154,0.9044245069962926,0.41603587878506754,2.0017399070492554,6.829758757273868,2.6479139706867554,2.647913970686755,631.1303336303855
5,4,mpc_central,mpc_agent,finished,211,58.6749250569992,0.10295509798743296,0.42503607099934015,0.2779628629616894,3.0399999990598787,6.987447191748652,4.129540474539853,4.129540474539853,2039.4153569880473
4,4,dmpc_admm,mpc_agent_adaptive,finished,339,1744.6748149129999,0.16774030899978243,54.532136162000825,5.14644310587929,2.0048750682001666,5.023078356758897,3.023854402191977,3.023854402191977,1150.5853665323066
5,4,dmpc_admm,mpc_agent,finished,227,47.82015374299954,0.07317658500687685,2.4642679910029983,0.21058211518869024,3.0394500327928418,6.610347344310035,4.038943816067675,4.038943816067675,1754.670608466863
4,4,dmpc_admm,mpc_agent_adaptive,finished,455,774.237999844001,0.11537131000659429,19.624250133987516,1.7015136630150585,2.0000694989534384,6.140936952497298,2.691146784135928,2.691146784135928,1383.2708742311238
5,4,mpc_central,mpc_agent,finished,243,83.38746218699089,0.17986823699902743,0.46729675101232715,0.34301960949020444,3.039999999391314,7.265383318377788,3.946909384950313,3.9469093849503123,2063.7048648190766
5,4,mpc_central,mpc_agent_adaptive,finished,512,348.09009447399876,0.3618491380038904,1.0599174710077932,0.679742650441483,2.000867197480227,7.195158539991724,2.6502839739217547,2.6502839739217547,1970.404122798245
5,4,dmpc_admm,mpc_agent,finished,245,49.85322380000434,0.10058566299267113,2.04994642699603,0.20334269632620985,3.039999999859423,6.86377102305834,4.152325548821461,4.1523255488214605,2590.440626085331
5,4,mpc_central,mpc_agent_adaptive,finished,502,322.0627925880108,0.16335172699473333,1.4930823199974839,0.6414345084960362,2.0004050656914996,7.003675319899601,2.5469363928240685,2.546936392824068,1829.1947938969925
5,4,mpc_central,mpc_agent,finished,249,66.38751093299652,0.12715315600507893,0.43632634899404366,0.2665058811646129,3.039999999167507,6.367541961692085,3.5447547507993153,3.5447547507993153,1889.158028838021
4,4,dmpc_admm,mpc_agent_adaptive,finished,333,810.9792496849986,0.11498286199639551,32.66504605099908,2.435274329556148,2.002480440911185,6.137635420518425,2.8363937344217436,2.836393734421743,667.1016943413447
5,4,dmpc_admm,mpc_agent,finished,252,43.52419550200284,0.10006270500889514,1.6327673630003119,0.172556421682361,3.0399999999458642,6.282130982168662,3.9928298852591158,3.992829885259115,2578.6325653908793
4,4,dmpc_admm,mpc_agent_adaptive,finished,549,1245.795308219007,0.14099421400169376,38.735954132993356,2.2691076209033954,2.0000435581578078,4.824113431040624,2.4644791092591625,2.4644791092591625,1318.0713284183373
4,4,dmpc_admm,mpc_agent_adaptive,finished,615,1750.2692922999995,0.15423993999138474,55.04188472300302,2.8458502119268876,2.0002203256615187,5.473469798856433,2.586684615942442,2.5866846159424415,1744.648564011813
5,4,mpc_central,mpc_agent_adaptive,finished,525,336.0071928749967,0.33712949699838646,1.1940204790007556,0.6398697963485583,2.0004714759569566,6.0316056614979034,2.7039955417349963,2.703995541734996,1750.4187798721484
5,4,mpc_central,mpc_agent,finished,235,79.91851174199837,0.10885923900059424,0.5077967110119062,0.33994661359174644,3.0399999995150835,6.800146330841413,4.1015427338664425,4.1015427338664425,2259.860541875441
5,4,dmpc_admm,mpc_agent,finished,269,82.74862009100616,0.09798019200388808,4.912372114005848,0.30745880708947076,3.0399059481006625,6.261879131769164,3.7387471303718054,3.7387471303718054,2233.3261674191062
5,4,mpc_central,mpc_agent,finished,219,75.39455875199928,0.10191142400435638,0.4843328959977953,0.34409615941575333,3.0399999988804685,6.30952806024912,3.7810558493018407,3.7810558493018402,1730.155550532727
5,4,mpc_central,mpc_agent_adaptive,finished,481,355.3411231150094,0.2023582859983435,1.4564401959942188,0.7385972666008925,2.001336036481088,5.265135077741368,2.468325171108879,2.4683251711088787,1183.8767666492906
5,4,dmpc_admm,mpc_agent,finished,197,42.45329672499793,0.10521341300045606,3.153337397001451,0.2153753320714441,3.039905052867749,7.044588279007125,4.081437270440637,4.081437270440637,2196.8951902354097
4,4,dmpc_admm,mpc_agent_adaptive,finished,499,2614.2289355889952,0.13011115399422124,67.42939479500637,5.23884362115427,2.001902757072416,6.565906228374897,3.346939741089759,3.346939741089759,2049.182442540291
5,4,mpc_central,mpc_agent,finished,203,67.47556453300058,0.1545508150011301,0.4677175099932356,0.33222678764017866,3.0399999997335247,7.561502523772275,4.180930159129441,4.180930159129441,1880.8309714961433
5,4,mpc_central,mpc_agent_adaptive,finished,572,430.1542518010101,0.3353969049931038,1.1364880629989784,0.7518616549122353,2.000772606957761,7.405103616863813,3.2343392177200854,3.234339217720086,1883.876569243072
5,4,mpc_central,mpc_agent_adaptive,finished,583,386.85132847899513,0.325543901999481,1.2184638030012138,0.6634295404544536,2.000096794363535,5.982889244699404,2.469188439491702,2.4691884394917025,2203.1631773928952
5,4,dmpc_admm,mpc_agent_adaptive,finished,428,1898.4146774499968,0.18668269999034237,45.420783382010995,4.43543454947008,2.0011852442842017,5.71832387331108,3.1189427718541465,3.1189427718541465,1817.0486081614736
5,4,mpc_central,mpc_agent,finished,210,51.83560404399759,0.09691570200084243,0.348126657991088,0.24670721446662874,3.039999999496833,7.236802868211278,3.9446659691262522,3.9446659691262522,1719.0226213197752
5,4,mpc_central,mpc_agent_adaptive,finished,566,328.61046290300146,0.25351854899781756,0.8948009830055526,0.5804507353355359,2.0004052966663566,4.95418078482912,2.5676357250204305,2.5676357250204305,1620.997784845459
5,4,dmpc_admm,mpc_agent,finished,228,31.334171836002497,0.08546052800375037,1.6697655400057556,0.13734833733344617,3.039999999910103,6.423720825526373,3.892850742445836,3.892850742445836,2111.828368331052
5,4,dmpc_admm,mpc_agent_adaptive,finished,691,2430.731030334995,0.18602561800798867,70.29483771699597,3.5175660097711985,2.000000717439289,5.825288764765223,2.577706883163723,2.5777068831637227,2810.2717718769222
4,4,dmpc_admm,mpc_agent,finished,3672,3771.761394956993,0.054087023992906325,3.37730456700956,1.0270751936917297,3.0391273595179658,5.860815510796945,3.9286358602225566,3.9286358602225557,4019.3717543320604
5,4,mpc_central,mpc_agent,finished,219,66.13566185400123,0.18275364000874106,0.44970142700185534,0.3019170248363359,3.039999999730221,6.529747334438332,3.945091758162408,3.9450917581624085,1916.6347572170312
5,4,dmpc_admm,mpc_agent,finished,202,42.53403461999551,0.08057625200308394,3.7727443470066646,0.21047171303421192,3.0394829208385357,6.630414316507469,4.005531072536518,4.005531072536517,2007.1263732961609
5,4,dmpc_admm,mpc_agent_adaptive,finished,2219,1732.5928740939999,0.19240230300056282,27.528197059000377,0.7806994701527358,2.0000003908565596,6.346638803796927,2.323408667869932,2.323408667869932,5662.299047213839
5,4,dmpc_admm,mpc_agent_adaptive,finished,1149,1298.1054625449906,0.22412766600609757,34.61639208901033,1.1296589060050906,2.0000005685798548,5.696820960665149,2.332992143097328,2.332992143097328,4003.358947832198
5,4,mpc_central,mpc_agent_adaptive,finished,515,346.66544976898876,0.34424922600737773,1.374522504003835,0.6730259384735582,2.0003496747541494,5.677451437979096,2.533777474529771,2.533777474529771,1673.9867689853947
5,4,mpc_central,mpc_agent,finished,219,71.08638562800479,0.12625994799600448,0.5121003370004473,0.32447947259313537,3.0399999995590115,7.314764275738822,4.20864159950852,4.208641599508519,2049.759693771034
5,4,dmpc_admm,mpc_agent,finished,185,44.54332481799065,0.10612291000143159,3.2634366739948746,0.2406629565892414,3.0399999998539204,6.67777351218558,4.075246459243711,4.075246459243711,1912.3040558229184
5,4,mpc_central,mpc_agent,finished,240,77.87224699999206,0.13492729399877135,0.4968549589975737,0.3242919815333759,3.039999999395508,6.6587948749965,3.944852907883489,3.9448529078834884,2193.110157846417
5,4,mpc_central,mpc_agent_adaptive,finished,453,347.33023461999255,0.3672726799995871,1.4854483410017565,0.7666221676729648,2.000930208140244,6.457374221299366,2.4843207561974325,2.4843207561974325,1273.4995177810886
5,4,dmpc_admm,mpc_agent,finished,234,63.3357217629964,0.10119872800714802,3.2472108649963047,0.2705353352176667,3.039387628291022,6.8171088548155305,4.03957156410465,4.03957156410465,1552.4156687584605
5,4,mpc_central,mpc_agent_adaptive,finished,660,415.2808238370053,0.32464090498979203,1.2081633880006848,0.6290713074665594,2.0011822876475813,6.784811513266457,2.9369518429454655,2.936951842945466,2243.8274687089884
5,4,mpc_central,mpc_agent,finished,219,52.32684835499094,0.09886517899576575,0.4312233370001195,0.23883577051586322,3.039999999467026,6.644788911010569,4.0433792945325395,4.04337929453254,2005.0709702753552
5,4,dmpc_admm,mpc_agent_adaptive,finished,795,702.7383534320106,0.17733740499534179,7.306924983000499,0.8838189693723707,2.0000997710315174,6.3152323180692,2.5234051001819973,2.5234051001819977,3405.8119406485066
5,4,dmpc_admm,mpc_agent_adaptive,finished,766,3178.7897300750046,0.23991836899949703,62.51128133299062,4.14976208514636,2.0000848325196965,7.692815658303022,3.278892848277834,3.278892848277834,4247.023828822212
5,4,dmpc_admm,mpc_agent,finished,216,43.24226618499961,0.10995314200408757,1.8022056480112951,0.20008828553276276,3.039999999965991,6.959563875969789,3.7319002253464904,3.73190022534649,2123.26082616933
5,4,dmpc_admm,mpc_agent_adaptive,finished,639,1534.1826910809905,0.2297288599947933,50.29543881400605,2.4008010502990325,1.9999179604447284,6.096986273203363,2.699944624043896,2.6999446240438956,1852.0606942140168
5,4,mpc_central,mpc_agent,finished,194,70.93237572800717,0.11881794799410272,0.5489230660023168,0.3654781619539021,3.0399999997642877,8.320448464876822,4.3572510012900185,4.357251001290019,1967.4751896942084
5,4,dmpc_admm,mpc_agent,finished,199,38.97331890001078,0.08183455999824218,2.2172714509943034,0.1957068283969493,3.039999999856652,7.059487755005779,4.0366971984022175,4.0366971984022175,1984.0420180708236
5,4,mpc_central,mpc_agent_adaptive,finished,518,353.2977467849996,0.27545337000628933,1.1993378369952552,0.6819205322446936,2.000212019258854,7.101511438348242,2.767338178346269,2.7673381783462685,2205.9779803494507
5,4,mpc_central,mpc_agent,finished,248,82.98457993299235,0.17091189199709333,0.46076672099297866,0.33445418179431846,3.0399999992834608,7.009228718137786,4.034300734102628,4.034300734102628,2476.039096627356
5,4,mpc_central,mpc_agent_adaptive,finished,433,316.10122605299694,0.29554285199264996,1.4197820280096494,0.7297482985609486,2.001492000256525,6.210503044157741,2.6889477213773727,2.688947721377373,1004.2426713574587
5,4,dmpc_admm,mpc_agent_adaptive,finished,529,3235.3622630140017,0.23572575999423862,60.750985803999356,6.115888560353096,2.000106373674479,6.6082768778395415,3.117482994189264,3.1174829941892637,2305.1492968422526
5,4,dmpc_admm,mpc_agent,finished,222,37.308578394004144,0.11772047000704333,0.3083890709967818,0.16792419365751934,3.0399999999533796,6.3100693321852015,3.834588913345231,3.83458891334523,1866.3506520651615
5,4,mpc_central,mpc_agent,finished,210,70.0750513820094,0.11970932901022024,0.46040969000023324,0.3335423003768526,3.039999999082754,7.193104115126134,3.9452554270200024,3.945255427020003,1836.2869228232662
5,4,mpc_central,mpc_agent_adaptive,finished,538,379.7769604490022,0.19968940399121493,1.213443639993784,0.7057256614014977,2.0005808690366247,6.249665887196873,2.8058824197217427,2.8058824197217427,1876.325500189303
5,4,dmpc_admm,mpc_agent,finished,206,39.747140923995175,0.10852549500123132,1.012203744990984,0.19283901077650828,3.0399020862743424,7.549426107402234,4.07575364287984,4.075753642879841,2211.628426148432
5,4,mpc_central,mpc_agent_adaptive,finished,434,294.3478967819974,0.17742335300135892,1.3634530170093058,0.678109196555068,2.0018249323218935,7.347044084869756,3.2677670754382024,3.267767075438203,1302.960130734941
5,4,mpc_central,mpc_agent,finished,233,63.60130925600242,0.09667690400965512,0.39290144700498786,0.2728804154163541,3.039999999352303,6.215327655930875,4.027499598775196,4.027499598775196,2141.718828284901
5,4,dmpc_admm,mpc_agent_adaptive,finished,420,836.2513464090007,0.1710676259972388,38.425916177002364,1.9909358482879596,2.0005218673512566,5.498269003763449,2.6545957950147785,2.654595795014778,1543.1515155531908
5,4,dmpc_admm,mpc_agent,finished,306,102.72914152799058,0.10368412699608598,6.053609474009136,0.33562738318622093,3.0391901114904645,6.075878509780143,3.8627953784847895,3.86279537848479,2639.977102491917
5,4,mpc_central,mpc_agent_adaptive,finished,513,335.95563681698695,0.17154544200457167,1.2145413669932168,0.6547898158127704,2.00011937078855,6.341612464204802,2.5673163074634924,2.5673163074634924,1686.4395636580757
5,4,mpc_central,mpc_agent,finished,225,62.780497454004944,0.12293868200504221,0.45195259600586724,0.27893631933412205,3.0399999992516964,5.74010993258872,3.7545490733126137,3.7545490733126132,1940.6087227520727
5,4,dmpc_admm,mpc_agent,max_steps,10000,3756.159079270001,0.09306446299888194,3.221553451003274,0.3754945364297775,3.0396167565030927,7.841623173874502,4.688245485131724,4.688245485131725,8122.657049399913
5,4,dmpc_admm,mpc_agent,finished,409,75.58634449300007,0.09267212799750268,1.996830754011171,0.18468381590883773,3.039999991526159,8.32302894122664,4.25083439437514,4.250834394375141,4073.323653717824
5,4,dmpc_admm,mpc_agent_adaptive,finished,1553,1497.8568693470006,0.23551990499254316,22.959502517987858,0.964338936881349,2.0000004333101757,5.995553704507124,2.316926502564056,2.3169265025640557,5718.732445297722
5,4,mpc_central,mpc_agent,finished,245,79.10394722600176,0.129934091004543,0.45853180799167603,0.322724529476575,3.039999999685005,6.542212496296135,4.070623783554293,4.070623783554292,2199.999432344728
5,4,mpc_central,mpc_agent_adaptive,finished,856,565.9038178460032,0.2360406219959259,1.1208777330029989,0.660974270070128,2.000315251962546,4.386550145697458,2.391717692879218,2.391717692879218,2612.8181526126136
5,4,dmpc_admm,mpc_agent,finished,207,57.43447759999253,0.10876268798892852,3.429914134001592,0.27738381430031767,3.039700035127731,7.900265365441229,4.0244064722082085,4.0244064722082085,1484.670253099556
5,4,mpc_central,mpc_agent_adaptive,finished,474,319.82773903000634,0.168025470993598,1.1376629509904888,0.6746399051331183,2.0008873350956624,5.790754674772018,2.562437975315962,2.562437975315962,1429.7828845173442
5,4,mpc_central,mpc_agent,finished,259,66.06061460799538,0.09589194699947257,0.40802520800207276,0.25490060379915436,3.0399999990540616,6.6204138777857535,3.722751518480533,3.7227515184805324,2146.172795637584
5,4,dmpc_admm,mpc_agent_adaptive,finished,510,2332.8377922299987,0.16417573500075378,54.36697591099073,4.574067488819556,2.001592530847843,5.830418687618244,2.82540415616197,2.8254041561619694,1400.9025716636047
5,4,dmpc_admm,mpc_agent_adaptive,finished,552,956.5959604649979,0.2559740260039689,29.46232266900188,1.7328521951179068,1.9997680945204226,6.545406797301759,2.814336977039206,2.814336977039206,1674.5892286260687
5,4,dmpc_admm,mpc_agent,finished,381,78.82750598499842,0.08216968800115865,4.098600509998505,0.20678728111021055,3.039955442575584,6.710199934354499,3.9091606002210835,3.909160600221084,3816.9823901068726
5,4,mpc_central,mpc_agent,finished,207,70.71576825100055,0.12359608200495131,0.5916225010005292,0.34148834711562165,3.039999999559411,7.145358582243243,4.228366879848223,4.228366879848223,1892.1866749658611
5,4,mpc_central,mpc_agent_adaptive,finished,526,342.4823834259878,0.18279412400443107,1.024941714000306,0.6509905228436494,2.000683514103604,6.868423352753354,2.9601098126959817,2.9601098126959817,1576.1390784116136
5,4,dmpc_admm,mpc_agent,finished,224,68.02794448200439,0.11131320499407593,8.578461547003826,0.30357676943289597,3.0397444342689486,6.751142802388821,3.931604152690415,3.9316041526904155,1982.2206106204121
5,4,mpc_central,mpc_agent_adaptive,finished,481,321.5632585049898,0.17691885100794025,1.5040700590034248,0.6683715586758375,2.002648306592781,6.232418165481662,2.8101032525492347,2.810103252549235,1429.7763426960541
5,4,mpc_central,mpc_agent,finished,247,64.86344406999706,0.10191126799327321,0.4106344710016856,0.26253065376122803,3.039999999382604,6.578556238472869,3.9052992237290316,3.905299223729031,2274.694888173856
5,4,dmpc_admm,mpc_agent_adaptive,finished,384,1238.057731370005,0.18456763398717158,63.10061416499957,3.2239672730340394,2.0009146246047735,5.4296719383440735,2.883286117248455,2.883286117248455,925.5086167454222
5,4,dmpc_admm,mpc_agent,finished,217,41.43465857299452,0.0897632150008576,1.778468051008531,0.1908356261564084,3.039999951725316,7.7859793367393895,4.038844474398841,4.038844474398841,1596.5054152582911
5,4,mpc_central,mpc_agent_adaptive,finished,510,309.9660793229996,0.16491462900012266,1.1399051969929133,0.607651682403943,2.0004931169318207,6.928000308885373,2.8486794091004457,2.8486794091004457,1472.0505770572754
6,4,mpc_central,mpc_agent,infeasible,94,43.44393753699842,0.2839144640020095,0.48277360999782104,0.42827101172325127,3.039999998940084,6.100018830516434,3.467234579588614,3.467234579588615,448.11982031632743
5,4,dmpc_admm,mpc_agent_adaptive,finished,621,2889.972589899,0.1740170209959615,84.44691057199088,4.653626750434752,2.000139195550227,7.508720088119697,2.7785037055792636,2.778503705579264,2306.698112469739
6,4,dmpc_admm,mpc_agent,finished,243,81.41754954600765,0.11190151200571563,2.5213273990084417,0.3348771527653523,3.0398549799461194,6.452758284194669,3.898935246667825,3.898935246667825,2506.212469080013
6,4,mpc_central,mpc_agent_adaptive,finished,680,627.8280631739908,0.39194144199427683,1.767002610999043,0.9230566714630934,2.00018005401095,5.32279135986327,2.5269142969162033,2.5269142969162037,2660.032125397607
6,4,mpc_central,mpc_agent,finished,328,116.80284792098973,0.16340804401261266,0.5509718839894049,0.35596631127479733,3.039999994020441,6.852257280651647,4.0419939969089524,4.0419939969089524,3993.225325031568
5,4,dmpc_admm,mpc_agent_adaptive,finished,832,2944.9617219649954,0.18084549201012123,71.33667723899998,3.5395075509919796,2.000071354682784,6.338756493868025,3.008867882119036,3.008867882119035,3535.2551980348785
5,4,dmpc_admm,mpc_agent_adaptive,finished,726,4686.785038174989,0.17546395798854064,83.7585501010035,6.455505834876016,2.000223073788475,7.485183439288196,3.1513955421963877,3.151395542196388,3600.935448052924
6,4,dmpc_admm,mpc_agent,finished,241,78.48059235600522,0.09683124200091697,3.34094378798909,0.325490975244605,3.0394195033274776,7.00816582287908,3.8464830543341466,3.846483054334147,2466.391325664048
6,4,mpc_central,mpc_agent,infeasible,110,56.187607917992864,0.32311461299832445,0.6058401170012075,0.47254228076437194,3.0399999987187285,6.566742056145998,3.570669007495364,3.5706690074953635,572.8497844034509
5,4,dmpc_admm,mpc_agent_adaptive,finished,525,1844.054935971013,0.24779301299713552,45.681670909005334,3.5123504292432473,1.998812745153099,5.501536411665452,2.7188044741044375,2.7188044741044375,1504.839980573121
6,4,dmpc_admm,mpc_agent,finished,274,151.25412632900407,0.12055462200078182,6.9867232569959015,0.55188232052544,3.0389045490960545,7.372194085597595,4.066154016521436,4.066154016521437,3287.528481323813
6,4,mpc_central,mpc_agent_adaptive,finished,642,626.5169246749865,0.4852792759920703,1.5313238730013836,0.9756616592315472,2.000350888385996,7.557400858566253,2.8131371190938483,2.8131371190938483,2846.9942423096454
5,4,dmpc_admm,mpc_agent_adaptive,finished,1304,1504.4338927140052,0.19803902800776996,24.882360174000496,1.153604431456065,2.0000008416100603,5.951392214677477,2.4855524168408425,2.4855524168408425,7928.687239250241
6,4,mpc_central,mpc_agent,finished,348,148.56651090699597,0.2087192379985936,0.6181410559947835,0.4266842220024736,3.039999999067431,7.168500439825152,3.9311242545904106,3.93112425459041,3588.0549780570323
6,4,dmpc_admm,mpc_agent_adaptive,finished,774,1137.2443653089867,0.2688159590034047,29.127241912996396,1.4691546819662864,1.9995490354180647,8.107956458848728,3.335781768631104,3.3357817686311044,3439.8266966170913
6,4,dmpc_admm,mpc_agent,finished,249,103.25421865499811,0.0981939199991757,3.7515882510051597,0.4145425603003615,3.039552517788412,7.32651159116415,4.146010960241693,4.146010960241692,2790.117653421981
6,4,mpc_central,mpc_agent_adaptive,finished,685,713.755095984001,0.418654768000124,1.6291169809992425,1.0417701641294805,2.000180904962175,7.257257241668087,2.848511892258295,2.848511892258295,3305.9582429123293
6,4,mpc_central,mpc_agent,finished,246,107.67721126800461,0.17054366000229493,0.6209550110070268,0.437422296589009,3.03999999898517,7.5855219318191205,3.985103062046891,3.98510306204689,2681.578653550322
5,4,dmpc_admm,mpc_agent_adaptive,finished,1306,2801.429460102998,0.18252213299274445,70.69145904899051,2.1449149873363367,2.0000002018824787,5.106959655944103,2.440391242220076,2.440391242220076,5816.220310069832
6,4,dmpc_admm,mpc_agent,finished,297,220.83695654700568,0.11065881200192962,25.27972267899895,0.7433715950473159,3.0305895154051683,6.4475617807141665,3.9661981845621788,3.966198184562179,3561.55665049417
6,4,mpc_central,mpc_agent,finished,211,93.97153172000253,0.13637275199289434,0.6070177319925278,0.44521257583893586,3.0399999994671183,7.969608849380966,4.0430618683222885,4.0430618683222885,2455.733704654059
6,4,mpc_central,mpc_agent_adaptive,finished,646,712.805746707003,0.5562970909959404,1.9267411239998182,1.103116613985678,2.0001516999312643,5.218976373730993,2.5605725109436803,2.5605725109436803,2656.648322786605
6,4,mpc_central,mpc_agent_adaptive,finished,640,663.866801081007,0.28462638398923445,1.8418824059917824,1.037034511885804,2.0000716628976765,5.446296514483171,2.5287993157955313,2.5287993157955313,2512.50153033055
6,4,dmpc_admm,mpc_agent,finished,223,213.457129478993,0.11688909100485034,28.260365580994403,0.9570535160894135,2.907804341482745,7.341329505472389,4.143982688963909,4.143982688963909,2983.4063374190223
6,4,mpc_central,mpc_agent,finished,255,103.67805849800061,0.18567140398954507,0.545885535000707,0.40642651753356296,3.0399999991281597,7.162219978345297,4.048084546552084,4.048084546552084,3135.5728384185873
6,4,mpc_central,mpc_agent_adaptive,finished,668,677.2167937060003,0.28135496100003365,2.0658015279914252,1.0135822397980279,2.000223172489494,6.001827432615713,2.682325378349516,2.682325378349516,2983.744208231907
6,4,dmpc_admm,mpc_agent_adaptive,finished,689,1933.4889790830057,0.28454815299483016,46.71834295200824,2.806062470345377,1.9995472715043745,6.717213013967552,2.962169710626652,2.962169710626652,3168.8699912425286
6,4,dmpc_admm,mpc_agent,finished,238,144.48763183900155,0.12122853999608196,17.070783907009172,0.6069527247947779,3.0039474111680535,7.00736129807748,4.134279994175651,4.134279994175652,2755.6416542475904
6,4,mpc_central,mpc_agent,finished,294,117.05038158800744,0.20560889200714882,0.6068899579986464,0.39789402101688415,3.0399999985610555,6.8417826819148875,3.835965620344906,3.8359656203449055,3421.2752891989903
6,4,mpc_central,mpc_agent_adaptive,finished,615,629.6292894910002,0.5038067589921411,1.5712798129970906,1.0235546701721425,2.0008635930279968,6.201589753907192,2.499959630120161,2.499959630120161,2781.158259650566
6,4,dmpc_admm,mpc_agent,finished,351,101.15101585599768,0.1134446280047996,3.1055556049977895,0.2880448382959334,3.0395025829520304,7.090291601736997,4.056042316014229,4.05604231601423,3161.0465719864537
6,4,mpc_central,mpc_agent_adaptive,finished,525,464.39583371598565,0.41695433600398246,1.642818817999796,0.8844082999301498,2.000056925779432,6.86338387138248,2.8111202360234127,2.811120236023413,1784.0447029970032
6,4,mpc_central,mpc_agent,finished,251,91.1092783859931,0.14018818800104782,0.4736184880021028,0.3627931356256822,3.0399999994179026,7.330137950650187,3.985048578514663,3.9850485785146628,2786.9934698172337
5,4,dmpc_admm,mpc_agent_adaptive,finished,871,4258.4144961239945,0.16311983299965505,60.89803912899515,4.888991845666115,2.000016549228177,7.454599538218117,3.31723883953197,3.31723883953197,4811.7184132796465
6,4,dmpc_admm,mpc_agent,finished,202,49.88253869500477,0.11234235399751924,2.228589758000453,0.24681434750902445,3.039999999934638,7.5426375900757785,3.9615189490418508,3.9615189490418508,2441.883293735499
6,4,mpc_central,mpc_agent_adaptive,finished,595,544.40796077899,0.4769125730090309,1.721912713997881,0.9147860514182263,2.000099541628346,6.733119169478457,2.508179041914635,2.508179041914635,2439.3883351119416
6,4,mpc_central,mpc_agent,finished,246,90.75802642099734,0.18587237199244555,0.5733411539986264,0.36869389351684034,3.039999999342527,7.39867480488419,4.25357501448711,4.25357501448711,2871.9991160493864
6,4,mpc_central,mpc_agent_adaptive,finished,565,494.22135107099894,0.3722633190045599,1.6248518710053759,0.8745562582550028,2.0006263011024434,6.420337528067121,2.9574447684427874,2.957444768442787,2415.470602549185
6,4,dmpc_admm,mpc_agent_adaptive,finished,661,1507.0610131379945,0.2407768870034488,65.69378287899599,2.2798427336459124,2.0000134991951315,5.398794863591248,2.813195959089851,2.8131959590898505,2612.0937887924083
6,4,dmpc_admm,mpc_agent,finished,230,47.30077279600664,0.11277816999063361,1.8373410659987712,0.20555292719591703,3.039660188957962,7.752812029954636,4.153434726465433,4.1534347264654325,2955.2421152119364
6,4,mpc_central,mpc_agent,finished,263,98.44640351299313,0.17993731700698845,0.5001568709994899,0.3741100252884951,3.039999999398436,6.9195609299429055,3.9576721681701468,3.957672168170146,2340.277227959665
6,4,dmpc_admm,mpc_agent_adaptive,finished,685,2374.2901946019992,0.2985243000002811,54.48059394600568,3.4659978694963756,2.0000072031269736,6.5538844474369515,2.8716052954135463,2.871605295413546,3801.4101204878953
6,4,dmpc_admm,mpc_agent,finished,224,52.97688053699676,0.11093259399058297,2.2736045220080996,0.23633507881199226,3.0399185490687732,6.86299932888643,4.035800805825514,4.035800805825514,2690.483764596076
6,4,mpc_central,mpc_agent_adaptive,finished,538,514.0700198359991,0.4663999719923595,1.756786056997953,0.9552960014179815,2.000290644552991,6.496081051272893,2.7676482909453446,2.767648290945345,2499.0298621828088
6,4,mpc_central,mpc_agent,finished,211,80.55179559599492,0.19454200098698493,0.5080511609994574,0.3815804272797676,3.0399999995728857,7.094273085153565,3.994564186184388,3.994564186184388,2366.5490387021105
6,4,dmpc_admm,mpc_agent_adaptive,finished,627,4483.640814459999,0.23189367599843536,83.63693802899797,7.150833181398844,2.0001184903480156,5.763872270523752,2.793863821308943,2.793863821308942,2614.995367222157
6,4,mpc_central,mpc_agent_adaptive,finished,537,478.8577428610006,0.4045057960029226,1.4485453930101357,0.8915346044932906,2.0005818133007005,7.025635129588671,2.7323302141144152,2.7323302141144157,2213.4267645217
6,4,dmpc_admm,mpc_agent,finished,1017,416.29985550700803,0.1117838400095934,3.284245043003466,0.4092333841073142,3.0393297227547813,8.024250042907452,4.35313369380889,4.35313369380889,5205.093278826035
6,4,mpc_central,mpc_agent,finished,253,91.01453252400097,0.14683461000095122,0.4819159159960691,0.35946742795275943,3.0399999982813783,6.545965594027689,4.001796980616981,4.001796980616981,2974.6084380552875
6,4,dmpc_admm,mpc_agent_adaptive,finished,2467,4034.7503865010076,0.2436884700000519,68.95584267900267,1.6353621810749013,2.000000555378036,5.91778015973926,2.857652018255996,2.857652018255996,9803.835384129112
6,4,dmpc_admm,mpc_agent,finished,351,84.35586792600225,0.09985538000182714,2.269394867005758,0.2402062142256049,3.0396573765253345,7.146126482514727,3.8827543624271716,3.8827543624271716,3961.414074406299
6,4,mpc_central,mpc_agent_adaptive,finished,500,453.1347206740029,0.4626401400018949,1.8228826050035423,0.9060644449014217,2.000193600313336,7.322183798474363,2.796971554240015,2.7969715542400144,2380.9028828861383
6,4,mpc_central,mpc_agent,finished,220,80.69071144799818,0.145128942996962,0.4859206419932889,0.3666390169821336,3.0399999995760156,7.796969395545607,4.1557093700358125,4.155709370035812,2620.847398481169
6,4,dmpc_admm,mpc_agent_adaptive,finished,598,5079.089200779999,0.248475486994721,110.4949356099969,8.493316983943032,2.00169050740827,7.695846332170193,3.3226936842984607,3.3226936842984607,3478.088525261477
6,4,dmpc_admm,mpc_agent,finished,279,81.07912106800359,0.11652829901140649,2.2421172359900083,0.290495822254333,3.039999996704798,6.523152670320455,3.9958147518980063,3.9958147518980063,2836.1876451268786
6,4,dmpc_admm,mpc_agent_adaptive,finished,604,3286.422509281998,0.2501016839960357,65.24523570699967,5.4409661931227635,2.0000225544528494,6.101459635022261,2.9959684353943596,2.995968435394359,2170.1816473168637
6,4,mpc_central,mpc_agent,finished,349,136.10029486499843,0.2052574929984985,0.5680964679922909,0.3897920473981839,3.039999996021459,6.945499894263648,4.0710504629437585,4.0710504629437585,4094.272619562283
6,4,dmpc_admm,mpc_agent_adaptive,finished,697,2124.511504826005,0.2530105839978205,63.22692158599966,3.047935629198089,2.000005394807387,5.473830125062412,2.5684715187013216,2.568471518701321,2956.0694133004317
6,4,mpc_central,mpc_agent_adaptive,finished,686,651.6954137499997,0.26894246898882557,1.3939938370021991,0.9497745400280024,2.0004436870106623,6.353861558904229,2.69123578437497,2.69123578437497,2664.399585825172
6,4,dmpc_admm,mpc_agent,finished,397,96.00714461000462,0.104266437003389,2.3244691669970052,0.2417099572217367,3.0397207492628717,7.140023863526253,3.974813882652004,3.974813882652004,3811.310103083225
6,4,mpc_central,mpc_agent,finished,261,106.05538603699824,0.18984603800345212,0.6395700919965748,0.4060051890343902,3.0399999991797118,7.093839501642604,4.107004920223791,4.107004920223792,3336.022733590294
6,4,mpc_central,mpc_agent_adaptive,finished,538,557.069902083007,0.46474593500897754,1.7632432770042215,1.0352112832375044,2.0004879018103496,6.016317558349018,2.715891740129239,2.7158917401292384,2107.528967227528
6,4,dmpc_admm,mpc_agent,finished,252,83.10170068099978,0.11262433699448593,7.569846092999796,0.32964600098363467,3.0397255983474842,7.250396225546065,3.8913797333981193,3.8913797333981193,2640.2654208040417
6,4,mpc_central,mpc_agent_adaptive,finished,528,514.2019143170037,0.22445450100349262,1.7511465249990579,0.973657561352163,2.0006069444468917,7.78031514579063,2.9324337621836536,2.9324337621836536,2430.704562674016
6,4,dmpc_admm,mpc_agent_adaptive,finished,1623,6489.930653285002,0.2383587279909989,77.71120983100263,3.9985743960154343,2.0000004641753213,8.041337699571057,2.6976084440693855,2.6976084440693855,10046.976391923372
6,4,mpc_central,mpc_agent,finished,270,101.05680370600021,0.07965928300109226,0.4771642459963914,0.3741231132078812,3.0399999991018753,7.194167055044674,4.090108736660984,4.090108736660983,2688.476918999847
6,4,dmpc_admm,mpc_agent,finished,227,112.36257886300154,0.11155436799162999,21.62768906900601,0.49485140082404316,3.0392726164111328,7.020357482234506,4.336603340716183,4.336603340716182,2516.6029983294384
6,4,dmpc_admm,mpc_agent_adaptive,finished,2201,2699.2083460260037,0.2296529220038792,51.39162684699113,1.2262261599369835,2.0000001880225673,6.852283210048236,2.5845235742419663,2.5845235742419663,10724.93534985986
6,4,mpc_central,mpc_agent,finished,249,103.19645900500473,0.1945895759999985,0.5926206939911935,0.4142527176017792,3.0399999992415507,6.472155211356456,3.8667147122272563,3.866714712227256,2905.0401019107903
6,4,mpc_central,mpc_agent_adaptive,finished,681,668.0118311359984,0.4372127509996062,1.812300896999659,0.9806778584332361,2.0002091103659203,6.932819651585962,2.6714712843209263,2.6714712843209267,3173.7988333888266
6,4,dmpc_admm,mpc_agent,finished,250,111.92497726299916,0.10662766400491819,10.268814701004885,0.4476009178840322,3.010769220832847,6.786822262601896,4.2094444004791445,4.209444400479144,2442.9346631411086
6,4,dmpc_admm,mpc_agent_adaptive,finished,608,2758.650848970996,0.24828682299994398,55.17476472299313,4.537120068264668,1.9990472870856335,7.702296020106278,2.922367711775848,2.9223677117758475,2929.4851537790214
6,4,mpc_central,mpc_agent_adaptive,finished,568,531.9169224100042,0.4665363069943851,1.9385041709901998,0.9362661308416239,2.000622448244582,7.1005794859004965,2.8281873642241666,2.8281873642241666,2521.60330329701
6,4,mpc_central,mpc_agent,finished,213,86.92140434899193,0.20486019900999963,0.6151736530009657,0.4078870771123214,3.0399999989725615,7.1076477074032605,4.224088440003528,4.224088440003529,2495.537146075278
6,4,dmpc_admm,mpc_agent,finished,269,120.43372968900076,0.11609370599035174,4.482674095997936,0.4475854038068078,3.0393820028206386,6.726305964927299,3.9350973318107916,3.9350973318107907,2613.9893771822317
6,4,mpc_central,mpc_agent_adaptive,finished,693,576.0858755780064,0.23689551300776657,1.985071995004546,0.8311357956002856,2.00053583396233,7.245761612185701,3.343523288158591,3.343523288158591,2655.3743422989837
6,4,mpc_central,mpc_agent,finished,257,93.5912929729966,0.14945340898702852,0.49941360599768814,0.363955871155678,3.0399999978433008,6.7014103326539525,4.091445314014553,4.091445314014553,2962.5387457057595
6,4,dmpc_admm,mpc_agent_adaptive,finished,1183,5343.323479001003,0.2625660949997837,99.89499534601055,4.51663140580314,1.99750431084502,5.870098650293862,2.957333884227896,2.9573338842278964,4250.159466272726
6,4,dmpc_admm,mpc_agent,finished,273,123.44096506100323,0.10956821699801367,20.657537299004616,0.45205242810203716,3.039324527536412,7.776725490905448,3.9880072088473235,3.9880072088473235,3575.517747105924
6,4,mpc_central,mpc_agent_adaptive,finished,622,569.8604587080044,0.4632460529974196,1.4453124589927029,0.9159993879856451,2.000154990103329,5.29736424679236,2.4940624488210155,2.4940624488210155,2408.7356968020204
7,4,mpc_central,mpc_agent,finished,235,113.89501878299052,0.33387330498953816,0.7821312630112516,0.484518321451144,3.0399999993112465,7.558171151470861,4.213861607103698,4.2138616071036985,3482.629689238074
6,4,dmpc_admm,mpc_agent_adaptive,finished,2266,2797.653648375999,0.28673068901116494,47.71251628600294,1.2344865061710546,2.0000001068011493,8.821414503004318,2.510768115311124,2.5107681153111243,6331.9974516001985
7,4,dmpc_admm,mpc_agent,finished,395,153.30922389299667,0.13443914499657694,21.265637652992154,0.3879869444911734,3.0306063766327163,7.470876738642179,4.206820625244506,4.206820625244507,5812.908865827032
7,4,mpc_central,mpc_agent_adaptive,finished,799,1000.170942687997,0.6637792339897715,1.7959536950074835,1.251573226989977,2.0005331201049317,5.4485220111719,2.6380436521649067,2.6380436521649067,4251.732400721089
7,4,mpc_central,mpc_agent,finished,270,127.21761133300606,0.33341137699608225,0.6376607689890079,0.47091674440011116,3.0399999989658144,7.640653597047241,4.1217563033623446,4.1217563033623446,3694.3271274325657
6,4,dmpc_admm,mpc_agent_adaptive,finished,1011,3488.1788527269964,0.24578629600000568,83.64618836299633,3.4500950200147082,2.000004214922103,7.437796455488079,3.368337282975247,3.3683372829752467,5535.231598005139
7,4,mpc_central,mpc_agent_adaptive,finished,625,804.4957583089999,0.652308026998071,2.3616730380017543,1.2869503957059467,2.000035367738493,7.179660695424016,2.7670156512835313,2.767015651283531,3844.601090254079
7,4,dmpc_admm,mpc_agent,finished,353,180.25097310901037,0.14012305698997807,13.65425093700469,0.5104977615894839,3.0392835125546083,7.944211276729955,4.132378674472956,4.132378674472956,5011.5805859031325
6,4,dmpc_admm,mpc_agent_adaptive,finished,444,3193.0300444589957,0.24303939400124364,70.73295397400216,7.191372305416178,2.001090921819825,6.949551028433952,2.9536518031540004,2.9536518031539996,1214.1792559607552
7,4,mpc_central,mpc_agent,finished,294,147.4079885680112,0.27530177400331013,0.6890680879878346,0.5011691647209247,3.039999998021433,7.515378583553147,4.03996583300182,4.039965833001821,4604.015110237368
6,4,dmpc_admm,mpc_agent_adaptive,finished,965,4590.119033069001,0.25822393399721477,90.70442554799956,4.756469628905803,1.9999688673518392,6.907879456895775,2.8365734218365977,2.8365734218365977,3956.373295103372
7,4,dmpc_admm,mpc_agent,finished,563,228.98830524200457,0.13340294400404673,6.258008951001102,0.40660274034784943,3.039486689881683,7.1412370879792935,4.276248243680354,4.276248243680354,6333.598813422247
7,4,mpc_central,mpc_agent,finished,381,185.45857651399274,0.276758116990095,0.7620046910014935,0.4865167298345577,3.039999997936268,7.371131004744777,4.281216106578608,4.281216106578609,6170.998546842651
6,4,dmpc_admm,mpc_agent_adaptive,finished,612,5914.521641658997,0.24352306200307794,87.48051685799146,9.664120986497032,2.000165000354589,7.176178500464243,2.876100166105558,2.876100166105558,2931.6992252322048
6,4,dmpc_admm,mpc_agent_adaptive,finished,857,6573.3986079759925,0.24878220599202905,70.93854986400402,7.6700983361366255,1.9997403803513618,9.013004863938221,3.6819153974052226,3.681915397405222,2964.533991589311
7,4,mpc_central,mpc_agent_adaptive,finished,758,1072.7391425359965,0.6197728900006041,2.805281023000134,1.4149669414697503,2.000217733899638,7.738690833128466,3.334859295733358,3.3348592957333585,4420.478787077092
7,4,mpc_central,mpc_agent,finished,333,163.5914260710124,0.19642682300764136,0.793040521995863,0.4910369593550992,3.039999998855665,7.4501094407428194,4.14676462270091,4.14676462270091,3439.828937681622
7,4,mpc_central,mpc_agent_adaptive,finished,729,1047.908033175001,0.3404690919996938,2.3686313110083574,1.4371990608451448,2.0002399392441075,7.09868819785348,2.8275559438512254,2.8275559438512254,4486.563635076725
7,4,dmpc_admm,mpc_agent,finished,251,98.04090291399916,0.13545108000107575,11.860700593999354,0.39047870922725153,3.0397029072616495,6.771540575610111,4.135803269426986,4.135803269426985,3618.090681377912
7,4,mpc_central,mpc_agent_adaptive,finished,615,813.4367480849905,0.5792340589978267,2.3733604610024486,1.3224464836359078,2.0000819956571085,6.804646103808737,2.8620360671084732,2.862036067108473,3419.8629377017724
7,4,mpc_central,mpc_agent,infeasible,82,48.902163596008904,0.35742332400695886,0.7422351360000903,0.512995291829589,3.0399999979363024,6.338837096849391,3.614267445119663,3.6142674451196632,206.0832272735359
6,4,dmpc_admm,mpc_agent_adaptive,finished,706,4741.155532221004,0.2758843159972457,64.63366852600302,6.715400792385161,1.9997397463358275,6.761448433345442,3.0605730945144782,3.0605730945144787,2913.719893928344
7,4,dmpc_admm,mpc_agent,finished,228,70.40037891999236,0.1302348350000102,3.3125258320069406,0.3086369153068262,3.039683868758539,7.959944310546952,4.288431964867022,4.288431964867022,3088.67647236031
7,4,mpc_central,mpc_agent_adaptive,finished,686,888.4980605979945,0.6287220669910312,2.405093269000645,1.2949649991676795,2.0000248551607296,5.978129866971935,2.614917829010822,2.614917829010822,3347.1640161887235
7,4,mpc_central,mpc_agent,infeasible,96,62.489293282997096,0.43808711699966807,0.7405892069946276,0.5436741419691012,3.039999999243004,5.930772848613396,3.6407165669412054,3.640716566941206,521.7224249743069
7,4,mpc_central,mpc_agent_adaptive,finished,669,895.249682722002,0.6812114009953802,2.9945430920051876,1.3379757471255762,2.0000623887926348,7.394179291891727,2.7008729355092274,2.700872935509227,4635.32840704408
7,4,dmpc_admm,mpc_agent,finished,245,81.06664109499252,0.1354191419959534,4.85791917500319,0.33075877486583205,3.0396645505597113,7.157255469628445,4.132903659031095,4.132903659031094,3138.651854932793
7,4,dmpc_admm,mpc_agent_adaptive,finished,3309,5994.990534024997,0.3220621979999123,77.20320903800894,1.811554659197786,2.0000003255148773,6.330361095995232,2.478521933068443,2.478521933068443,7436.257264402
7,4,mpc_central,mpc_agent,finished,276,132.15247108500625,0.25791868100350257,0.621163414005423,0.4785365034671934,3.039999998837685,7.765774739781689,4.250918913910581,4.250918913910581,3827.9776108237447
7,4,mpc_central,mpc_agent_adaptive,finished,741,1036.3434304830007,0.6628476050100289,2.3302873500069836,1.3983717516896361,2.0001106303299903,7.333181825689731,2.6828822206313645,2.682882220631364,5116.298012631551
7,4,dmpc_admm,mpc_agent,finished,379,124.71954994399857,0.13427126398892142,10.660463225998683,0.3289511061077621,3.038768001484085,7.23611914498074,4.216510185469363,4.216510185469362,5126.324675339736
7,4,dmpc_admm,mpc_agent_adaptive,finished,640,4677.027792990004,0.3332140690035885,71.24415141300415,7.307709627090799,2.0000669171089673,6.584792911081666,2.875197884724148,2.875197884724148,3436.634745323457
7,4,mpc_central,mpc_agent,finished,252,120.08769836199644,0.2842094579973491,0.743188166001346,0.47626767555982313,3.039999999582018,8.23194230510133,4.092511987647544,4.092511987647543,3659.589429406846
7,4,dmpc_admm,mpc_agent_adaptive,finished,877,6419.969724505994,0.3205446979991393,92.43561356399732,7.320220935350179,1.9996714365124812,5.849814966677433,2.8843507032503584,2.884350703250359,4155.0944965420895
7,4,mpc_central,mpc_agent_adaptive,finished,641,751.0194606180012,0.35275601799366996,2.005069557999377,1.1714209706072618,2.0007967241851703,6.668776521426496,2.9820849520737758,2.982084952073776,2866.766568868138
7,4,dmpc_admm,mpc_agent,finished,273,134.27904594800202,0.13018974399892613,5.688516089998302,0.49170955010662504,3.039304926736252,6.935393186989361,4.235914320406495,4.235914320406496,4225.573787334648
7,4,mpc_central,mpc_agent,finished,244,112.07401409398881,0.17641386699688155,0.598800318010035,0.45904044349991324,3.0399999989884523,7.627462119411118,4.126858485329424,4.126858485329424,3377.698898819882
7,4,dmpc_admm,mpc_agent_adaptive,finished,2986,6395.7014005569945,0.32933374401181936,124.5612316159968,2.1417540511447797,1.9999477292991534,6.701622678465367,2.5273191946723688,2.5273191946723688,11543.608132132853
7,4,mpc_central,mpc_agent_adaptive,finished,680,875.2574464540085,0.34043429799203295,2.665909005998401,1.2869372103339094,2.0005291151863576,7.56663717122651,2.8442142523042504,2.8442142523042504,4585.596290895419
7,4,dmpc_admm,mpc_agent_adaptive,finished,611,2780.057738688003,0.32242037799733225,66.5701353350014,4.549873448801869,1.9998848315202327,7.76954985394715,3.0691604368384113,3.0691604368384113,3940.21145827225
7,4,mpc_central,mpc_agent,finished,331,152.47935216600308,0.18376658100169152,0.6092263799946522,0.460400749930788,3.039999996339494,7.583282619129658,3.9718681045905586,3.971868104590558,4596.039678595835
7,4,dmpc_admm,mpc_agent_adaptive,finished,3240,7012.0302796629985,0.36260192599729635,79.09567211200192,2.164065960549699,2.0000003403596556,7.597391079681812,2.5473098334844044,2.547309833484404,10560.106688168242
7,4,mpc_central,mpc_agent_adaptive,finished,560,713.2052754419856,0.655891446993337,1.9862949780072086,1.273346396017327,2.0006718522633653,6.2836039230225085,2.811586228694355,2.8115862286943547,2560.6600850357204
7,4,dmpc_admm,mpc_agent,finished,322,795.2242325589905,0.1312841389881214,20.79646044500987,2.469497675913766,2.9687639922847753,7.833706241014931,4.424213632927199,4.424213632927199,2657.5928568578374
7,4,mpc_central,mpc_agent,infeasible,88,63.7084363699978,0.4308543329971144,0.6920505699963542,0.538319500885667,3.0399999985129944,7.407971219685646,3.626635001678919,3.626635001678919,299.93464304094834
7,4,mpc_central,mpc_agent_adaptive,finished,776,988.3724963310087,0.6348416969995014,2.2259915940085193,1.273470596266634,2.000101102269829,5.55435275801601,2.7842758814745356,2.784275881474535,3867.0860907533734
7,4,dmpc_admm,mpc_agent_adaptive,finished,5594,8216.103718782993,0.3190654720092425,72.65844553599891,1.468591041572639,2.0000002317499392,6.936489955679923,2.4899685976499057,2.4899685976499057,8773.026610265868
7,4,dmpc_admm,mpc_agent_adaptive,finished,3972,4502.1085388079955,0.3033396359969629,78.989760491997,1.1333189987037326,1.9999412790627902,6.083252741256657,2.6752450385147455,2.675245038514745,9249.902198788803
7,4,mpc_central,mpc_agent,finished,310,143.97586582199438,0.29505465998954605,0.6016881969990209,0.4642223976805033,3.039999998540924,6.965367074056045,4.146986179568087,4.146986179568086,4904.13332114318
7,4,dmpc_admm,mpc_agent_adaptive,finished,1389,7218.7665701700025,0.319855636000284,112.66575765699963,5.196946957473154,1.9997259068009297,6.038260874053326,2.833356545419389,2.833356545419389,7485.466562552619
7,4,dmpc_admm,mpc_agent,finished,273,101.63353874300083,0.13893371900485363,4.2434371689887485,0.37212876298552466,3.03965046187118,6.855026162828207,4.100024532008771,4.10002453200877,3310.782596490305
7,4,mpc_central,mpc_agent_adaptive,finished,756,1000.9268912480038,0.6535283169941977,2.0900435100047616,1.323725891342085,2.0000928984833175,6.573127366869134,2.745331333402378,2.745331333402378,4290.301107197649
7,4,mpc_central,mpc_agent,infeasible,100,58.539259330005734,0.30099668698676396,0.5958302799990634,0.5098478696413804,3.0399999982993777,6.367859146619409,3.5863073446083704,3.58630734460837,352.5865516664073
7,4,dmpc_admm,mpc_agent_adaptive,finished,1020,4777.056996258994,0.30655311000009533,95.5232502919971,4.683260265062748,2.0000023683670425,6.333168409001601,2.8176400920356377,2.8176400920356377,6463.254556262254
7,4,dmpc_admm,mpc_agent,finished,377,224.13817603699863,0.13207833700289484,16.243668787006754,0.5943849588412697,3.034913396215196,6.889495494551563,4.03940827421064,4.039408274210639,4274.345413635666
7,4,mpc_central,mpc_agent_adaptive,finished,567,746.6063056020066,0.5739597990032053,2.9937669479986653,1.3165850758164654,2.0005767486867256,7.611386652665163,2.7914458624508516,2.7914458624508516,3330.865372007467
7,4,mpc_central,mpc_agent,finished,254,114.94304040599673,0.1728316079970682,0.6108088460023282,0.4523190719568318,3.039999998804883,7.048232829538121,4.153644480130789,4.153644480130789,3453.23515722895
7,4,mpc_central,mpc_agent_adaptive,finished,674,904.6186668380105,0.5742094390006969,2.3880427709955256,1.3419571374441104,2.0004060362875795,7.467864487187053,2.979372715961487,2.979372715961487,4474.885474654589
7,4,dmpc_admm,mpc_agent,finished,266,120.29640360000485,0.13882583199301735,10.062888187996577,0.45211588352270027,3.029108663893191,7.509420124997318,4.326020854520015,4.326020854520015,3566.3131270858366
7,4,dmpc_admm,mpc_agent,finished,8004,3714.6963006479928,0.13705152799957432,2.778126502991654,0.46396925962593316,3.039503905127313,7.7209397455550075,4.362491955116549,4.36249195511655,17047.382435560823
7,4,mpc_central,mpc_agent,finished,223,110.48790572199505,0.3401991309947334,0.7720072340016486,0.49521987844360865,3.03999999882235,7.071904640207738,4.092267247838504,4.092267247838504,3170.23721606853
7,4,dmpc_admm,mpc_agent_adaptive,finished,720,5517.071914859,0.3417595649953,70.01028760599729,7.662455516464211,1.9985722877091225,7.068365895205714,3.26261671951833,3.2626167195183307,4120.784323927992
7,4,dmpc_admm,mpc_agent,finished,300,108.79407535100472,0.1181794090080075,2.9903274140087888,0.36246437597006054,3.0399999997539338,7.319824710038918,4.351570501812199,4.351570501812198,4149.6710031039
7,4,mpc_central,mpc_agent_adaptive,finished,775,968.4771243330033,0.5708212289900985,2.3586306810029782,1.249397963989665,2.000036247501386,5.90987660704369,2.634995459820712,2.634995459820712,3906.91533191732
7,4,mpc_central,mpc_agent,infeasible,94,61.614937352002016,0.3946967830124777,0.7169706340064295,0.5354784837974411,3.0399999991037796,6.165360919608695,3.7269036327128466,3.7269036327128466,363.27126627332007
7,4,mpc_central,mpc_agent_adaptive,finished,687,885.0049795669911,0.648739206008031,2.0157940049975878,1.2880006290229937,2.000313512105274,6.200986635715209,2.7131944838143505,2.7131944838143505,3895.215328318937
7,4,dmpc_admm,mpc_agent,finished,249,79.84171095400234,0.1353115149977384,4.2672116169997025,0.32052296542182207,3.039999999879478,6.824222187757196,4.1129202346890885,4.1129202346890885,3207.9046963065316
7,4,dmpc_admm,mpc_agent_adaptive,finished,942,5081.8280900600075,0.3195290409930749,85.41067160700914,5.394562536832915,1.9996423810649073,6.894316590109117,2.761626770298993,2.7616267702989936,5877.496139134244
7,4,mpc_central,mpc_agent,infeasible,73,47.270214404998114,0.4121089639957063,0.7457565109943971,0.5423659043008229,3.0399999988434714,6.591635954097074,3.736079384576214,3.7360793845762137,148.0282717544621
7,4,dmpc_admm,mpc_agent_adaptive,finished,999,4130.940732623989,0.31961747199238744,105.10311524799909,4.134921442568706,1.9998277544338559,6.92813801367754,3.097225057379081,3.0972250573790805,4363.125093135599
7,4,dmpc_admm,mpc_agent_adaptive,finished,678,1957.4935879650002,0.30325436100247316,53.797927955005434,2.886991031239119,1.999719387397716,6.592159104588124,3.113195478294396,3.113195478294396,4256.800101833868
7,4,dmpc_admm,mpc_agent,finished,285,215.15136746699864,0.1449227210105164,21.508265961994766,0.7547739306631245,2.9868190676200177,7.4559278599452155,4.244121863778037,4.244121863778038,3237.942443319192
7,4,mpc_central,mpc_agent,infeasible,82,65.91438351100078,0.4177765089989407,0.6672576690034475,0.5692433152083739,3.039999999159183,6.70002305941917,3.587200551932701,3.5872005519327006,168.35777241320375
7,4,mpc_central,mpc_agent_adaptive,finished,658,924.2805433820031,0.6017815219965996,2.3523882890003733,1.404437159051662,2.0003637837323023,6.653213385136383,2.691445866753043,2.6914458667530425,3772.908216241623
7,4,dmpc_admm,mpc_agent,finished,380,216.43367400400166,0.13587884399748873,15.519405917002587,0.5694076934950748,3.0375843748980493,7.5700290243397665,4.294620392395528,4.294620392395528,5920.676615869755
7,4,mpc_central,mpc_agent_adaptive,finished,647,928.524157702006,0.5862066349945962,3.051156945002731,1.4348983977156107,2.0002609667666453,7.695832082612585,2.8739516088381643,2.873951608838164,3926.817045603896
7,4,mpc_central,mpc_agent,finished,391,165.88458671601256,0.14736630299012177,0.5858060419996036,0.4240672525825769,3.039999999085632,7.208622854297837,3.9984814549720373,3.998481454972037,6443.725752376704
7,4,mpc_central,mpc_agent_adaptive,finished,638,888.0084960820095,0.5762388299917802,2.0670155709958635,1.3916401464797628,2.0001465706181327,8.947684073019946,2.933952513427911,2.933952513427912,4764.4286634715645
7,4,dmpc_admm,mpc_agent,finished,431,131.98890335099713,0.13461041600385215,3.738973668005201,0.3061134780978885,3.0393692638217797,6.988702994256745,4.238766652706441,4.238766652706441,5884.432564007966
7,4,dmpc_admm,mpc_agent_adaptive,finished,1237,2871.382928660998,0.3334954199963249,92.5691473659972,2.3210961333863134,2.0000013104684995,7.0071774600024845,3.059234232478615,3.0592342324786155,5353.1650411180635
8,4,mpc_central,mpc_agent,infeasible,123,106.7321082970011,0.5274508739967132,0.9333962320088176,0.6893624875193359,3.039999999033248,6.945820450723769,3.7584616032699225,3.758461603269921,700.4508888719588
7,4,dmpc_admm,mpc_agent_adaptive,finished,1111,8900.125240007997,0.32661440600350033,93.59423206599604,8.0107670193268,2.000000931645764,7.903328833523518,2.927915400872051,2.927915400872051,8566.902604642433
7,4,dmpc_admm,mpc_agent_adaptive,finished,1465,5786.437524189998,0.2790514520020224,105.6794572009967,3.9496038781979923,1.9999938834974647,6.757168090320259,3.5443733150512924,3.544373315051293,7548.275715352038
7,4,dmpc_admm,mpc_agent_adaptive,finished,1174,4038.2109859370103,0.32187258900376037,86.09889849901083,3.439550473767937,2.0000034419346195,7.432560136717743,3.0407472705178047,3.0407472705178042,5589.478302840562
8,4,mpc_central,mpc_agent,infeasible,0,43.35867717099609,0.0,0.0,0.0,0.0,0.0,0.0,0.0,0.0
8,4,mpc_central,mpc_agent_adaptive,finished,819,2411.171795367991,0.9159017799829599,6.481673005997436,2.9436754258891638,2.0000362415170345,6.83225169210319,2.847344444282848,2.8473444442828475,6003.655169136691
7,4,dmpc_admm,mpc_agent,max_steps,10000,21600.69540654501,0.17565107900009025,34.50052863798919,2.15991974917921,2.9971963645535853,7.323444468667498,4.223115917281081,4.223115917281081,15552.759698429312
8,4,mpc_central,mpc_agent_adaptive,finished,709,2640.6703240939823,1.4415942929917946,6.8082531620166264,3.7238072570159586,2.0000885559532477,6.852551573105901,2.7452828720456677,2.7452828720456677,4901.154609078416
8,4,dmpc_admm,mpc_agent,max_steps,10000,4980.833787580006,0.12879682899801992,86.40966524700343,0.4977537393582723,2.8347453749542137,8.142774917189264,4.551928099057483,4.551928099057483,8148.737093884748
8,4,mpc_central,mpc_agent,finished,243,366.8895721139852,0.558917812013533,2.619805616006488,1.5084808429559633,3.0399999993302242,8.237995256621145,4.379470812925154,4.379470812925154,3291.7482738522613
