id,status,n_drones,coordinator,controller
0,done,2,mpc_central,mpc_agent
1,done,2,mpc_central,mpc_agent_adaptive
2,done,2,dmpc_admm,mpc_agent
3,done,2,dmpc_admm,mpc_agent_adaptive
140,done,2,mpc_central,mpc_agent
141,done,2,mpc_central,mpc_agent_adaptive
142,done,2,dmpc_admm,mpc_agent
143,done,2,dmpc_admm,mpc_agent_adaptive
280,done,2,mpc_central,mpc_agent
281,done,2,mpc_central,mpc_agent_adaptive
282,done,2,dmpc_admm,mpc_agent
283,done,2,dmpc_admm,mpc_agent_adaptive
420,done,2,mpc_central,mpc_agent
421,done,2,mpc_central,mpc_agent_adaptive
422,done,2,dmpc_admm,mpc_agent
423,done,2,dmpc_admm,mpc_agent_adaptive
560,done,2,mpc_central,mpc_agent
561,done,2,mpc_central,mpc_agent_adaptive
562,done,2,dmpc_admm,mpc_agent
563,done,2,dmpc_admm,mpc_agent_adaptive
700,done,2,mpc_central,mpc_agent
701,done,2,mpc_central,mpc_agent_adaptive
702,done,2,dmpc_admm,mpc_agent
703,done,2,dmpc_admm,mpc_agent_adaptive
840,done,2,mpc_central,mpc_agent
841,done,2,mpc_central,mpc_agent_adaptive
842,done,2,dmpc_admm,mpc_agent
843,done,2,dmpc_admm,mpc_agent_adaptive
980,done,2,mpc_central,mpc_agent
981,done,2,mpc_central,mpc_agent_adaptive
982,done,2,dmpc_admm,mpc_agent
983,done,2,dmpc_admm,mpc_agent_adaptive
1120,done,2,mpc_central,mpc_agent
1121,done,2,mpc_central,mpc_agent_adaptive
1122,done,2,dmpc_admm,mpc_agent
1123,done,2,dmpc_admm,mpc_agent_adaptive
1260,done,2,mpc_central,mpc_agent
1261,done,2,mpc_central,mpc_agent_adaptive
1262,done,2,dmpc_admm,mpc_agent
1263,done,2,dmpc_admm,mpc_agent_adaptive
1400,done,2,mpc_central,mpc_agent
1401,done,2,mpc_central,mpc_agent_adaptive
1402,done,2,dmpc_admm,mpc_agent
1403,done,2,dmpc_admm,mpc_agent_adaptive
1540,done,2,mpc_central,mpc_agent
1541,done,2,mpc_central,mpc_agent_adaptive
1542,done,2,dmpc_admm,mpc_agent
1543,done,2,dmpc_admm,mpc_agent_adaptive
1680,done,2,mpc_central,mpc_agent
1681,done,2,mpc_central,mpc_agent_adaptive
1682,done,2,dmpc_admm,mpc_agent
1683,done,2,dmpc_admm,mpc_agent_adaptive
1820,done,2,mpc_central,mpc_agent
1821,done,2,mpc_central,mpc_agent_adaptive
1822,done,2,dmpc_admm,mpc_agent
1823,done,2,dmpc_admm,mpc_agent_adaptive
1960,done,2,mpc_central,mpc_agent
1961,done,2,mpc_central,mpc_agent_adaptive
1962,done,2,dmpc_admm,mpc_agent
1963,done,2,dmpc_admm,mpc_agent_adaptive
2100,done,2,mpc_central,mpc_agent
2101,done,2,mpc_central,mpc_agent_adaptive
2102,done,2,dmpc_admm,mpc_agent
2103,done,2,dmpc_admm,mpc_agent_adaptive
2240,done,2,mpc_central,mpc_agent
2241,done,2,mpc_central,mpc_agent_adaptive
2242,done,2,dmpc_admm,mpc_agent
2243,done,2,dmpc_admm,mpc_agent_adaptive
2380,done,2,mpc_central,mpc_agent
2381,done,2,mpc_central,mpc_agent_adaptive
2382,done,2,dmpc_admm,mpc_agent
2383,done,2,dmpc_admm,mpc_agent_adaptive
2520,done,2,mpc_central,mpc_agent
2521,done,2,mpc_central,mpc_agent_adaptive
2522,done,2,dmpc_admm,mpc_agent
2523,done,2,dmpc_admm,mpc_agent_adaptive
2660,done,2,mpc_central,mpc_agent
2661,done,2,mpc_central,mpc_agent_adaptive
2662,done,2,dmpc_admm,mpc_agent
2663,done,2,dmpc_admm,mpc_agent_adaptive
4,done,3,mpc_central,mpc_agent
5,done,3,mpc_central,mpc_agent_adaptive
6,done,3,dmpc_admm,mpc_agent
7,done,3,dmpc_admm,mpc_agent_adaptive
144,done,3,mpc_central,mpc_agent
145,done,3,mpc_central,mpc_agent_adaptive
146,done,3,dmpc_admm,mpc_agent
147,done,3,dmpc_admm,mpc_agent_adaptive
284,done,3,mpc_central,mpc_agent
285,done,3,mpc_central,mpc_agent_adaptive
286,done,3,dmpc_admm,mpc_agent
287,done,3,dmpc_admm,mpc_agent_adaptive
424,done,3,mpc_central,mpc_agent
425,done,3,mpc_central,mpc_agent_adaptive
426,done,3,dmpc_admm,mpc_agent
427,done,3,dmpc_admm,mpc_agent_adaptive
564,done,3,mpc_central,mpc_agent
565,done,3,mpc_central,mpc_agent_adaptive
566,done,3,dmpc_admm,mpc_agent
567,done,3,dmpc_admm,mpc_agent_adaptive
704,done,3,mpc_central,mpc_agent
705,done,3,mpc_central,mpc_agent_adaptive
706,done,3,dmpc_admm,mpc_agent
707,done,3,dmpc_admm,mpc_agent_adaptive
844,done,3,mpc_central,mpc_agent
845,done,3,mpc_central,mpc_agent_adaptive
846,done,3,dmpc_admm,mpc_agent
847,done,3,dmpc_admm,mpc_agent_adaptive
984,done,3,mpc_central,mpc_agent
985,done,3,mpc_central,mpc_agent_adaptive
986,done,3,dmpc_admm,mpc_agent
987,done,3,dmpc_admm,mpc_agent_adaptive
1124,done,3,mpc_central,mpc_agent
1125,done,3,mpc_central,mpc_agent_adaptive
1126,done,3,dmpc_admm,mpc_agent
1127,done,3,dmpc_admm,mpc_agent_adaptive
1264,done,3,mpc_central,mpc_agent
1265,done,3,mpc_central,mpc_agent_adaptive
1266,done,3,dmpc_admm,mpc_agent
1267,done,3,dmpc_admm,mpc_agent_adaptive
1404,done,3,mpc_central,mpc_agent
1405,done,3,mpc_central,mpc_agent_adaptive
1406,done,3,dmpc_admm,mpc_agent
1407,done,3,dmpc_admm,mpc_agent_adaptive
1544,done,3,mpc_central,mpc_agent
1545,done,3,mpc_central,mpc_agent_adaptive
1546,done,3,dmpc_admm,mpc_agent
1547,done,3,dmpc_admm,mpc_agent_adaptive
1684,done,3,mpc_central,mpc_agent
1685,done,3,mpc_central,mpc_agent_adaptive
1686,done,3,dmpc_admm,mpc_agent
1687,done,3,dmpc_admm,mpc_agent_adaptive
1824,done,3,mpc_central,mpc_agent
1825,done,3,mpc_central,mpc_agent_adaptive
1826,done,3,dmpc_admm,mpc_agent
1827,done,3,dmpc_admm,mpc_agent_adaptive
1964,done,3,mpc_central,mpc_agent
1965,done,3,mpc_central,mpc_agent_adaptive
1966,done,3,dmpc_admm,mpc_agent
1967,done,3,dmpc_admm,mpc_agent_adaptive
2104,done,3,mpc_central,mpc_agent
2105,done,3,mpc_central,mpc_agent_adaptive
2106,done,3,dmpc_admm,mpc_agent
2107,done,3,dmpc_admm,mpc_agent_adaptive
2244,done,3,mpc_central,mpc_agent
2245,done,3,mpc_central,mpc_agent_adaptive
2246,done,3,dmpc_admm,mpc_agent
2247,done,3,dmpc_admm,mpc_agent_adaptive
2384,done,3,mpc_central,mpc_agent
2385,done,3,mpc_central,mpc_agent_adaptive
2386,done,3,dmpc_admm,mpc_agent
2387,done,3,dmpc_admm,mpc_agent_adaptive
2524,done,3,mpc_central,mpc_agent
2525,done,3,mpc_central,mpc_agent_adaptive
2526,done,3,dmpc_admm,mpc_agent
2527,done,3,dmpc_admm,mpc_agent_adaptive
2664,done,3,mpc_central,mpc_agent
2665,done,3,mpc_central,mpc_agent_adaptive
2666,done,3,dmpc_admm,mpc_agent
2667,done,3,dmpc_admm,mpc_agent_adaptive
8,done,4,mpc_central,mpc_agent
9,done,4,mpc_central,mpc_agent_adaptive
10,done,4,dmpc_admm,mpc_agent
11,done,4,dmpc_admm,mpc_agent_adaptive
148,done,4,mpc_central,mpc_agent
149,done,4,mpc_central,mpc_agent_adaptive
150,done,4,dmpc_admm,mpc_agent
151,done,4,dmpc_admm,mpc_agent_adaptive
288,done,4,mpc_central,mpc_agent
289,done,4,mpc_central,mpc_agent_adaptive
290,done,4,dmpc_admm,mpc_agent
291,done,4,dmpc_admm,mpc_agent_adaptive
428,done,4,mpc_central,mpc_agent
429,done,4,mpc_central,mpc_agent_adaptive
430,done,4,dmpc_admm,mpc_agent
431,done,4,dmpc_admm,mpc_agent_adaptive
568,done,4,mpc_central,mpc_agent
569,done,4,mpc_central,mpc_agent_adaptive
570,done,4,dmpc_admm,mpc_agent
571,done,4,dmpc_admm,mpc_agent_adaptive
708,done,4,mpc_central,mpc_agent
709,done,4,mpc_central,mpc_agent_adaptive
710,done,4,dmpc_admm,mpc_agent
711,inProcess,4,dmpc_admm,mpc_agent_adaptive
848,done,4,mpc_central,mpc_agent
849,done,4,mpc_central,mpc_agent_adaptive
850,done,4,dmpc_admm,mpc_agent
851,inProcess,4,dmpc_admm,mpc_agent_adaptive
988,done,4,mpc_central,mpc_agent
989,done,4,mpc_central,mpc_agent_adaptive
990,done,4,dmpc_admm,mpc_agent
991,inProcess,4,dmpc_admm,mpc_agent_adaptive
1128,done,4,mpc_central,mpc_agent
1129,done,4,mpc_central,mpc_agent_adaptive
1130,done,4,dmpc_admm,mpc_agent
1131,inProcess,4,dmpc_admm,mpc_agent_adaptive
1268,done,4,mpc_central,mpc_agent
1269,done,4,mpc_central,mpc_agent_adaptive
1270,done,4,dmpc_admm,mpc_agent
1271,inProcess,4,dmpc_admm,mpc_agent_adaptive
1408,done,4,mpc_central,mpc_agent
1409,inProcess,4,mpc_central,mpc_agent_adaptive
1410,done,4,dmpc_admm,mpc_agent
1411,inProcess,4,dmpc_admm,mpc_agent_adaptive
1548,inProcess,4,mpc_central,mpc_agent
1549,toBeDone,4,mpc_central,mpc_agent_adaptive
1550,toBeDone,4,dmpc_admm,mpc_agent
1551,toBeDone,4,dmpc_admm,mpc_agent_adaptive
1688,toBeDone,4,mpc_central,mpc_agent
1689,toBeDone,4,mpc_central,mpc_agent_adaptive
1690,toBeDone,4,dmpc_admm,mpc_agent
1691,toBeDone,4,dmpc_admm,mpc_agent_adaptive
1828,toBeDone,4,mpc_central,mpc_agent
1829,toBeDone,4,mpc_central,mpc_agent_adaptive
1830,toBeDone,4,dmpc_admm,mpc_agent
1831,toBeDone,4,dmpc_admm,mpc_agent_adaptive
1968,toBeDone,4,mpc_central,mpc_agent
1969,toBeDone,4,mpc_central,mpc_agent_adaptive
1970,toBeDone,4,dmpc_admm,mpc_agent
1971,toBeDone,4,dmpc_admm,mpc_agent_adaptive
2108,toBeDone,4,mpc_central,mpc_agent
2109,toBeDone,4,mpc_central,mpc_agent_adaptive
2110,toBeDone,4,dmpc_admm,mpc_agent
2111,toBeDone,4,dmpc_admm,mpc_agent_adaptive
2248,toBeDone,4,mpc_central,mpc_agent
2249,toBeDone,4,mpc_central,mpc_agent_adaptive
2250,toBeDone,4,dmpc_admm,mpc_agent
2251,toBeDone,4,dmpc_admm,mpc_agent_adaptive
2388,toBeDone,4,mpc_central,mpc_agent
2389,toBeDone,4,mpc_central,mpc_agent_adaptive
2390,toBeDone,4,dmpc_admm,mpc_agent
2391,toBeDone,4,dmpc_admm,mpc_agent_adaptive
2528,toBeDone,4,mpc_central,mpc_agent
2529,toBeDone,4,mpc_central,mpc_agent_adaptive
2530,toBeDone,4,dmpc_admm,mpc_agent
2531,toBeDone,4,dmpc_admm,mpc_agent_adaptive
2668,toBeDone,4,mpc_central,mpc_agent
2669,toBeDone,4,mpc_central,mpc_agent_adaptive
2670,toBeDone,4,dmpc_admm,mpc_agent
2671,toBeDone,4,dmpc_admm,mpc_agent_adaptive
12,toBeDone,5,mpc_central,mpc_agent
13,toBeDone,5,mpc_central,mpc_agent_adaptive
14,toBeDone,5,dmpc_admm,mpc_agent
15,toBeDone,5,dmpc_admm,mpc_agent_adaptive
152,toBeDone,5,mpc_central,mpc_agent
153,toBeDone,5,mpc_central,mpc_agent_adaptive
154,toBeDone,5,dmpc_admm,mpc_agent
155,toBeDone,5,dmpc_admm,mpc_agent_adaptive
292,toBeDone,5,mpc_central,mpc_agent
293,toBeDone,5,mpc_central,mpc_agent_adaptive
294,toBeDone,5,dmpc_admm,mpc_agent
295,toBeDone,5,dmpc_admm,mpc_agent_adaptive
432,toBeDone,5,mpc_central,mpc_agent
433,toBeDone,5,mpc_central,mpc_agent_adaptive
434,toBeDone,5,dmpc_admm,mpc_agent
435,toBeDone,5,dmpc_admm,mpc_agent_adaptive
572,toBeDone,5,mpc_central,mpc_agent
573,toBeDone,5,mpc_central,mpc_agent_adaptive
574,toBeDone,5,dmpc_admm,mpc_agent
575,toBeDone,5,dmpc_admm,mpc_agent_adaptive
712,toBeDone,5,mpc_central,mpc_agent
713,toBeDone,5,mpc_central,mpc_agent_adaptive
714,toBeDone,5,dmpc_admm,mpc_agent
715,toBeDone,5,dmpc_admm,mpc_agent_adaptive
852,toBeDone,5,mpc_central,mpc_agent
853,toBeDone,5,mpc_central,mpc_agent_adaptive
854,toBeDone,5,dmpc_admm,mpc_agent
855,toBeDone,5,dmpc_admm,mpc_agent_adaptive
992,toBeDone,5,mpc_central,mpc_agent
993,toBeDone,5,mpc_central,mpc_agent_adaptive
994,toBeDone,5,dmpc_admm,mpc_agent
995,toBeDone,5,dmpc_admm,mpc_agent_adaptive
1132,toBeDone,5,mpc_central,mpc_agent
1133,toBeDone,5,mpc_central,mpc_agent_adaptive
1134,toBeDone,5,dmpc_admm,mpc_agent
1135,toBeDone,5,dmpc_admm,mpc_agent_adaptive
1272,toBeDone,5,mpc_central,mpc_agent
1273,toBeDone,5,mpc_central,mpc_agent_adaptive
1274,toBeDone,5,dmpc_admm,mpc_agent
1275,toBeDone,5,dmpc_admm,mpc_agent_adaptive
1412,toBeDone,5,mpc_central,mpc_agent
1413,toBeDone,5,mpc_central,mpc_agent_adaptive
1414,toBeDone,5,dmpc_admm,mpc_agent
1415,toBeDone,5,dmpc_admm,mpc_agent_adaptive
1552,toBeDone,5,mpc_central,mpc_agent
1553,toBeDone,5,mpc_central,mpc_agent_adaptive
1554,toBeDone,5,dmpc_admm,mpc_agent
1555,toBeDone,5,dmpc_admm,mpc_agent_adaptive
1692,toBeDone,5,mpc_central,mpc_agent
1693,toBeDone,5,mpc_central,mpc_agent_adaptive
1694,toBeDone,5,dmpc_admm,mpc_agent
1695,toBeDone,5,dmpc_admm,mpc_agent_adaptive
1832,toBeDone,5,mpc_central,mpc_agent
1833,toBeDone,5,mpc_central,mpc_agent_adaptive
1834,toBeDone,5,dmpc_admm,mpc_agent
1835,toBeDone,5,dmpc_admm,mpc_agent_adaptive
1972,toBeDone,5,mpc_central,mpc_agent
1973,toBeDone,5,mpc_central,mpc_agent_adaptive
1974,toBeDone,5,dmpc_admm,mpc_agent
1975,toBeDone,5,dmpc_admm,mpc_agent_adaptive
2112,toBeDone,5,mpc_central,mpc_agent
2113,toBeDone,5,mpc_central,mpc_agent_adaptive
2114,toBeDone,5,dmpc_admm,mpc_agent
2115,toBeDone,5,dmpc_admm,mpc_agent_adaptive
2252,toBeDone,5,mpc_central,mpc_agent
2253,toBeDone,5,mpc_central,mpc_agent_adaptive
2254,toBeDone,5,dmpc_admm,mpc_agent
2255,toBeDone,5,dmpc_admm,mpc_agent_adaptive
2392,toBeDone,5,mpc_central,mpc_agent
2393,toBeDone,5,mpc_central,mpc_agent_adaptive
2394,toBeDone,5,dmpc_admm,mpc_agent
2395,toBeDone,5,dmpc_admm,mpc_agent_adaptive
2532,toBeDone,5,mpc_central,mpc_agent
2533,toBeDone,5,mpc_central,mpc_agent_adaptive
2534,toBeDone,5,dmpc_admm,mpc_agent
2535,toBeDone,5,dmpc_admm,mpc_agent_adaptive
2672,toBeDone,5,mpc_central,mpc_agent
2673,toBeDone,5,mpc_central,mpc_agent_adaptive
2674,toBeDone,5,dmpc_admm,mpc_agent
2675,toBeDone,5,dmpc_admm,mpc_agent_adaptive
16,toBeDone,6,mpc_central,mpc_agent
17,toBeDone,6,mpc_central,mpc_agent_adaptive
18,toBeDone,6,dmpc_admm,mpc_agent
19,toBeDone,6,dmpc_admm,mpc_agent_adaptive
156,toBeDone,6,mpc_central,mpc_agent
157,toBeDone,6,mpc_central,mpc_agent_adaptive
158,toBeDone,6,dmpc_admm,mpc_agent
159,toBeDone,6,dmpc_admm,mpc_agent_adaptive
296,toBeDone,6,mpc_central,mpc_agent
297,toBeDone,6,mpc_central,mpc_agent_adaptive
298,toBeDone,6,dmpc_admm,mpc_agent
299,toBeDone,6,dmpc_admm,mpc_agent_adaptive
436,toBeDone,6,mpc_central,mpc_agent
437,toBeDone,6,mpc_central,mpc_agent_adaptive
438,toBeDone,6,dmpc_admm,mpc_agent
439,toBeDone,6,dmpc_admm,mpc_agent_adaptive
576,toBeDone,6,mpc_central,mpc_agent
577,toBeDone,6,mpc_central,mpc_agent_adaptive
578,toBeDone,6,dmpc_admm,mpc_agent
579,toBeDone,6,dmpc_admm,mpc_agent_adaptive
716,toBeDone,6,mpc_central,mpc_agent
717,toBeDone,6,mpc_central,mpc_agent_adaptive
718,toBeDone,6,dmpc_admm,mpc_agent
719,toBeDone,6,dmpc_admm,mpc_agent_adaptive
856,toBeDone,6,mpc_central,mpc_agent
857,toBeDone,6,mpc_central,mpc_agent_adaptive
858,toBeDone,6,dmpc_admm,mpc_agent
859,toBeDone,6,dmpc_admm,mpc_agent_adaptive
996,toBeDone,6,mpc_central,mpc_agent
997,toBeDone,6,mpc_central,mpc_agent_adaptive
998,toBeDone,6,dmpc_admm,mpc_agent
999,toBeDone,6,dmpc_admm,mpc_agent_adaptive
1136,toBeDone,6,mpc_central,mpc_agent
1137,toBeDone,6,mpc_central,mpc_agent_adaptive
1138,toBeDone,6,dmpc_admm,mpc_agent
1139,toBeDone,6,dmpc_admm,mpc_agent_adaptive
1276,toBeDone,6,mpc_central,mpc_agent
1277,toBeDone,6,mpc_central,mpc_agent_adaptive
1278,toBeDone,6,dmpc_admm,mpc_agent
1279,toBeDone,6,dmpc_admm,mpc_agent_adaptive
1416,toBeDone,6,mpc_central,mpc_agent
1417,toBeDone,6,mpc_central,mpc_agent_adaptive
1418,toBeDone,6,dmpc_admm,mpc_agent
1419,toBeDone,6,dmpc_admm,mpc_agent_adaptive
1556,toBeDone,6,mpc_central,mpc_agent
1557,toBeDone,6,mpc_central,mpc_agent_adaptive
1558,toBeDone,6,dmpc_admm,mpc_agent
1559,toBeDone,6,dmpc_admm,mpc_agent_adaptive
1696,toBeDone,6,mpc_central,mpc_agent
1697,toBeDone,6,mpc_central,mpc_agent_adaptive
1698,toBeDone,6,dmpc_admm,mpc_agent
1699,toBeDone,6,dmpc_admm,mpc_agent_adaptive
1836,toBeDone,6,mpc_central,mpc_agent
1837,toBeDone,6,mpc_central,mpc_agent_adaptive
1838,toBeDone,6,dmpc_admm,mpc_agent
1839,toBeDone,6,dmpc_admm,mpc_agent_adaptive
1976,toBeDone,6,mpc_central,mpc_agent
1977,toBeDone,6,mpc_central,mpc_agent_adaptive
1978,toBeDone,6,dmpc_admm,mpc_agent
1979,toBeDone,6,dmpc_admm,mpc_agent_adaptive
2116,toBeDone,6,mpc_central,mpc_agent
2117,toBeDone,6,mpc_central,mpc_agent_adaptive
2118,toBeDone,6,dmpc_admm,mpc_agent
2119,toBeDone,6,dmpc_admm,mpc_agent_adaptive
2256,toBeDone,6,mpc_central,mpc_agent
2257,toBeDone,6,mpc_central,mpc_agent_adaptive
2258,toBeDone,6,dmpc_admm,mpc_agent
2259,toBeDone,6,dmpc_admm,mpc_agent_adaptive
2396,toBeDone,6,mpc_central,mpc_agent
2397,toBeDone,6,mpc_central,mpc_agent_adaptive
2398,toBeDone,6,dmpc_admm,mpc_agent
2399,toBeDone,6,dmpc_admm,mpc_agent_adaptive
2536,toBeDone,6,mpc_central,mpc_agent
2537,toBeDone,6,mpc_central,mpc_agent_adaptive
2538,toBeDone,6,dmpc_admm,mpc_agent
2539,toBeDone,6,dmpc_admm,mpc_agent_adaptive
2676,toBeDone,6,mpc_central,mpc_agent
2677,toBeDone,6,mpc_central,mpc_agent_adaptive
2678,toBeDone,6,dmpc_admm,mpc_agent
2679,toBeDone,6,dmpc_admm,mpc_agent_adaptive
20,toBeDone,7,mpc_central,mpc_agent
21,toBeDone,7,mpc_central,mpc_agent_adaptive
22,toBeDone,7,dmpc_admm,mpc_agent
23,toBeDone,7,dmpc_admm,mpc_agent_adaptive
160,toBeDone,7,mpc_central,mpc_agent
161,toBeDone,7,mpc_central,mpc_agent_adaptive
162,toBeDone,7,dmpc_admm,mpc_agent
163,toBeDone,7,dmpc_admm,mpc_agent_adaptive
300,toBeDone,7,mpc_central,mpc_agent
301,toBeDone,7,mpc_central,mpc_agent_adaptive
302,toBeDone,7,dmpc_admm,mpc_agent
303,toBeDone,7,dmpc_admm,mpc_agent_adaptive
440,toBeDone,7,mpc_central,mpc_agent
441,toBeDone,7,mpc_central,mpc_agent_adaptive
442,toBeDone,7,dmpc_admm,mpc_agent
443,toBeDone,7,dmpc_admm,mpc_agent_adaptive
580,toBeDone,7,mpc_central,mpc_agent
581,toBeDone,7,mpc_central,mpc_agent_adaptive
582,toBeDone,7,dmpc_admm,mpc_agent
583,toBeDone,7,dmpc_admm,mpc_agent_adaptive
720,toBeDone,7,mpc_central,mpc_agent
721,toBeDone,7,mpc_central,mpc_agent_adaptive
722,toBeDone,7,dmpc_admm,mpc_agent
723,toBeDone,7,dmpc_admm,mpc_agent_adaptive
860,toBeDone,7,mpc_central,mpc_agent
861,toBeDone,7,mpc_central,mpc_agent_adaptive
862,toBeDone,7,dmpc_admm,mpc_agent
863,toBeDone,7,dmpc_admm,mpc_agent_adaptive
1000,toBeDone,7,mpc_central,mpc_agent
1001,toBeDone,7,mpc_central,mpc_agent_adaptive
1002,toBeDone,7,dmpc_admm,mpc_agent
1003,toBeDone,7,dmpc_admm,mpc_agent_adaptive
1140,toBeDone,7,mpc_central,mpc_agent
1141,toBeDone,7,mpc_central,mpc_agent_adaptive
1142,toBeDone,7,dmpc_admm,mpc_agent
1143,toBeDone,7,dmpc_admm,mpc_agent_adaptive
1280,toBeDone,7,mpc_central,mpc_agent
1281,toBeDone,7,mpc_central,mpc_agent_adaptive
1282,toBeDone,7,dmpc_admm,mpc_agent
1283,toBeDone,7,dmpc_admm,mpc_agent_adaptive
1420,toBeDone,7,mpc_central,mpc_agent
1421,toBeDone,7,mpc_central,mpc_agent_adaptive
1422,toBeDone,7,dmpc_admm,mpc_agent
1423,toBeDone,7,dmpc_admm,mpc_agent_adaptive
1560,toBeDone,7,mpc_central,mpc_agent
1561,toBeDone,7,mpc_central,mpc_agent_adaptive
1562,toBeDone,7,dmpc_admm,mpc_agent
1563,toBeDone,7,dmpc_admm,mpc_agent_adaptive
1700,toBeDone,7,mpc_central,mpc_agent
1701,toBeDone,7,mpc_central,mpc_agent_adaptive
1702,toBeDone,7,dmpc_admm,mpc_agent
1703,toBeDone,7,dmpc_admm,mpc_agent_adaptive
1840,toBeDone,7,mpc_central,mpc_agent
1841,toBeDone,7,mpc_central,mpc_agent_adaptive
1842,toBeDone,7,dmpc_admm,mpc_agent
1843,toBeDone,7,dmpc_admm,mpc_agent_adaptive
1980,toBeDone,7,mpc_central,mpc_agent
1981,toBeDone,7,mpc_central,mpc_agent_adaptive
1982,toBeDone,7,dmpc_admm,mpc_agent
1983,toBeDone,7,dmpc_admm,mpc_agent_adaptive
2120,toBeDone,7,mpc_central,mpc_agent
2121,toBeDone,7,mpc_central,mpc_agent_adaptive
2122,toBeDone,7,dmpc_admm,mpc_agent
2123,toBeDone,7,dmpc_admm,mpc_agent_adaptive
2260,toBeDone,7,mpc_central,mpc_agent
2261,toBeDone,7,mpc_central,mpc_agent_adaptive
2262,toBeDone,7,dmpc_admm,mpc_agent
2263,toBeDone,7,dmpc_admm,mpc_agent_adaptive
2400,toBeDone,7,mpc_central,mpc_agent
2401,toBeDone,7,mpc_central,mpc_agent_adaptive
2402,toBeDone,7,dmpc_admm,mpc_agent
2403,toBeDone,7,dmpc_admm,mpc_agent_adaptive
2540,toBeDone,7,mpc_central,mpc_agent
2541,toBeDone,7,mpc_central,mpc_agent_adaptive
2542,toBeDone,7,dmpc_admm,mpc_agent
2543,toBeDone,7,dmpc_admm,mpc_agent_adaptive
2680,toBeDone,7,mpc_central,mpc_agent
2681,toBeDone,7,mpc_central,mpc_agent_adaptive
2682,toBeDone,7,dmpc_admm,mpc_agent
2683,toBeDone,7,dmpc_admm,mpc_agent_adaptive
24,toBeDone,8,mpc_central,mpc_agent
25,toBeDone,8,mpc_central,mpc_agent_adaptive
26,toBeDone,8,dmpc_admm,mpc_agent
27,toBeDone,8,dmpc_admm,mpc_agent_adaptive
164,toBeDone,8,mpc_central,mpc_agent
165,toBeDone,8,mpc_central,mpc_agent_adaptive
166,toBeDone,8,dmpc_admm,mpc_agent
167,toBeDone,8,dmpc_admm,mpc_agent_adaptive
304,toBeDone,8,mpc_central,mpc_agent
305,toBeDone,8,mpc_central,mpc_agent_adaptive
306,toBeDone,8,dmpc_admm,mpc_agent
307,toBeDone,8,dmpc_admm,mpc_agent_adaptive
444,toBeDone,8,mpc_central,mpc_agent
445,toBeDone,8,mpc_central,mpc_agent_adaptive
446,toBeDone,8,dmpc_admm,mpc_agent
447,toBeDone,8,dmpc_admm,mpc_agent_adaptive
584,toBeDone,8,mpc_central,mpc_agent
585,toBeDone,8,mpc_central,mpc_agent_adaptive
586,toBeDone,8,dmpc_admm,mpc_agent
587,toBeDone,8,dmpc_admm,mpc_agent_adaptive
724,toBeDone,8,mpc_central,mpc_agent
725,toBeDone,8,mpc_central,mpc_agent_adaptive
726,toBeDone,8,dmpc_admm,mpc_agent
727,toBeDone,8,dmpc_admm,mpc_agent_adaptive
864,toBeDone,8,mpc_central,mpc_agent
865,toBeDone,8,mpc_central,mpc_agent_adaptive
866,toBeDone,8,dmpc_admm,mpc_agent
867,toBeDone,8,dmpc_admm,mpc_agent_adaptive
1004,toBeDone,8,mpc_central,mpc_agent
1005,toBeDone,8,mpc_central,mpc_agent_adaptive
1006,toBeDone,8,dmpc_admm,mpc_agent
1007,toBeDone,8,dmpc_admm,mpc_agent_adaptive
1144,toBeDone,8,mpc_central,mpc_agent
1145,toBeDone,8,mpc_central,mpc_agent_adaptive
1146,toBeDone,8,dmpc_admm,mpc_agent
1147,toBeDone,8,dmpc_admm,mpc_agent_adaptive
1284,toBeDone,8,mpc_central,mpc_agent
1285,toBeDone,8,mpc_central,mpc_agent_adaptive
1286,toBeDone,8,dmpc_admm,mpc_agent
1287,toBeDone,8,dmpc_admm,mpc_agent_adaptive
1424,toBeDone,8,mpc_central,mpc_agent
1425,toBeDone,8,mpc_central,mpc_agent_adaptive
1426,toBeDone,8,dmpc_admm,mpc_agent
1427,toBeDone,8,dmpc_admm,mpc_agent_adaptive
1564,toBeDone,8,mpc_central,mpc_agent
1565,toBeDone,8,mpc_central,mpc_agent_adaptive
1566,toBeDone,8,dmpc_admm,mpc_agent
1567,toBeDone,8,dmpc_admm,mpc_agent_adaptive
1704,toBeDone,8,mpc_central,mpc_agent
1705,toBeDone,8,mpc_central,mpc_agent_adaptive
1706,toBeDone,8,dmpc_admm,mpc_agent
1707,toBeDone,8,dmpc_admm,mpc_agent_adaptive
1844,toBeDone,8,mpc_central,mpc_agent
1845,toBeDone,8,mpc_central,mpc_agent_adaptive
1846,toBeDone,8,dmpc_admm,mpc_agent
1847,toBeDone,8,dmpc_admm,mpc_agent_adaptive
1984,toBeDone,8,mpc_central,mpc_agent
1985,toBeDone,8,mpc_central,mpc_agent_adaptive
1986,toBeDone,8,dmpc_admm,mpc_agent
1987,toBeDone,8,dmpc_admm,mpc_agent_adaptive
2124,toBeDone,8,mpc_central,mpc_agent
2125,toBeDone,8,mpc_central,mpc_agent_adaptive
2126,toBeDone,8,dmpc_admm,mpc_agent
2127,toBeDone,8,dmpc_admm,mpc_agent_adaptive
2264,toBeDone,8,mpc_central,mpc_agent
2265,toBeDone,8,mpc_central,mpc_agent_adaptive
2266,toBeDone,8,dmpc_admm,mpc_agent
2267,toBeDone,8,dmpc_admm,mpc_agent_adaptive
2404,toBeDone,8,mpc_central,mpc_agent
2405,toBeDone,8,mpc_central,mpc_agent_adaptive
2406,toBeDone,8,dmpc_admm,mpc_agent
2407,toBeDone,8,dmpc_admm,mpc_agent_adaptive
2544,toBeDone,8,mpc_central,mpc_agent
2545,toBeDone,8,mpc_central,mpc_agent_adaptive
2546,toBeDone,8,dmpc_admm,mpc_agent
2547,toBeDone,8,dmpc_admm,mpc_agent_adaptive
2684,toBeDone,8,mpc_central,mpc_agent
2685,toBeDone,8,mpc_central,mpc_agent_adaptive
2686,toBeDone,8,dmpc_admm,mpc_agent
2687,toBeDone,8,dmpc_admm,mpc_agent_adaptive
28,toBeDone,9,mpc_central,mpc_agent
29,toBeDone,9,mpc_central,mpc_agent_adaptive
30,toBeDone,9,dmpc_admm,mpc_agent
31,toBeDone,9,dmpc_admm,mpc_agent_adaptive
168,toBeDone,9,mpc_central,mpc_agent
169,toBeDone,9,mpc_central,mpc_agent_adaptive
170,toBeDone,9,dmpc_admm,mpc_agent
171,toBeDone,9,dmpc_admm,mpc_agent_adaptive
308,toBeDone,9,mpc_central,mpc_agent
309,toBeDone,9,mpc_central,mpc_agent_adaptive
310,toBeDone,9,dmpc_admm,mpc_agent
311,toBeDone,9,dmpc_admm,mpc_agent_adaptive
448,toBeDone,9,mpc_central,mpc_agent
449,toBeDone,9,mpc_central,mpc_agent_adaptive
450,toBeDone,9,dmpc_admm,mpc_agent
451,toBeDone,9,dmpc_admm,mpc_agent_adaptive
588,toBeDone,9,mpc_central,mpc_agent
589,toBeDone,9,mpc_central,mpc_agent_adaptive
590,toBeDone,9,dmpc_admm,mpc_agent
591,toBeDone,9,dmpc_admm,mpc_agent_adaptive
728,toBeDone,9,mpc_central,mpc_agent
729,toBeDone,9,mpc_central,mpc_agent_adaptive
730,toBeDone,9,dmpc_admm,mpc_agent
731,toBeDone,9,dmpc_admm,mpc_agent_adaptive
868,toBeDone,9,mpc_central,mpc_agent
869,toBeDone,9,mpc_central,mpc_agent_adaptive
870,toBeDone,9,dmpc_admm,mpc_agent
871,toBeDone,9,dmpc_admm,mpc_agent_adaptive
1008,toBeDone,9,mpc_central,mpc_agent
1009,toBeDone,9,mpc_central,mpc_agent_adaptive
1010,toBeDone,9,dmpc_admm,mpc_agent
1011,toBeDone,9,dmpc_admm,mpc_agent_adaptive
1148,toBeDone,9,mpc_central,mpc_agent
1149,toBeDone,9,mpc_central,mpc_agent_adaptive
1150,toBeDone,9,dmpc_admm,mpc_agent
1151,toBeDone,9,dmpc_admm,mpc_agent_adaptive
1288,toBeDone,9,mpc_central,mpc_agent
1289,toBeDone,9,mpc_central,mpc_agent_adaptive
1290,toBeDone,9,dmpc_admm,mpc_agent
1291,toBeDone,9,dmpc_admm,mpc_agent_adaptive
1428,toBeDone,9,mpc_central,mpc_agent
1429,toBeDone,9,mpc_central,mpc_agent_adaptive
1430,toBeDone,9,dmpc_admm,mpc_agent
1431,toBeDone,9,dmpc_admm,mpc_agent_adaptive
1568,toBeDone,9,mpc_central,mpc_agent
1569,toBeDone,9,mpc_central,mpc_agent_adaptive
1570,toBeDone,9,dmpc_admm,mpc_agent
1571,toBeDone,9,dmpc_admm,mpc_agent_adaptive
1708,toBeDone,9,mpc_central,mpc_agent
1709,toBeDone,9,mpc_central,mpc_agent_adaptive
1710,toBeDone,9,dmpc_admm,mpc_agent
1711,toBeDone,9,dmpc_admm,mpc_agent_adaptive
1848,toBeDone,9,mpc_central,mpc_agent
1849,toBeDone,9,mpc_central,mpc_agent_adaptive
1850,toBeDone,9,dmpc_admm,mpc_agent
1851,toBeDone,9,dmpc_admm,mpc_agent_adaptive
1988,toBeDone,9,mpc_central,mpc_agent
1989,toBeDone,9,mpc_central,mpc_agent_adaptive
1990,toBeDone,9,dmpc_admm,mpc_agent
1991,toBeDone,9,dmpc_admm,mpc_agent_adaptive
2128,toBeDone,9,mpc_central,mpc_agent
2129,toBeDone,9,mpc_central,mpc_agent_adaptive
2130,toBeDone,9,dmpc_admm,mpc_agent
2131,toBeDone,9,dmpc_admm,mpc_agent_adaptive
2268,toBeDone,9,mpc_central,mpc_agent
2269,toBeDone,9,mpc_central,mpc_agent_adaptive
2270,toBeDone,9,dmpc_admm,mpc_agent
2271,toBeDone,9,dmpc_admm,mpc_agent_adaptive
2408,toBeDone,9,mpc_central,mpc_agent
2409,toBeDone,9,mpc_central,mpc_agent_adaptive
2410,toBeDone,9,dmpc_admm,mpc_agent
2411,toBeDone,9,dmpc_admm,mpc_agent_adaptive
2548,toBeDone,9,mpc_central,mpc_agent
2549,toBeDone,9,mpc_central,mpc_agent_adaptive
2550,toBeDone,9,dmpc_admm,mpc_agent
2551,toBeDone,9,dmpc_admm,mpc_agent_adaptive
2688,toBeDone,9,mpc_central,mpc_agent
2689,toBeDone,9,mpc_central,mpc_agent_adaptive
2690,toBeDone,9,dmpc_admm,mpc_agent
2691,toBeDone,9,dmpc_admm,mpc_agent_adaptive
32,toBeDone,10,mpc_central,mpc_agent
33,toBeDone,10,mpc_central,mpc_agent_adaptive
34,toBeDone,10,dmpc_admm,mpc_agent
35,toBeDone,10,dmpc_admm,mpc_agent_adaptive
172,toBeDone,10,mpc_central,mpc_agent
173,toBeDone,10,mpc_central,mpc_agent_adaptive
174,toBeDone,10,dmpc_admm,mpc_agent
175,toBeDone,10,dmpc_admm,mpc_agent_adaptive
312,toBeDone,10,mpc_central,mpc_agent
313,toBeDone,10,mpc_central,mpc_agent_adaptive
314,toBeDone,10,dmpc_admm,mpc_agent
315,toBeDone,10,dmpc_admm,mpc_agent_adaptive
452,toBeDone,10,mpc_central,mpc_agent
453,toBeDone,10,mpc_central,mpc_agent_adaptive
454,toBeDone,10,dmpc_admm,mpc_agent
455,toBeDone,10,dmpc_admm,mpc_agent_adaptive
592,toBeDone,10,mpc_central,mpc_agent
593,toBeDone,10,mpc_central,mpc_agent_adaptive
594,toBeDone,10,dmpc_admm,mpc_agent
595,toBeDone,10,dmpc_admm,mpc_agent_adaptive
732,toBeDone,10,mpc_central,mpc_agent
733,toBeDone,10,mpc_central,mpc_agent_adaptive
734,toBeDone,10,dmpc_admm,mpc_agent
735,toBeDone,10,dmpc_admm,mpc_agent_adaptive
872,toBeDone,10,mpc_central,mpc_agent
873,toBeDone,10,mpc_central,mpc_agent_adaptive
874,toBeDone,10,dmpc_admm,mpc_agent
875,toBeDone,10,dmpc_admm,mpc_agent_adaptive
1012,toBeDone,10,mpc_central,mpc_agent
1013,toBeDone,10,mpc_central,mpc_agent_adaptive
1014,toBeDone,10,dmpc_admm,mpc_agent
1015,toBeDone,10,dmpc_admm,mpc_agent_adaptive
1152,toBeDone,10,mpc_central,mpc_agent
1153,toBeDone,10,mpc_central,mpc_agent_adaptive
1154,toBeDone,10,dmpc_admm,mpc_agent
1155,toBeDone,10,dmpc_admm,mpc_agent_adaptive
1292,toBeDone,10,mpc_central,mpc_agent
1293,toBeDone,10,mpc_central,mpc_agent_adaptive
1294,toBeDone,10,dmpc_admm,mpc_agent
1295,toBeDone,10,dmpc_admm,mpc_agent_adaptive
1432,toBeDone,10,mpc_central,mpc_agent
1433,toBeDone,10,mpc_central,mpc_agent_adaptive
1434,toBeDone,10,dmpc_admm,mpc_agent
1435,toBeDone,10,dmpc_admm,mpc_agent_adaptive
1572,toBeDone,10,mpc_central,mpc_agent
1573,toBeDone,10,mpc_central,mpc_agent_adaptive
1574,toBeDone,10,dmpc_admm,mpc_agent
1575,toBeDone,10,dmpc_admm,mpc_agent_adaptive
1712,toBeDone,10,mpc_central,mpc_agent
1713,toBeDone,10,mpc_central,mpc_agent_adaptive
1714,toBeDone,10,dmpc_admm,mpc_agent
1715,toBeDone,10,dmpc_admm,mpc_agent_adaptive
1852,toBeDone,10,mpc_central,mpc_agent
1853,toBeDone,10,mpc_central,mpc_agent_adaptive
1854,toBeDone,10,dmpc_admm,mpc_agent
1855,toBeDone,10,dmpc_admm,mpc_agent_adaptive
1992,toBeDone,10,mpc_central,mpc_agent
1993,toBeDone,10,mpc_central,mpc_agent_adaptive
1994,toBeDone,10,dmpc_admm,mpc_agent
1995,toBeDone,10,dmpc_admm,mpc_agent_adaptive
2132,toBeDone,10,mpc_central,mpc_agent
2133,toBeDone,10,mpc_central,mpc_agent_adaptive
2134,toBeDone,10,dmpc_admm,mpc_agent
2135,toBeDone,10,dmpc_admm,mpc_agent_adaptive
2272,toBeDone,10,mpc_central,mpc_agent
2273,toBeDone,10,mpc_central,mpc_agent_adaptive
2274,toBeDone,10,dmpc_admm,mpc_agent
2275,toBeDone,10,dmpc_admm,mpc_agent_adaptive
2412,toBeDone,10,mpc_central,mpc_agent
2413,toBeDone,10,mpc_central,mpc_agent_adaptive
2414,toBeDone,10,dmpc_admm,mpc_agent
2415,toBeDone,10,dmpc_admm,mpc_agent_adaptive
2552,toBeDone,10,mpc_central,mpc_agent
2553,toBeDone,10,mpc_central,mpc_agent_adaptive
2554,toBeDone,10,dmpc_admm,mpc_agent
2555,toBeDone,10,dmpc_admm,mpc_agent_adaptive
2692,toBeDone,10,mpc_central,mpc_agent
2693,toBeDone,10,mpc_central,mpc_agent_adaptive
2694,toBeDone,10,dmpc_admm,mpc_agent
2695,toBeDone,10,dmpc_admm,mpc_agent_adaptive
36,toBeDone,11,mpc_central,mpc_agent
37,toBeDone,11,mpc_central,mpc_agent_adaptive
38,toBeDone,11,dmpc_admm,mpc_agent
39,toBeDone,11,dmpc_admm,mpc_agent_adaptive
176,toBeDone,11,mpc_central,mpc_agent
177,toBeDone,11,mpc_central,mpc_agent_adaptive
178,toBeDone,11,dmpc_admm,mpc_agent
179,toBeDone,11,dmpc_admm,mpc_agent_adaptive
316,toBeDone,11,mpc_central,mpc_agent
317,toBeDone,11,mpc_central,mpc_agent_adaptive
318,toBeDone,11,dmpc_admm,mpc_agent
319,toBeDone,11,dmpc_admm,mpc_agent_adaptive
456,toBeDone,11,mpc_central,mpc_agent
457,toBeDone,11,mpc_central,mpc_agent_adaptive
458,toBeDone,11,dmpc_admm,mpc_agent
459,toBeDone,11,dmpc_admm,mpc_agent_adaptive
596,toBeDone,11,mpc_central,mpc_agent
597,toBeDone,11,mpc_central,mpc_agent_adaptive
598,toBeDone,11,dmpc_admm,mpc_agent
599,toBeDone,11,dmpc_admm,mpc_agent_adaptive
736,toBeDone,11,mpc_central,mpc_agent
737,toBeDone,11,mpc_central,mpc_agent_adaptive
738,toBeDone,11,dmpc_admm,mpc_agent
739,toBeDone,11,dmpc_admm,mpc_agent_adaptive
876,toBeDone,11,mpc_central,mpc_agent
877,toBeDone,11,mpc_central,mpc_agent_adaptive
878,toBeDone,11,dmpc_admm,mpc_agent
879,toBeDone,11,dmpc_admm,mpc_agent_adaptive
1016,toBeDone,11,mpc_central,mpc_agent
1017,toBeDone,11,mpc_central,mpc_agent_adaptive
1018,toBeDone,11,dmpc_admm,mpc_agent
1019,toBeDone,11,dmpc_admm,mpc_agent_adaptive
1156,toBeDone,11,mpc_central,mpc_agent
1157,toBeDone,11,mpc_central,mpc_agent_adaptive
1158,toBeDone,11,dmpc_admm,mpc_agent
1159,toBeDone,11,dmpc_admm,mpc_agent_adaptive
1296,toBeDone,11,mpc_central,mpc_agent
1297,toBeDone,11,mpc_central,mpc_agent_adaptive
1298,toBeDone,11,dmpc_admm,mpc_agent
1299,toBeDone,11,dmpc_admm,mpc_agent_adaptive
1436,toBeDone,11,mpc_central,mpc_agent
1437,toBeDone,11,mpc_central,mpc_agent_adaptive
1438,toBeDone,11,dmpc_admm,mpc_agent
1439,toBeDone,11,dmpc_admm,mpc_agent_adaptive
1576,toBeDone,11,mpc_central,mpc_agent
1577,toBeDone,11,mpc_central,mpc_agent_adaptive
1578,toBeDone,11,dmpc_admm,mpc_agent
1579,toBeDone,11,dmpc_admm,mpc_agent_adaptive
1716,toBeDone,11,mpc_central,mpc_agent
1717,toBeDone,11,mpc_central,mpc_agent_adaptive
1718,toBeDone,11,dmpc_admm,mpc_agent
1719,toBeDone,11,dmpc_admm,mpc_agent_adaptive
1856,toBeDone,11,mpc_central,mpc_agent
1857,toBeDone,11,mpc_central,mpc_agent_adaptive
1858,toBeDone,11,dmpc_admm,mpc_agent
1859,toBeDone,11,dmpc_admm,mpc_agent_adaptive
1996,toBeDone,11,mpc_central,mpc_agent
1997,toBeDone,11,mpc_central,mpc_agent_adaptive
1998,toBeDone,11,dmpc_admm,mpc_agent
1999,toBeDone,11,dmpc_admm,mpc_agent_adaptive
2136,toBeDone,11,mpc_central,mpc_agent
2137,toBeDone,11,mpc_central,mpc_agent_adaptive
2138,toBeDone,11,dmpc_admm,mpc_agent
2139,toBeDone,11,dmpc_admm,mpc_agent_adaptive
2276,toBeDone,11,mpc_central,mpc_agent
2277,toBeDone,11,mpc_central,mpc_agent_adaptive
2278,toBeDone,11,dmpc_admm,mpc_agent
2279,toBeDone,11,dmpc_admm,mpc_agent_adaptive
2416,toBeDone,11,mpc_central,mpc_agent
2417,toBeDone,11,mpc_central,mpc_agent_adaptive
2418,toBeDone,11,dmpc_admm,mpc_agent
2419,toBeDone,11,dmpc_admm,mpc_agent_adaptive
2556,toBeDone,11,mpc_central,mpc_agent
2557,toBeDone,11,mpc_central,mpc_agent_adaptive
2558,toBeDone,11,dmpc_admm,mpc_agent
2559,toBeDone,11,dmpc_admm,mpc_agent_adaptive
2696,toBeDone,11,mpc_central,mpc_agent
2697,toBeDone,11,mpc_central,mpc_agent_adaptive
2698,toBeDone,11,dmpc_admm,mpc_agent
2699,toBeDone,11,dmpc_admm,mpc_agent_adaptive
40,toBeDone,12,mpc_central,mpc_agent
41,toBeDone,12,mpc_central,mpc_agent_adaptive
42,toBeDone,12,dmpc_admm,mpc_agent
43,toBeDone,12,dmpc_admm,mpc_agent_adaptive
180,toBeDone,12,mpc_central,mpc_agent
181,toBeDone,12,mpc_central,mpc_agent_adaptive
182,toBeDone,12,dmpc_admm,mpc_agent
183,toBeDone,12,dmpc_admm,mpc_agent_adaptive
320,toBeDone,12,mpc_central,mpc_agent
321,toBeDone,12,mpc_central,mpc_agent_adaptive
322,toBeDone,12,dmpc_admm,mpc_agent
323,toBeDone,12,dmpc_admm,mpc_agent_adaptive
460,toBeDone,12,mpc_central,mpc_agent
461,toBeDone,12,mpc_central,mpc_agent_adaptive
462,toBeDone,12,dmpc_admm,mpc_agent
463,toBeDone,12,dmpc_admm,mpc_agent_adaptive
600,toBeDone,12,mpc_central,mpc_agent
601,toBeDone,12,mpc_central,mpc_agent_adaptive
602,toBeDone,12,dmpc_admm,mpc_agent
603,toBeDone,12,dmpc_admm,mpc_agent_adaptive
740,toBeDone,12,mpc_central,mpc_agent
741,toBeDone,12,mpc_central,mpc_agent_adaptive
742,toBeDone,12,dmpc_admm,mpc_agent
743,toBeDone,12,dmpc_admm,mpc_agent_adaptive
880,toBeDone,12,mpc_central,mpc_agent
881,toBeDone,12,mpc_central,mpc_agent_adaptive
882,toBeDone,12,dmpc_admm,mpc_agent
883,toBeDone,12,dmpc_admm,mpc_agent_adaptive
1020,toBeDone,12,mpc_central,mpc_agent
1021,toBeDone,12,mpc_central,mpc_agent_adaptive
1022,toBeDone,12,dmpc_admm,mpc_agent
1023,toBeDone,12,dmpc_admm,mpc_agent_adaptive
1160,toBeDone,12,mpc_central,mpc_agent
1161,toBeDone,12,mpc_central,mpc_agent_adaptive
1162,toBeDone,12,dmpc_admm,mpc_agent
1163,toBeDone,12,dmpc_admm,mpc_agent_adaptive
1300,toBeDone,12,mpc_central,mpc_agent
1301,toBeDone,12,mpc_central,mpc_agent_adaptive
1302,toBeDone,12,dmpc_admm,mpc_agent
1303,toBeDone,12,dmpc_admm,mpc_agent_adaptive
1440,toBeDone,12,mpc_central,mpc_agent
1441,toBeDone,12,mpc_central,mpc_agent_adaptive
1442,toBeDone,12,dmpc_admm,mpc_agent
1443,toBeDone,12,dmpc_admm,mpc_agent_adaptive
1580,toBeDone,12,mpc_central,mpc_agent
1581,toBeDone,12,mpc_central,mpc_agent_adaptive
1582,toBeDone,12,dmpc_admm,mpc_agent
1583,toBeDone,12,dmpc_admm,mpc_agent_adaptive
1720,toBeDone,12,mpc_central,mpc_agent
1721,toBeDone,12,mpc_central,mpc_agent_adaptive
1722,toBeDone,12,dmpc_admm,mpc_agent
1723,toBeDone,12,dmpc_admm,mpc_agent_adaptive
1860,toBeDone,12,mpc_central,mpc_agent
1861,toBeDone,12,mpc_central,mpc_agent_adaptive
1862,toBeDone,12,dmpc_admm,mpc_agent
1863,toBeDone,12,dmpc_admm,mpc_agent_adaptive
2000,toBeDone,12,mpc_central,mpc_agent
2001,toBeDone,12,mpc_central,mpc_agent_adaptive
2002,toBeDone,12,dmpc_admm,mpc_agent
2003,toBeDone,12,dmpc_admm,mpc_agent_adaptive
2140,toBeDone,12,mpc_central,mpc_agent
2141,toBeDone,12,mpc_central,mpc_agent_adaptive
2142,toBeDone,12,dmpc_admm,mpc_agent
2143,toBeDone,12,dmpc_admm,mpc_agent_adaptive
2280,toBeDone,12,mpc_central,mpc_agent
2281,toBeDone,12,mpc_central,mpc_agent_adaptive
2282,toBeDone,12,dmpc_admm,mpc_agent
2283,toBeDone,12,dmpc_admm,mpc_agent_adaptive
2420,toBeDone,12,mpc_central,mpc_agent
2421,toBeDone,12,mpc_central,mpc_agent_adaptive
2422,toBeDone,12,dmpc_admm,mpc_agent
2423,toBeDone,12,dmpc_admm,mpc_agent_adaptive
2560,toBeDone,12,mpc_central,mpc_agent
2561,toBeDone,12,mpc_central,mpc_agent_adaptive
2562,toBeDone,12,dmpc_admm,mpc_agent
2563,toBeDone,12,dmpc_admm,mpc_agent_adaptive
2700,toBeDone,12,mpc_central,mpc_agent
2701,toBeDone,12,mpc_central,mpc_agent_adaptive
2702,toBeDone,12,dmpc_admm,mpc_agent
2703,toBeDone,12,dmpc_admm,mpc_agent_adaptive
44,toBeDone,13,mpc_central,mpc_agent
45,toBeDone,13,mpc_central,mpc_agent_adaptive
46,toBeDone,13,dmpc_admm,mpc_agent
47,toBeDone,13,dmpc_admm,mpc_agent_adaptive
184,toBeDone,13,mpc_central,mpc_agent
185,toBeDone,13,mpc_central,mpc_agent_adaptive
186,toBeDone,13,dmpc_admm,mpc_agent
187,toBeDone,13,dmpc_admm,mpc_agent_adaptive
324,toBeDone,13,mpc_central,mpc_agent
325,toBeDone,13,mpc_central,mpc_agent_adaptive
326,toBeDone,13,dmpc_admm,mpc_agent
327,toBeDone,13,dmpc_admm,mpc_agent_adaptive
464,toBeDone,13,mpc_central,mpc_agent
465,toBeDone,13,mpc_central,mpc_agent_adaptive
466,toBeDone,13,dmpc_admm,mpc_agent
467,toBeDone,13,dmpc_admm,mpc_agent_adaptive
604,toBeDone,13,mpc_central,mpc_agent
605,toBeDone,13,mpc_central,mpc_agent_adaptive
606,toBeDone,13,dmpc_admm,mpc_agent
607,toBeDone,13,dmpc_admm,mpc_agent_adaptive
744,toBeDone,13,mpc_central,mpc_agent
745,toBeDone,13,mpc_central,mpc_agent_adaptive
746,toBeDone,13,dmpc_admm,mpc_agent
747,toBeDone,13,dmpc_admm,mpc_agent_adaptive
884,toBeDone,13,mpc_central,mpc_agent
885,toBeDone,13,mpc_central,mpc_agent_adaptive
886,toBeDone,13,dmpc_admm,mpc_agent
887,toBeDone,13,dmpc_admm,mpc_agent_adaptive
1024,toBeDone,13,mpc_central,mpc_agent
1025,toBeDone,13,mpc_central,mpc_agent_adaptive
1026,toBeDone,13,dmpc_admm,mpc_agent
1027,toBeDone,13,dmpc_admm,mpc_agent_adaptive
1164,toBeDone,13,mpc_central,mpc_agent
1165,toBeDone,13,mpc_central,mpc_agent_adaptive
1166,toBeDone,13,dmpc_admm,mpc_agent
1167,toBeDone,13,dmpc_admm,mpc_agent_adaptive
1304,toBeDone,13,mpc_central,mpc_agent
1305,toBeDone,13,mpc_central,mpc_agent_adaptive
1306,toBeDone,13,dmpc_admm,mpc_agent
1307,toBeDone,13,dmpc_admm,mpc_agent_adaptive
1444,toBeDone,13,mpc_central,mpc_agent
1445,toBeDone,13,mpc_central,mpc_agent_adaptive
1446,toBeDone,13,dmpc_admm,mpc_agent
1447,toBeDone,13,dmpc_admm,mpc_agent_adaptive
1584,toBeDone,13,mpc_central,mpc_agent
1585,toBeDone,13,mpc_central,mpc_agent_adaptive
1586,toBeDone,13,dmpc_admm,mpc_agent
1587,toBeDone,13,dmpc_admm,mpc_agent_adaptive
1724,toBeDone,13,mpc_central,mpc_agent
1725,toBeDone,13,mpc_central,mpc_agent_adaptive
1726,toBeDone,13,dmpc_admm,mpc_agent
1727,toBeDone,13,dmpc_admm,mpc_agent_adaptive
1864,toBeDone,13,mpc_central,mpc_agent
1865,toBeDone,13,mpc_central,mpc_agent_adaptive
1866,toBeDone,13,dmpc_admm,mpc_agent
1867,toBeDone,13,dmpc_admm,mpc_agent_adaptive
2004,toBeDone,13,mpc_central,mpc_agent
2005,toBeDone,13,mpc_central,mpc_agent_adaptive
2006,toBeDone,13,dmpc_admm,mpc_agent
2007,toBeDone,13,dmpc_admm,mpc_agent_adaptive
2144,toBeDone,13,mpc_central,mpc_agent
2145,toBeDone,13,mpc_central,mpc_agent_adaptive
2146,toBeDone,13,dmpc_admm,mpc_agent
2147,toBeDone,13,dmpc_admm,mpc_agent_adaptive
2284,toBeDone,13,mpc_central,mpc_agent
2285,toBeDone,13,mpc_central,mpc_agent_adaptive
2286,toBeDone,13,dmpc_admm,mpc_agent
2287,toBeDone,13,dmpc_admm,mpc_agent_adaptive
2424,toBeDone,13,mpc_central,mpc_agent
2425,toBeDone,13,mpc_central,mpc_agent_adaptive
2426,toBeDone,13,dmpc_admm,mpc_agent
2427,toBeDone,13,dmpc_admm,mpc_agent_adaptive
2564,toBeDone,13,mpc_central,mpc_agent
2565,toBeDone,13,mpc_central,mpc_agent_adaptive
2566,toBeDone,13,dmpc_admm,mpc_agent
2567,toBeDone,13,dmpc_admm,mpc_agent_adaptive
2704,toBeDone,13,mpc_central,mpc_agent
2705,toBeDone,13,mpc_central,mpc_agent_adaptive
2706,toBeDone,13,dmpc_admm,mpc_agent
2707,toBeDone,13,dmpc_admm,mpc_agent_adaptive
48,toBeDone,14,mpc_central,mpc_agent
49,toBeDone,14,mpc_central,mpc_agent_adaptive
50,toBeDone,14,dmpc_admm,mpc_agent
51,toBeDone,14,dmpc_admm,mpc_agent_adaptive
188,toBeDone,14,mpc_central,mpc_agent
189,toBeDone,14,mpc_central,mpc_agent_adaptive
190,toBeDone,14,dmpc_admm,mpc_agent
191,toBeDone,14,dmpc_admm,mpc_agent_adaptive
328,toBeDone,14,mpc_central,mpc_agent
329,toBeDone,14,mpc_central,mpc_agent_adaptive
330,toBeDone,14,dmpc_admm,mpc_agent
331,toBeDone,14,dmpc_admm,mpc_agent_adaptive
468,toBeDone,14,mpc_central,mpc_agent
469,toBeDone,14,mpc_central,mpc_agent_adaptive
470,toBeDone,14,dmpc_admm,mpc_agent
471,toBeDone,14,dmpc_admm,mpc_agent_adaptive
608,toBeDone,14,mpc_central,mpc_agent
609,toBeDone,14,mpc_central,mpc_agent_adaptive
610,toBeDone,14,dmpc_admm,mpc_agent
611,toBeDone,14,dmpc_admm,mpc_agent_adaptive
748,toBeDone,14,mpc_central,mpc_agent
749,toBeDone,14,mpc_central,mpc_agent_adaptive
750,toBeDone,14,dmpc_admm,mpc_agent
751,toBeDone,14,dmpc_admm,mpc_agent_adaptive
888,toBeDone,14,mpc_central,mpc_agent
889,toBeDone,14,mpc_central,mpc_agent_adaptive
890,toBeDone,14,dmpc_admm,mpc_agent
891,toBeDone,14,dmpc_admm,mpc_agent_adaptive
1028,toBeDone,14,mpc_central,mpc_agent
1029,toBeDone,14,mpc_central,mpc_agent_adaptive
1030,toBeDone,14,dmpc_admm,mpc_agent
1031,toBeDone,14,dmpc_admm,mpc_agent_adaptive
1168,toBeDone,14,mpc_central,mpc_agent
1169,toBeDone,14,mpc_central,mpc_agent_adaptive
1170,toBeDone,14,dmpc_admm,mpc_agent
1171,toBeDone,14,dmpc_admm,mpc_agent_adaptive
1308,toBeDone,14,mpc_central,mpc_agent
1309,toBeDone,14,mpc_central,mpc_agent_adaptive
1310,toBeDone,14,dmpc_admm,mpc_agent
1311,toBeDone,14,dmpc_admm,mpc_agent_adaptive
1448,toBeDone,14,mpc_central,mpc_agent
1449,toBeDone,14,mpc_central,mpc_agent_adaptive
1450,toBeDone,14,dmpc_admm,mpc_agent
1451,toBeDone,14,dmpc_admm,mpc_agent_adaptive
1588,toBeDone,14,mpc_central,mpc_agent
1589,toBeDone,14,mpc_central,mpc_agent_adaptive
1590,toBeDone,14,dmpc_admm,mpc_agent
1591,toBeDone,14,dmpc_admm,mpc_agent_adaptive
1728,toBeDone,14,mpc_central,mpc_agent
1729,toBeDone,14,mpc_central,mpc_agent_adaptive
1730,toBeDone,14,dmpc_admm,mpc_agent
1731,toBeDone,14,dmpc_admm,mpc_agent_adaptive
1868,toBeDone,14,mpc_central,mpc_agent
1869,toBeDone,14,mpc_central,mpc_agent_adaptive
1870,toBeDone,14,dmpc_admm,mpc_agent
1871,toBeDone,14,dmpc_admm,mpc_agent_adaptive
2008,toBeDone,14,mpc_central,mpc_agent
2009,toBeDone,14,mpc_central,mpc_agent_adaptive
2010,toBeDone,14,dmpc_admm,mpc_agent
2011,toBeDone,14,dmpc_admm,mpc_agent_adaptive
2148,toBeDone,14,mpc_central,mpc_agent
2149,toBeDone,14,mpc_central,mpc_agent_adaptive
2150,toBeDone,14,dmpc_admm,mpc_agent
2151,toBeDone,14,dmpc_admm,mpc_agent_adaptive
2288,toBeDone,14,mpc_central,mpc_agent
2289,toBeDone,14,mpc_central,mpc_agent_adaptive
2290,toBeDone,14,dmpc_admm,mpc_agent
2291,toBeDone,14,dmpc_admm,mpc_agent_adaptive
2428,toBeDone,14,mpc_central,mpc_agent
2429,toBeDone,14,mpc_central,mpc_agent_adaptive
2430,toBeDone,14,dmpc_admm,mpc_agent
2431,toBeDone,14,dmpc_admm,mpc_agent_adaptive
2568,toBeDone,14,mpc_central,mpc_agent
2569,toBeDone,14,mpc_central,mpc_agent_adaptive
2570,toBeDone,14,dmpc_admm,mpc_agent
2571,toBeDone,14,dmpc_admm,mpc_agent_adaptive
2708,toBeDone,14,mpc_central,mpc_agent
2709,toBeDone,14,mpc_central,mpc_agent_adaptive
2710,toBeDone,14,dmpc_admm,mpc_agent
2711,toBeDone,14,dmpc_admm,mpc_agent_adaptive
52,toBeDone,15,mpc_central,mpc_agent
53,toBeDone,15,mpc_central,mpc_agent_adaptive
54,toBeDone,15,dmpc_admm,mpc_agent
55,toBeDone,15,dmpc_admm,mpc_agent_adaptive
192,toBeDone,15,mpc_central,mpc_agent
193,toBeDone,15,mpc_central,mpc_agent_adaptive
194,toBeDone,15,dmpc_admm,mpc_agent
195,toBeDone,15,dmpc_admm,mpc_agent_adaptive
332,toBeDone,15,mpc_central,mpc_agent
333,toBeDone,15,mpc_central,mpc_agent_adaptive
334,toBeDone,15,dmpc_admm,mpc_agent
335,toBeDone,15,dmpc_admm,mpc_agent_adaptive
472,toBeDone,15,mpc_central,mpc_agent
473,toBeDone,15,mpc_central,mpc_agent_adaptive
474,toBeDone,15,dmpc_admm,mpc_agent
475,toBeDone,15,dmpc_admm,mpc_agent_adaptive
612,toBeDone,15,mpc_central,mpc_agent
613,toBeDone,15,mpc_central,mpc_agent_adaptive
614,toBeDone,15,dmpc_admm,mpc_agent
615,toBeDone,15,dmpc_admm,mpc_agent_adaptive
752,toBeDone,15,mpc_central,mpc_agent
753,toBeDone,15,mpc_central,mpc_agent_adaptive
754,toBeDone,15,dmpc_admm,mpc_agent
755,toBeDone,15,dmpc_admm,mpc_agent_adaptive
892,toBeDone,15,mpc_central,mpc_agent
893,toBeDone,15,mpc_central,mpc_agent_adaptive
894,toBeDone,15,dmpc_admm,mpc_agent
895,toBeDone,15,dmpc_admm,mpc_agent_adaptive
1032,toBeDone,15,mpc_central,mpc_agent
1033,toBeDone,15,mpc_central,mpc_agent_adaptive
1034,toBeDone,15,dmpc_admm,mpc_agent
1035,toBeDone,15,dmpc_admm,mpc_agent_adaptive
1172,toBeDone,15,mpc_central,mpc_agent
1173,toBeDone,15,mpc_central,mpc_agent_adaptive
1174,toBeDone,15,dmpc_admm,mpc_agent
1175,toBeDone,15,dmpc_admm,mpc_agent_adaptive
1312,toBeDone,15,mpc_central,mpc_agent
1313,toBeDone,15,mpc_central,mpc_agent_adaptive
1314,toBeDone,15,dmpc_admm,mpc_agent
1315,toBeDone,15,dmpc_admm,mpc_agent_adaptive
1452,toBeDone,15,mpc_central,mpc_agent
1453,toBeDone,15,mpc_central,mpc_agent_adaptive
1454,toBeDone,15,dmpc_admm,mpc_agent
1455,toBeDone,15,dmpc_admm,mpc_agent_adaptive
1592,toBeDone,15,mpc_central,mpc_agent
1593,toBeDone,15,mpc_central,mpc_agent_adaptive
1594,toBeDone,15,dmpc_admm,mpc_agent
1595,toBeDone,15,dmpc_admm,mpc_agent_adaptive
1732,toBeDone,15,mpc_central,mpc_agent
1733,toBeDone,15,mpc_central,mpc_agent_adaptive
1734,toBeDone,15,dmpc_admm,mpc_agent
1735,toBeDone,15,dmpc_admm,mpc_agent_adaptive
1872,toBeDone,15,mpc_central,mpc_agent
1873,toBeDone,15,mpc_central,mpc_agent_adaptive
1874,toBeDone,15,dmpc_admm,mpc_agent
1875,toBeDone,15,dmpc_admm,mpc_agent_adaptive
2012,toBeDone,15,mpc_central,mpc_agent
2013,toBeDone,15,mpc_central,mpc_agent_adaptive
2014,toBeDone,15,dmpc_admm,mpc_agent
2015,toBeDone,15,dmpc_admm,mpc_agent_adaptive
2152,toBeDone,15,mpc_central,mpc_agent
2153,toBeDone,15,mpc_central,mpc_agent_adaptive
2154,toBeDone,15,dmpc_admm,mpc_agent
2155,toBeDone,15,dmpc_admm,mpc_agent_adaptive
2292,toBeDone,15,mpc_central,mpc_agent
2293,toBeDone,15,mpc_central,mpc_agent_adaptive
2294,toBeDone,15,dmpc_admm,mpc_agent
2295,toBeDone,15,dmpc_admm,mpc_agent_adaptive
2432,toBeDone,15,mpc_central,mpc_agent
2433,toBeDone,15,mpc_central,mpc_agent_adaptive
2434,toBeDone,15,dmpc_admm,mpc_agent
2435,toBeDone,15,dmpc_admm,mpc_agent_adaptive
2572,toBeDone,15,mpc_central,mpc_agent
2573,toBeDone,15,mpc_central,mpc_agent_adaptive
2574,toBeDone,15,dmpc_admm,mpc_agent
2575,toBeDone,15,dmpc_admm,mpc_agent_adaptive
2712,toBeDone,15,mpc_central,mpc_agent
2713,toBeDone,15,mpc_central,mpc_agent_adaptive
2714,toBeDone,15,dmpc_admm,mpc_agent
2715,toBeDone,15,dmpc_admm,mpc_agent_adaptive
56,toBeDone,16,mpc_central,mpc_agent
57,toBeDone,16,mpc_central,mpc_agent_adaptive
58,toBeDone,16,dmpc_admm,mpc_agent
59,toBeDone,16,dmpc_admm,mpc_agent_adaptive
196,toBeDone,16,mpc_central,mpc_agent
197,toBeDone,16,mpc_central,mpc_agent_adaptive
198,toBeDone,16,dmpc_admm,mpc_agent
199,toBeDone,16,dmpc_admm,mpc_agent_adaptive
336,toBeDone,16,mpc_central,mpc_agent
337,toBeDone,16,mpc_central,mpc_agent_adaptive
338,toBeDone,16,dmpc_admm,mpc_agent
339,toBeDone,16,dmpc_admm,mpc_agent_adaptive
476,toBeDone,16,mpc_central,mpc_agent
477,toBeDone,16,mpc_central,mpc_agent_adaptive
478,toBeDone,16,dmpc_admm,mpc_agent
479,toBeDone,16,dmpc_admm,mpc_agent_adaptive
616,toBeDone,16,mpc_central,mpc_agent
617,toBeDone,16,mpc_central,mpc_agent_adaptive
618,toBeDone,16,dmpc_admm,mpc_agent
619,toBeDone,16,dmpc_admm,mpc_agent_adaptive
756,toBeDone,16,mpc_central,mpc_agent
757,toBeDone,16,mpc_central,mpc_agent_adaptive
758,toBeDone,16,dmpc_admm,mpc_agent
759,toBeDone,16,dmpc_admm,mpc_agent_adaptive
896,toBeDone,16,mpc_central,mpc_agent
897,toBeDone,16,mpc_central,mpc_agent_adaptive
898,toBeDone,16,dmpc_admm,mpc_agent
899,toBeDone,16,dmpc_admm,mpc_agent_adaptive
1036,toBeDone,16,mpc_central,mpc_agent
1037,toBeDone,16,mpc_central,mpc_agent_adaptive
1038,toBeDone,16,dmpc_admm,mpc_agent
1039,toBeDone,16,dmpc_admm,mpc_agent_adaptive
1176,toBeDone,16,mpc_central,mpc_agent
1177,toBeDone,16,mpc_central,mpc_agent_adaptive
1178,toBeDone,16,dmpc_admm,mpc_agent
1179,toBeDone,16,dmpc_admm,mpc_agent_adaptive
1316,toBeDone,16,mpc_central,mpc_agent
1317,toBeDone,16,mpc_central,mpc_agent_adaptive
1318,toBeDone,16,dmpc_admm,mpc_agent
1319,toBeDone,16,dmpc_admm,mpc_agent_adaptive
1456,toBeDone,16,mpc_central,mpc_agent
1457,toBeDone,16,mpc_central,mpc_agent_adaptive
1458,toBeDone,16,dmpc_admm,mpc_agent
1459,toBeDone,16,dmpc_admm,mpc_agent_adaptive
1596,toBeDone,16,mpc_central,mpc_agent
1597,toBeDone,16,mpc_central,mpc_agent_adaptive
1598,toBeDone,16,dmpc_admm,mpc_agent
1599,toBeDone,16,dmpc_admm,mpc_agent_adaptive
1736,toBeDone,16,mpc_central,mpc_agent
1737,toBeDone,16,mpc_central,mpc_agent_adaptive
1738,toBeDone,16,dmpc_admm,mpc_agent
1739,toBeDone,16,dmpc_admm,mpc_agent_adaptive
1876,toBeDone,16,mpc_central,mpc_agent
1877,toBeDone,16,mpc_central,mpc_agent_adaptive
1878,toBeDone,16,dmpc_admm,mpc_agent
1879,toBeDone,16,dmpc_admm,mpc_agent_adaptive
2016,toBeDone,16,mpc_central,mpc_agent
2017,toBeDone,16,mpc_central,mpc_agent_adaptive
2018,toBeDone,16,dmpc_admm,mpc_agent
2019,toBeDone,16,dmpc_admm,mpc_agent_adaptive
2156,toBeDone,16,mpc_central,mpc_agent
2157,toBeDone,16,mpc_central,mpc_agent_adaptive
2158,toBeDone,16,dmpc_admm,mpc_agent
2159,toBeDone,16,dmpc_admm,mpc_agent_adaptive
2296,toBeDone,16,mpc_central,mpc_agent
2297,toBeDone,16,mpc_central,mpc_agent_adaptive
2298,toBeDone,16,dmpc_admm,mpc_agent
2299,toBeDone,16,dmpc_admm,mpc_agent_adaptive
2436,toBeDone,16,mpc_central,mpc_agent
2437,toBeDone,16,mpc_central,mpc_agent_adaptive
2438,toBeDone,16,dmpc_admm,mpc_agent
2439,toBeDone,16,dmpc_admm,mpc_agent_adaptive
2576,toBeDone,16,mpc_central,mpc_agent
2577,toBeDone,16,mpc_central,mpc_agent_adaptive
2578,toBeDone,16,dmpc_admm,mpc_agent
2579,toBeDone,16,dmpc_admm,mpc_agent_adaptive
2716,toBeDone,16,mpc_central,mpc_agent
2717,toBeDone,16,mpc_central,mpc_agent_adaptive
2718,toBeDone,16,dmpc_admm,mpc_agent
2719,toBeDone,16,dmpc_admm,mpc_agent_adaptive
60,toBeDone,17,mpc_central,mpc_agent
61,toBeDone,17,mpc_central,mpc_agent_adaptive
62,toBeDone,17,dmpc_admm,mpc_agent
63,toBeDone,17,dmpc_admm,mpc_agent_adaptive
200,toBeDone,17,mpc_central,mpc_agent
201,toBeDone,17,mpc_central,mpc_agent_adaptive
202,toBeDone,17,dmpc_admm,mpc_agent
203,toBeDone,17,dmpc_admm,mpc_agent_adaptive
340,toBeDone,17,mpc_central,mpc_agent
341,toBeDone,17,mpc_central,mpc_agent_adaptive
342,toBeDone,17,dmpc_admm,mpc_agent
343,toBeDone,17,dmpc_admm,mpc_agent_adaptive
480,toBeDone,17,mpc_central,mpc_agent
481,toBeDone,17,mpc_central,mpc_agent_adaptive
482,toBeDone,17,dmpc_admm,mpc_agent
483,toBeDone,17,dmpc_admm,mpc_agent_adaptive
620,toBeDone,17,mpc_central,mpc_agent
621,toBeDone,17,mpc_central,mpc_agent_adaptive
622,toBeDone,17,dmpc_admm,mpc_agent
623,toBeDone,17,dmpc_admm,mpc_agent_adaptive
760,toBeDone,17,mpc_central,mpc_agent
761,toBeDone,17,mpc_central,mpc_agent_adaptive
762,toBeDone,17,dmpc_admm,mpc_agent
763,toBeDone,17,dmpc_admm,mpc_agent_adaptive
900,toBeDone,17,mpc_central,mpc_agent
901,toBeDone,17,mpc_central,mpc_agent_adaptive
902,toBeDone,17,dmpc_admm,mpc_agent
903,toBeDone,17,dmpc_admm,mpc_agent_adaptive
1040,toBeDone,17,mpc_central,mpc_agent
1041,toBeDone,17,mpc_central,mpc_agent_adaptive
1042,toBeDone,17,dmpc_admm,mpc_agent
1043,toBeDone,17,dmpc_admm,mpc_agent_adaptive
1180,toBeDone,17,mpc_central,mpc_agent
1181,toBeDone,17,mpc_central,mpc_agent_adaptive
1182,toBeDone,17,dmpc_admm,mpc_agent
1183,toBeDone,17,dmpc_admm,mpc_agent_adaptive
1320,toBeDone,17,mpc_central,mpc_agent
1321,toBeDone,17,mpc_central,mpc_agent_adaptive
1322,toBeDone,17,dmpc_admm,mpc_agent
1323,toBeDone,17,dmpc_admm,mpc_agent_adaptive
1460,toBeDone,17,mpc_central,mpc_agent
1461,toBeDone,17,mpc_central,mpc_agent_adaptive
1462,toBeDone,17,dmpc_admm,mpc_agent
1463,toBeDone,17,dmpc_admm,mpc_agent_adaptive
1600,toBeDone,17,mpc_central,mpc_agent
1601,toBeDone,17,mpc_central,mpc_agent_adaptive
1602,toBeDone,17,dmpc_admm,mpc_agent
1603,toBeDone,17,dmpc_admm,mpc_agent_adaptive
1740,toBeDone,17,mpc_central,mpc_agent
1741,toBeDone,17,mpc_central,mpc_agent_adaptive
1742,toBeDone,17,dmpc_admm,mpc_agent
1743,toBeDone,17,dmpc_admm,mpc_agent_adaptive
1880,toBeDone,17,mpc_central,mpc_agent
1881,toBeDone,17,mpc_central,mpc_agent_adaptive
1882,toBeDone,17,dmpc_admm,mpc_agent
1883,toBeDone,17,dmpc_admm,mpc_agent_adaptive
2020,toBeDone,17,mpc_central,mpc_agent
2021,toBeDone,17,mpc_central,mpc_agent_adaptive
2022,toBeDone,17,dmpc_admm,mpc_agent
2023,toBeDone,17,dmpc_admm,mpc_agent_adaptive
2160,toBeDone,17,mpc_central,mpc_agent
2161,toBeDone,17,mpc_central,mpc_agent_adaptive
2162,toBeDone,17,dmpc_admm,mpc_agent
2163,toBeDone,17,dmpc_admm,mpc_agent_adaptive
2300,toBeDone,17,mpc_central,mpc_agent
2301,toBeDone,17,mpc_central,mpc_agent_adaptive
2302,toBeDone,17,dmpc_admm,mpc_agent
2303,toBeDone,17,dmpc_admm,mpc_agent_adaptive
2440,toBeDone,17,mpc_central,mpc_agent
2441,toBeDone,17,mpc_central,mpc_agent_adaptive
2442,toBeDone,17,dmpc_admm,mpc_agent
2443,toBeDone,17,dmpc_admm,mpc_agent_adaptive
2580,toBeDone,17,mpc_central,mpc_agent
2581,toBeDone,17,mpc_central,mpc_agent_adaptive
2582,toBeDone,17,dmpc_admm,mpc_agent
2583,toBeDone,17,dmpc_admm,mpc_agent_adaptive
2720,toBeDone,17,mpc_central,mpc_agent
2721,toBeDone,17,mpc_central,mpc_agent_adaptive
2722,toBeDone,17,dmpc_admm,mpc_agent
2723,toBeDone,17,dmpc_admm,mpc_agent_adaptive
64,toBeDone,18,mpc_central,mpc_agent
65,toBeDone,18,mpc_central,mpc_agent_adaptive
66,toBeDone,18,dmpc_admm,mpc_agent
67,toBeDone,18,dmpc_admm,mpc_agent_adaptive
204,toBeDone,18,mpc_central,mpc_agent
205,toBeDone,18,mpc_central,mpc_agent_adaptive
206,toBeDone,18,dmpc_admm,mpc_agent
207,toBeDone,18,dmpc_admm,mpc_agent_adaptive
344,toBeDone,18,mpc_central,mpc_agent
345,toBeDone,18,mpc_central,mpc_agent_adaptive
346,toBeDone,18,dmpc_admm,mpc_agent
347,toBeDone,18,dmpc_admm,mpc_agent_adaptive
484,toBeDone,18,mpc_central,mpc_agent
485,toBeDone,18,mpc_central,mpc_agent_adaptive
486,toBeDone,18,dmpc_admm,mpc_agent
487,toBeDone,18,dmpc_admm,mpc_agent_adaptive
624,toBeDone,18,mpc_central,mpc_agent
625,toBeDone,18,mpc_central,mpc_agent_adaptive
626,toBeDone,18,dmpc_admm,mpc_agent
627,toBeDone,18,dmpc_admm,mpc_agent_adaptive
764,toBeDone,18,mpc_central,mpc_agent
765,toBeDone,18,mpc_central,mpc_agent_adaptive
766,toBeDone,18,dmpc_admm,mpc_agent
767,toBeDone,18,dmpc_admm,mpc_agent_adaptive
904,toBeDone,18,mpc_central,mpc_agent
905,toBeDone,18,mpc_central,mpc_agent_adaptive
906,toBeDone,18,dmpc_admm,mpc_agent
907,toBeDone,18,dmpc_admm,mpc_agent_adaptive
1044,toBeDone,18,mpc_central,mpc_agent
1045,toBeDone,18,mpc_central,mpc_agent_adaptive
1046,toBeDone,18,dmpc_admm,mpc_agent
1047,toBeDone,18,dmpc_admm,mpc_agent_adaptive
1184,toBeDone,18,mpc_central,mpc_agent
1185,toBeDone,18,mpc_central,mpc_agent_adaptive
1186,toBeDone,18,dmpc_admm,mpc_agent
1187,toBeDone,18,dmpc_admm,mpc_agent_adaptive
1324,toBeDone,18,mpc_central,mpc_agent
1325,toBeDone,18,mpc_central,mpc_agent_adaptive
1326,toBeDone,18,dmpc_admm,mpc_agent
1327,toBeDone,18,dmpc_admm,mpc_agent_adaptive
1464,toBeDone,18,mpc_central,mpc_agent
1465,toBeDone,18,mpc_central,mpc_agent_adaptive
1466,toBeDone,18,dmpc_admm,mpc_agent
1467,toBeDone,18,dmpc_admm,mpc_agent_adaptive
1604,toBeDone,18,mpc_central,mpc_agent
1605,toBeDone,18,mpc_central,mpc_agent_adaptive
1606,toBeDone,18,dmpc_admm,mpc_agent
1607,toBeDone,18,dmpc_admm,mpc_agent_adaptive
1744,toBeDone,18,mpc_central,mpc_agent
1745,toBeDone,18,mpc_central,mpc_agent_adaptive
1746,toBeDone,18,dmpc_admm,mpc_agent
1747,toBeDone,18,dmpc_admm,mpc_agent_adaptive
1884,toBeDone,18,mpc_central,mpc_agent
1885,toBeDone,18,mpc_central,mpc_agent_adaptive
1886,toBeDone,18,dmpc_admm,mpc_agent
1887,toBeDone,18,dmpc_admm,mpc_agent_adaptive
2024,toBeDone,18,mpc_central,mpc_agent
2025,toBeDone,18,mpc_central,mpc_agent_adaptive
2026,toBeDone,18,dmpc_admm,mpc_agent
2027,toBeDone,18,dmpc_admm,mpc_agent_adaptive
2164,toBeDone,18,mpc_central,mpc_agent
2165,toBeDone,18,mpc_central,mpc_agent_adaptive
2166,toBeDone,18,dmpc_admm,mpc_agent
2167,toBeDone,18,dmpc_admm,mpc_agent_adaptive
2304,toBeDone,18,mpc_central,mpc_agent
2305,toBeDone,18,mpc_central,mpc_agent_adaptive
2306,toBeDone,18,dmpc_admm,mpc_agent
2307,toBeDone,18,dmpc_admm,mpc_agent_adaptive
2444,toBeDone,18,mpc_central,mpc_agent
2445,toBeDone,18,mpc_central,mpc_agent_adaptive
2446,toBeDone,18,dmpc_admm,mpc_agent
2447,toBeDone,18,dmpc_admm,mpc_agent_adaptive
2584,toBeDone,18,mpc_central,mpc_agent
2585,toBeDone,18,mpc_central,mpc_agent_adaptive
2586,toBeDone,18,dmpc_admm,mpc_agent
2587,toBeDone,18,dmpc_admm,mpc_agent_adaptive
2724,toBeDone,18,mpc_central,mpc_agent
2725,toBeDone,18,mpc_central,mpc_agent_adaptive
2726,toBeDone,18,dmpc_admm,mpc_agent
2727,toBeDone,18,dmpc_admm,mpc_agent_adaptive
68,toBeDone,19,mpc_central,mpc_agent
69,toBeDone,19,mpc_central,mpc_agent_adaptive
70,toBeDone,19,dmpc_admm,mpc_agent
71,toBeDone,19,dmpc_admm,mpc_agent_adaptive
208,toBeDone,19,mpc_central,mpc_agent
209,toBeDone,19,mpc_central,mpc_agent_adaptive
210,toBeDone,19,dmpc_admm,mpc_agent
211,toBeDone,19,dmpc_admm,mpc_agent_adaptive
348,toBeDone,19,mpc_central,mpc_agent
349,toBeDone,19,mpc_central,mpc_agent_adaptive
350,toBeDone,19,dmpc_admm,mpc_agent
351,toBeDone,19,dmpc_admm,mpc_agent_adaptive
488,toBeDone,19,mpc_central,mpc_agent
489,toBeDone,19,mpc_central,mpc_agent_adaptive
490,toBeDone,19,dmpc_admm,mpc_agent
491,toBeDone,19,dmpc_admm,mpc_agent_adaptive
628,toBeDone,19,mpc_central,mpc_agent
629,toBeDone,19,mpc_central,mpc_agent_adaptive
630,toBeDone,19,dmpc_admm,mpc_agent
631,toBeDone,19,dmpc_admm,mpc_agent_adaptive
768,toBeDone,19,mpc_central,mpc_agent
769,toBeDone,19,mpc_central,mpc_agent_adaptive
770,toBeDone,19,dmpc_admm,mpc_agent
771,toBeDone,19,dmpc_admm,mpc_agent_adaptive
908,toBeDone,19,mpc_central,mpc_agent
909,toBeDone,19,mpc_central,mpc_agent_adaptive
910,toBeDone,19,dmpc_admm,mpc_agent
911,toBeDone,19,dmpc_admm,mpc_agent_adaptive
1048,toBeDone,19,mpc_central,mpc_agent
1049,toBeDone,19,mpc_central,mpc_agent_adaptive
1050,toBeDone,19,dmpc_admm,mpc_agent
1051,toBeDone,19,dmpc_admm,mpc_agent_adaptive
1188,toBeDone,19,mpc_central,mpc_agent
1189,toBeDone,19,mpc_central,mpc_agent_adaptive
1190,toBeDone,19,dmpc_admm,mpc_agent
1191,toBeDone,19,dmpc_admm,mpc_agent_adaptive
1328,toBeDone,19,mpc_central,mpc_agent
1329,toBeDone,19,mpc_central,mpc_agent_adaptive
1330,toBeDone,19,dmpc_admm,mpc_agent
1331,toBeDone,19,dmpc_admm,mpc_agent_adaptive
1468,toBeDone,19,mpc_central,mpc_agent
1469,toBeDone,19,mpc_central,mpc_agent_adaptive
1470,toBeDone,19,dmpc_admm,mpc_agent
1471,toBeDone,19,dmpc_admm,mpc_agent_adaptive
1608,toBeDone,19,mpc_central,mpc_agent
1609,toBeDone,19,mpc_central,mpc_agent_adaptive
1610,toBeDone,19,dmpc_admm,mpc_agent
1611,toBeDone,19,dmpc_admm,mpc_agent_adaptive
1748,toBeDone,19,mpc_central,mpc_agent
1749,toBeDone,19,mpc_central,mpc_agent_adaptive
1750,toBeDone,19,dmpc_admm,mpc_agent
1751,toBeDone,19,dmpc_admm,mpc_agent_adaptive
1888,toBeDone,19,mpc_central,mpc_agent
1889,toBeDone,19,mpc_central,mpc_agent_adaptive
1890,toBeDone,19,dmpc_admm,mpc_agent
1891,toBeDone,19,dmpc_admm,mpc_agent_adaptive
2028,toBeDone,19,mpc_central,mpc_agent
2029,toBeDone,19,mpc_central,mpc_agent_adaptive
2030,toBeDone,19,dmpc_admm,mpc_agent
2031,toBeDone,19,dmpc_admm,mpc_agent_adaptive
2168,toBeDone,19,mpc_central,mpc_agent
2169,toBeDone,19,mpc_central,mpc_agent_adaptive
2170,toBeDone,19,dmpc_admm,mpc_agent
2171,toBeDone,19,dmpc_admm,mpc_agent_adaptive
2308,toBeDone,19,mpc_central,mpc_agent
2309,toBeDone,19,mpc_central,mpc_agent_adaptive
2310,toBeDone,19,dmpc_admm,mpc_agent
2311,toBeDone,19,dmpc_admm,mpc_agent_adaptive
2448,toBeDone,19,mpc_central,mpc_agent
2449,toBeDone,19,mpc_central,mpc_agent_adaptive
2450,toBeDone,19,dmpc_admm,mpc_agent
2451,toBeDone,19,dmpc_admm,mpc_agent_adaptive
2588,toBeDone,19,mpc_central,mpc_agent
2589,toBeDone,19,mpc_central,mpc_agent_adaptive
2590,toBeDone,19,dmpc_admm,mpc_agent
2591,toBeDone,19,dmpc_admm,mpc_agent_adaptive
2728,toBeDone,19,mpc_central,mpc_agent
2729,toBeDone,19,mpc_central,mpc_agent_adaptive
2730,toBeDone,19,dmpc_admm,mpc_agent
2731,toBeDone,19,dmpc_admm,mpc_agent_adaptive
72,toBeDone,20,mpc_central,mpc_agent
73,toBeDone,20,mpc_central,mpc_agent_adaptive
74,toBeDone,20,dmpc_admm,mpc_agent
75,toBeDone,20,dmpc_admm,mpc_agent_adaptive
212,toBeDone,20,mpc_central,mpc_agent
213,toBeDone,20,mpc_central,mpc_agent_adaptive
214,toBeDone,20,dmpc_admm,mpc_agent
215,toBeDone,20,dmpc_admm,mpc_agent_adaptive
352,toBeDone,20,mpc_central,mpc_agent
353,toBeDone,20,mpc_central,mpc_agent_adaptive
354,toBeDone,20,dmpc_admm,mpc_agent
355,toBeDone,20,dmpc_admm,mpc_agent_adaptive
492,toBeDone,20,mpc_central,mpc_agent
493,toBeDone,20,mpc_central,mpc_agent_adaptive
494,toBeDone,20,dmpc_admm,mpc_agent
495,toBeDone,20,dmpc_admm,mpc_agent_adaptive
632,toBeDone,20,mpc_central,mpc_agent
633,toBeDone,20,mpc_central,mpc_agent_adaptive
634,toBeDone,20,dmpc_admm,mpc_agent
635,toBeDone,20,dmpc_admm,mpc_agent_adaptive
772,toBeDone,20,mpc_central,mpc_agent
773,toBeDone,20,mpc_central,mpc_agent_adaptive
774,toBeDone,20,dmpc_admm,mpc_agent
775,toBeDone,20,dmpc_admm,mpc_agent_adaptive
912,toBeDone,20,mpc_central,mpc_agent
913,toBeDone,20,mpc_central,mpc_agent_adaptive
914,toBeDone,20,dmpc_admm,mpc_agent
915,toBeDone,20,dmpc_admm,mpc_agent_adaptive
1052,toBeDone,20,mpc_central,mpc_agent
1053,toBeDone,20,mpc_central,mpc_agent_adaptive
1054,toBeDone,20,dmpc_admm,mpc_agent
1055,toBeDone,20,dmpc_admm,mpc_agent_adaptive
1192,toBeDone,20,mpc_central,mpc_agent
1193,toBeDone,20,mpc_central,mpc_agent_adaptive
1194,toBeDone,20,dmpc_admm,mpc_agent
1195,toBeDone,20,dmpc_admm,mpc_agent_adaptive
1332,toBeDone,20,mpc_central,mpc_agent
1333,toBeDone,20,mpc_central,mpc_agent_adaptive
1334,toBeDone,20,dmpc_admm,mpc_agent
1335,toBeDone,20,dmpc_admm,mpc_agent_adaptive
1472,toBeDone,20,mpc_central,mpc_agent
1473,toBeDone,20,mpc_central,mpc_agent_adaptive
1474,toBeDone,20,dmpc_admm,mpc_agent
1475,toBeDone,20,dmpc_admm,mpc_agent_adaptive
1612,toBeDone,20,mpc_central,mpc_agent
1613,toBeDone,20,mpc_central,mpc_agent_adaptive
1614,toBeDone,20,dmpc_admm,mpc_agent
1615,toBeDone,20,dmpc_admm,mpc_agent_adaptive
1752,toBeDone,20,mpc_central,mpc_agent
1753,toBeDone,20,mpc_central,mpc_agent_adaptive
1754,toBeDone,20,dmpc_admm,mpc_agent
1755,toBeDone,20,dmpc_admm,mpc_agent_adaptive
1892,toBeDone,20,mpc_central,mpc_agent
1893,toBeDone,20,mpc_central,mpc_agent_adaptive
1894,toBeDone,20,dmpc_admm,mpc_agent
1895,toBeDone,20,dmpc_admm,mpc_agent_adaptive
2032,toBeDone,20,mpc_central,mpc_agent
2033,toBeDone,20,mpc_central,mpc_agent_adaptive
2034,toBeDone,20,dmpc_admm,mpc_agent
2035,toBeDone,20,dmpc_admm,mpc_agent_adaptive
2172,toBeDone,20,mpc_central,mpc_agent
2173,toBeDone,20,mpc_central,mpc_agent_adaptive
2174,toBeDone,20,dmpc_admm,mpc_agent
2175,toBeDone,20,dmpc_admm,mpc_agent_adaptive
2312,toBeDone,20,mpc_central,mpc_agent
2313,toBeDone,20,mpc_central,mpc_agent_adaptive
2314,toBeDone,20,dmpc_admm,mpc_agent
2315,toBeDone,20,dmpc_admm,mpc_agent_adaptive
2452,toBeDone,20,mpc_central,mpc_agent
2453,toBeDone,20,mpc_central,mpc_agent_adaptive
2454,toBeDone,20,dmpc_admm,mpc_agent
2455,toBeDone,20,dmpc_admm,mpc_agent_adaptive
2592,toBeDone,20,mpc_central,mpc_agent
2593,toBeDone,20,mpc_central,mpc_agent_adaptive
2594,toBeDone,20,dmpc_admm,mpc_agent
2595,toBeDone,20,dmpc_admm,mpc_agent_adaptive
2732,toBeDone,20,mpc_central,mpc_agent
2733,toBeDone,20,mpc_central,mpc_agent_adaptive
2734,toBeDone,20,dmpc_admm,mpc_agent
2735,toBeDone,20,dmpc_admm,mpc_agent_adaptive
76,toBeDone,21,mpc_central,mpc_agent
77,toBeDone,21,mpc_central,mpc_agent_adaptive
78,toBeDone,21,dmpc_admm,mpc_agent
79,toBeDone,21,dmpc_admm,mpc_agent_adaptive
216,toBeDone,21,mpc_central,mpc_agent
217,toBeDone,21,mpc_central,mpc_agent_adaptive
218,toBeDone,21,dmpc_admm,mpc_agent
219,toBeDone,21,dmpc_admm,mpc_agent_adaptive
356,toBeDone,21,mpc_central,mpc_agent
357,toBeDone,21,mpc_central,mpc_agent_adaptive
358,toBeDone,21,dmpc_admm,mpc_agent
359,toBeDone,21,dmpc_admm,mpc_agent_adaptive
496,toBeDone,21,mpc_central,mpc_agent
497,toBeDone,21,mpc_central,mpc_agent_adaptive
498,toBeDone,21,dmpc_admm,mpc_agent
499,toBeDone,21,dmpc_admm,mpc_agent_adaptive
636,toBeDone,21,mpc_central,mpc_agent
637,toBeDone,21,mpc_central,mpc_agent_adaptive
638,toBeDone,21,dmpc_admm,mpc_agent
639,toBeDone,21,dmpc_admm,mpc_agent_adaptive
776,toBeDone,21,mpc_central,mpc_agent
777,toBeDone,21,mpc_central,mpc_agent_adaptive
778,toBeDone,21,dmpc_admm,mpc_agent
779,toBeDone,21,dmpc_admm,mpc_agent_adaptive
916,toBeDone,21,mpc_central,mpc_agent
917,toBeDone,21,mpc_central,mpc_agent_adaptive
918,toBeDone,21,dmpc_admm,mpc_agent
919,toBeDone,21,dmpc_admm,mpc_agent_adaptive
1056,toBeDone,21,mpc_central,mpc_agent
1057,toBeDone,21,mpc_central,mpc_agent_adaptive
1058,toBeDone,21,dmpc_admm,mpc_agent
1059,toBeDone,21,dmpc_admm,mpc_agent_adaptive
1196,toBeDone,21,mpc_central,mpc_agent
1197,toBeDone,21,mpc_central,mpc_agent_adaptive
1198,toBeDone,21,dmpc_admm,mpc_agent
1199,toBeDone,21,dmpc_admm,mpc_agent_adaptive
1336,toBeDone,21,mpc_central,mpc_agent
1337,toBeDone,21,mpc_central,mpc_agent_adaptive
1338,toBeDone,21,dmpc_admm,mpc_agent
1339,toBeDone,21,dmpc_admm,mpc_agent_adaptive
1476,toBeDone,21,mpc_central,mpc_agent
1477,toBeDone,21,mpc_central,mpc_agent_adaptive
1478,toBeDone,21,dmpc_admm,mpc_agent
1479,toBeDone,21,dmpc_admm,mpc_agent_adaptive
1616,toBeDone,21,mpc_central,mpc_agent
1617,toBeDone,21,mpc_central,mpc_agent_adaptive
1618,toBeDone,21,dmpc_admm,mpc_agent
1619,toBeDone,21,dmpc_admm,mpc_agent_adaptive
1756,toBeDone,21,mpc_central,mpc_agent
1757,toBeDone,21,mpc_central,mpc_agent_adaptive
1758,toBeDone,21,dmpc_admm,mpc_agent
1759,toBeDone,21,dmpc_admm,mpc_agent_adaptive
1896,toBeDone,21,mpc_central,mpc_agent
1897,toBeDone,21,mpc_central,mpc_agent_adaptive
1898,toBeDone,21,dmpc_admm,mpc_agent
1899,toBeDone,21,dmpc_admm,mpc_agent_adaptive
2036,toBeDone,21,mpc_central,mpc_agent
2037,toBeDone,21,mpc_central,mpc_agent_adaptive
2038,toBeDone,21,dmpc_admm,mpc_agent
2039,toBeDone,21,dmpc_admm,mpc_agent_adaptive
2176,toBeDone,21,mpc_central,mpc_agent
2177,toBeDone,21,mpc_central,mpc_agent_adaptive
2178,toBeDone,21,dmpc_admm,mpc_agent
2179,toBeDone,21,dmpc_admm,mpc_agent_adaptive
2316,toBeDone,21,mpc_central,mpc_agent
2317,toBeDone,21,mpc_central,mpc_agent_adaptive
2318,toBeDone,21,dmpc_admm,mpc_agent
2319,toBeDone,21,dmpc_admm,mpc_agent_adaptive
2456,toBeDone,21,mpc_central,mpc_agent
2457,toBeDone,21,mpc_central,mpc_agent_adaptive
2458,toBeDone,21,dmpc_admm,mpc_agent
2459,toBeDone,21,dmpc_admm,mpc_agent_adaptive
2596,toBeDone,21,mpc_central,mpc_agent
2597,toBeDone,21,mpc_central,mpc_agent_adaptive
2598,toBeDone,21,dmpc_admm,mpc_agent
2599,toBeDone,21,dmpc_admm,mpc_agent_adaptive
2736,toBeDone,21,mpc_central,mpc_agent
2737,toBeDone,21,mpc_central,mpc_agent_adaptive
2738,toBeDone,21,dmpc_admm,mpc_agent
2739,toBeDone,21,dmpc_admm,mpc_agent_adaptive
80,toBeDone,22,mpc_central,mpc_agent
81,toBeDone,22,mpc_central,mpc_agent_adaptive
82,toBeDone,22,dmpc_admm,mpc_agent
83,toBeDone,22,dmpc_admm,mpc_agent_adaptive
220,toBeDone,22,mpc_central,mpc_agent
221,toBeDone,22,mpc_central,mpc_agent_adaptive
222,toBeDone,22,dmpc_admm,mpc_agent
223,toBeDone,22,dmpc_admm,mpc_agent_adaptive
360,toBeDone,22,mpc_central,mpc_agent
361,toBeDone,22,mpc_central,mpc_agent_adaptive
362,toBeDone,22,dmpc_admm,mpc_agent
363,toBeDone,22,dmpc_admm,mpc_agent_adaptive
500,toBeDone,22,mpc_central,mpc_agent
501,toBeDone,22,mpc_central,mpc_agent_adaptive
502,toBeDone,22,dmpc_admm,mpc_agent
503,toBeDone,22,dmpc_admm,mpc_agent_adaptive
640,toBeDone,22,mpc_central,mpc_agent
641,toBeDone,22,mpc_central,mpc_agent_adaptive
642,toBeDone,22,dmpc_admm,mpc_agent
643,toBeDone,22,dmpc_admm,mpc_agent_adaptive
780,toBeDone,22,mpc_central,mpc_agent
781,toBeDone,22,mpc_central,mpc_agent_adaptive
782,toBeDone,22,dmpc_admm,mpc_agent
783,toBeDone,22,dmpc_admm,mpc_agent_adaptive
920,toBeDone,22,mpc_central,mpc_agent
921,toBeDone,22,mpc_central,mpc_agent_adaptive
922,toBeDone,22,dmpc_admm,mpc_agent
923,toBeDone,22,dmpc_admm,mpc_agent_adaptive
1060,toBeDone,22,mpc_central,mpc_agent
1061,toBeDone,22,mpc_central,mpc_agent_adaptive
1062,toBeDone,22,dmpc_admm,mpc_agent
1063,toBeDone,22,dmpc_admm,mpc_agent_adaptive
1200,toBeDone,22,mpc_central,mpc_agent
1201,toBeDone,22,mpc_central,mpc_agent_adaptive
1202,toBeDone,22,dmpc_admm,mpc_agent
1203,toBeDone,22,dmpc_admm,mpc_agent_adaptive
1340,toBeDone,22,mpc_central,mpc_agent
1341,toBeDone,22,mpc_central,mpc_agent_adaptive
1342,toBeDone,22,dmpc_admm,mpc_agent
1343,toBeDone,22,dmpc_admm,mpc_agent_adaptive
1480,toBeDone,22,mpc_central,mpc_agent
1481,toBeDone,22,mpc_central,mpc_agent_adaptive
1482,toBeDone,22,dmpc_admm,mpc_agent
1483,toBeDone,22,dmpc_admm,mpc_agent_adaptive
1620,toBeDone,22,mpc_central,mpc_agent
1621,toBeDone,22,mpc_central,mpc_agent_adaptive
1622,toBeDone,22,dmpc_admm,mpc_agent
1623,toBeDone,22,dmpc_admm,mpc_agent_adaptive
1760,toBeDone,22,mpc_central,mpc_agent
1761,toBeDone,22,mpc_central,mpc_agent_adaptive
1762,toBeDone,22,dmpc_admm,mpc_agent
1763,toBeDone,22,dmpc_admm,mpc_agent_adaptive
1900,toBeDone,22,mpc_central,mpc_agent
1901,toBeDone,22,mpc_central,mpc_agent_adaptive
1902,toBeDone,22,dmpc_admm,mpc_agent
1903,toBeDone,22,dmpc_admm,mpc_agent_adaptive
2040,toBeDone,22,mpc_central,mpc_agent
2041,toBeDone,22,mpc_central,mpc_agent_adaptive
2042,toBeDone,22,dmpc_admm,mpc_agent
2043,toBeDone,22,dmpc_admm,mpc_agent_adaptive
2180,toBeDone,22,mpc_central,mpc_agent
2181,toBeDone,22,mpc_central,mpc_agent_adaptive
2182,toBeDone,22,dmpc_admm,mpc_agent
2183,toBeDone,22,dmpc_admm,mpc_agent_adaptive
2320,toBeDone,22,mpc_central,mpc_agent
2321,toBeDone,22,mpc_central,mpc_agent_adaptive
2322,toBeDone,22,dmpc_admm,mpc_agent
2323,toBeDone,22,dmpc_admm,mpc_agent_adaptive
2460,toBeDone,22,mpc_central,mpc_agent
2461,toBeDone,22,mpc_central,mpc_agent_adaptive
2462,toBeDone,22,dmpc_admm,mpc_agent
2463,toBeDone,22,dmpc_admm,mpc_agent_adaptive
2600,toBeDone,22,mpc_central,mpc_agent
2601,toBeDone,22,mpc_central,mpc_agent_adaptive
2602,toBeDone,22,dmpc_admm,mpc_agent
2603,toBeDone,22,dmpc_admm,mpc_agent_adaptive
2740,toBeDone,22,mpc_central,mpc_agent
2741,toBeDone,22,mpc_central,mpc_agent_adaptive
2742,toBeDone,22,dmpc_admm,mpc_agent
2743,toBeDone,22,dmpc_admm,mpc_agent_adaptive
84,toBeDone,23,mpc_central,mpc_agent
85,toBeDone,23,mpc_central,mpc_agent_adaptive
86,toBeDone,23,dmpc_admm,mpc_agent
87,toBeDone,23,dmpc_admm,mpc_agent_adaptive
224,toBeDone,23,mpc_central,mpc_agent
225,toBeDone,23,mpc_central,mpc_agent_adaptive
226,toBeDone,23,dmpc_admm,mpc_agent
227,toBeDone,23,dmpc_admm,mpc_agent_adaptive
364,toBeDone,23,mpc_central,mpc_agent
365,toBeDone,23,mpc_central,mpc_agent_adaptive
366,toBeDone,23,dmpc_admm,mpc_agent
367,toBeDone,23,dmpc_admm,mpc_agent_adaptive
504,toBeDone,23,mpc_central,mpc_agent
505,toBeDone,23,mpc_central,mpc_agent_adaptive
506,toBeDone,23,dmpc_admm,mpc_agent
507,toBeDone,23,dmpc_admm,mpc_agent_adaptive
644,toBeDone,23,mpc_central,mpc_agent
645,toBeDone,23,mpc_central,mpc_agent_adaptive
646,toBeDone,23,dmpc_admm,mpc_agent
647,toBeDone,23,dmpc_admm,mpc_agent_adaptive
784,toBeDone,23,mpc_central,mpc_agent
785,toBeDone,23,mpc_central,mpc_agent_adaptive
786,toBeDone,23,dmpc_admm,mpc_agent
787,toBeDone,23,dmpc_admm,mpc_agent_adaptive
924,toBeDone,23,mpc_central,mpc_agent
925,toBeDone,23,mpc_central,mpc_agent_adaptive
926,toBeDone,23,dmpc_admm,mpc_agent
927,toBeDone,23,dmpc_admm,mpc_agent_adaptive
1064,toBeDone,23,mpc_central,mpc_agent
1065,toBeDone,23,mpc_central,mpc_agent_adaptive
1066,toBeDone,23,dmpc_admm,mpc_agent
1067,toBeDone,23,dmpc_admm,mpc_agent_adaptive
1204,toBeDone,23,mpc_central,mpc_agent
1205,toBeDone,23,mpc_central,mpc_agent_adaptive
1206,toBeDone,23,dmpc_admm,mpc_agent
1207,toBeDone,23,dmpc_admm,mpc_agent_adaptive
1344,toBeDone,23,mpc_central,mpc_agent
1345,toBeDone,23,mpc_central,mpc_agent_adaptive
1346,toBeDone,23,dmpc_admm,mpc_agent
1347,toBeDone,23,dmpc_admm,mpc_agent_adaptive
1484,toBeDone,23,mpc_central,mpc_agent
1485,toBeDone,23,mpc_central,mpc_agent_adaptive
1486,toBeDone,23,dmpc_admm,mpc_agent
1487,toBeDone,23,dmpc_admm,mpc_agent_adaptive
1624,toBeDone,23,mpc_central,mpc_agent
1625,toBeDone,23,mpc_central,mpc_agent_adaptive
1626,toBeDone,23,dmpc_admm,mpc_agent
1627,toBeDone,23,dmpc_admm,mpc_agent_adaptive
1764,toBeDone,23,mpc_central,mpc_agent
1765,toBeDone,23,mpc_central,mpc_agent_adaptive
1766,toBeDone,23,dmpc_admm,mpc_agent
1767,toBeDone,23,dmpc_admm,mpc_agent_adaptive
1904,toBeDone,23,mpc_central,mpc_agent
1905,toBeDone,23,mpc_central,mpc_agent_adaptive
1906,toBeDone,23,dmpc_admm,mpc_agent
1907,toBeDone,23,dmpc_admm,mpc_agent_adaptive
2044,toBeDone,23,mpc_central,mpc_agent
2045,toBeDone,23,mpc_central,mpc_agent_adaptive
2046,toBeDone,23,dmpc_admm,mpc_agent
2047,toBeDone,23,dmpc_admm,mpc_agent_adaptive
2184,toBeDone,23,mpc_central,mpc_agent
2185,toBeDone,23,mpc_central,mpc_agent_adaptive
2186,toBeDone,23,dmpc_admm,mpc_agent
2187,toBeDone,23,dmpc_admm,mpc_agent_adaptive
2324,toBeDone,23,mpc_central,mpc_agent
2325,toBeDone,23,mpc_central,mpc_agent_adaptive
2326,toBeDone,23,dmpc_admm,mpc_agent
2327,toBeDone,23,dmpc_admm,mpc_agent_adaptive
2464,toBeDone,23,mpc_central,mpc_agent
2465,toBeDone,23,mpc_central,mpc_agent_adaptive
2466,toBeDone,23,dmpc_admm,mpc_agent
2467,toBeDone,23,dmpc_admm,mpc_agent_adaptive
2604,toBeDone,23,mpc_central,mpc_agent
2605,toBeDone,23,mpc_central,mpc_agent_adaptive
2606,toBeDone,23,dmpc_admm,mpc_agent
2607,toBeDone,23,dmpc_admm,mpc_agent_adaptive
2744,toBeDone,23,mpc_central,mpc_agent
2745,toBeDone,23,mpc_central,mpc_agent_adaptive
2746,toBeDone,23,dmpc_admm,mpc_agent
2747,toBeDone,23,dmpc_admm,mpc_agent_adaptive
88,toBeDone,24,mpc_central,mpc_agent
89,toBeDone,24,mpc_central,mpc_agent_adaptive
90,toBeDone,24,dmpc_admm,mpc_agent
91,toBeDone,24,dmpc_admm,mpc_agent_adaptive
228,toBeDone,24,mpc_central,mpc_agent
229,toBeDone,24,mpc_central,mpc_agent_adaptive
230,toBeDone,24,dmpc_admm,mpc_agent
231,toBeDone,24,dmpc_admm,mpc_agent_adaptive
368,toBeDone,24,mpc_central,mpc_agent
369,toBeDone,24,mpc_central,mpc_agent_adaptive
370,toBeDone,24,dmpc_admm,mpc_agent
371,toBeDone,24,dmpc_admm,mpc_agent_adaptive
508,toBeDone,24,mpc_central,mpc_agent
509,toBeDone,24,mpc_central,mpc_agent_adaptive
510,toBeDone,24,dmpc_admm,mpc_agent
511,toBeDone,24,dmpc_admm,mpc_agent_adaptive
648,toBeDone,24,mpc_central,mpc_agent
649,toBeDone,24,mpc_central,mpc_agent_adaptive
650,toBeDone,24,dmpc_admm,mpc_agent
651,toBeDone,24,dmpc_admm,mpc_agent_adaptive
788,toBeDone,24,mpc_central,mpc_agent
789,toBeDone,24,mpc_central,mpc_agent_adaptive
790,toBeDone,24,dmpc_admm,mpc_agent
791,toBeDone,24,dmpc_admm,mpc_agent_adaptive
928,toBeDone,24,mpc_central,mpc_agent
929,toBeDone,24,mpc_central,mpc_agent_adaptive
930,toBeDone,24,dmpc_admm,mpc_agent
931,toBeDone,24,dmpc_admm,mpc_agent_adaptive
1068,toBeDone,24,mpc_central,mpc_agent
1069,toBeDone,24,mpc_central,mpc_agent_adaptive
1070,toBeDone,24,dmpc_admm,mpc_agent
1071,toBeDone,24,dmpc_admm,mpc_agent_adaptive
1208,toBeDone,24,mpc_central,mpc_agent
1209,toBeDone,24,mpc_central,mpc_agent_adaptive
1210,toBeDone,24,dmpc_admm,mpc_agent
1211,toBeDone,24,dmpc_admm,mpc_agent_adaptive
1348,toBeDone,24,mpc_central,mpc_agent
1349,toBeDone,24,mpc_central,mpc_agent_adaptive
1350,toBeDone,24,dmpc_admm,mpc_agent
1351,toBeDone,24,dmpc_admm,mpc_agent_adaptive
1488,toBeDone,24,mpc_central,mpc_agent
1489,toBeDone,24,mpc_central,mpc_agent_adaptive
1490,toBeDone,24,dmpc_admm,mpc_agent
1491,toBeDone,24,dmpc_admm,mpc_agent_adaptive
1628,toBeDone,24,mpc_central,mpc_agent
1629,toBeDone,24,mpc_central,mpc_agent_adaptive
1630,toBeDone,24,dmpc_admm,mpc_agent
1631,toBeDone,24,dmpc_admm,mpc_agent_adaptive
1768,toBeDone,24,mpc_central,mpc_agent
1769,toBeDone,24,mpc_central,mpc_agent_adaptive
1770,toBeDone,24,dmpc_admm,mpc_agent
1771,toBeDone,24,dmpc_admm,mpc_agent_adaptive
1908,toBeDone,24,mpc_central,mpc_agent
1909,toBeDone,24,mpc_central,mpc_agent_adaptive
1910,toBeDone,24,dmpc_admm,mpc_agent
1911,toBeDone,24,dmpc_admm,mpc_agent_adaptive
2048,toBeDone,24,mpc_central,mpc_agent
2049,toBeDone,24,mpc_central,mpc_agent_adaptive
2050,toBeDone,24,dmpc_admm,mpc_agent
2051,toBeDone,24,dmpc_admm,mpc_agent_adaptive
2188,toBeDone,24,mpc_central,mpc_agent
2189,toBeDone,24,mpc_central,mpc_agent_adaptive
2190,toBeDone,24,dmpc_admm,mpc_agent
2191,toBeDone,24,dmpc_admm,mpc_agent_adaptive
2328,toBeDone,24,mpc_central,mpc_agent
2329,toBeDone,24,mpc_central,mpc_agent_adaptive
2330,toBeDone,24,dmpc_admm,mpc_agent
2331,toBeDone,24,dmpc_admm,mpc_agent_adaptive
2468,toBeDone,24,mpc_central,mpc_agent
2469,toBeDone,24,mpc_central,mpc_agent_adaptive
2470,toBeDone,24,dmpc_admm,mpc_agent
2471,toBeDone,24,dmpc_admm,mpc_agent_adaptive
2608,toBeDone,24,mpc_central,mpc_agent
2609,toBeDone,24,mpc_central,mpc_agent_adaptive
2610,toBeDone,24,dmpc_admm,mpc_agent
2611,toBeDone,24,dmpc_admm,mpc_agent_adaptive
2748,toBeDone,24,mpc_central,mpc_agent
2749,toBeDone,24,mpc_central,mpc_agent_adaptive
2750,toBeDone,24,dmpc_admm,mpc_agent
2751,toBeDone,24,dmpc_admm,mpc_agent_adaptive
92,toBeDone,25,mpc_central,mpc_agent
93,toBeDone,25,mpc_central,mpc_agent_adaptive
94,toBeDone,25,dmpc_admm,mpc_agent
95,toBeDone,25,dmpc_admm,mpc_agent_adaptive
232,toBeDone,25,mpc_central,mpc_agent
233,toBeDone,25,mpc_central,mpc_agent_adaptive
234,toBeDone,25,dmpc_admm,mpc_agent
235,toBeDone,25,dmpc_admm,mpc_agent_adaptive
372,toBeDone,25,mpc_central,mpc_agent
373,toBeDone,25,mpc_central,mpc_agent_adaptive
374,toBeDone,25,dmpc_admm,mpc_agent
375,toBeDone,25,dmpc_admm,mpc_agent_adaptive
512,toBeDone,25,mpc_central,mpc_agent
513,toBeDone,25,mpc_central,mpc_agent_adaptive
514,toBeDone,25,dmpc_admm,mpc_agent
515,toBeDone,25,dmpc_admm,mpc_agent_adaptive
652,toBeDone,25,mpc_central,mpc_agent
653,toBeDone,25,mpc_central,mpc_agent_adaptive
654,toBeDone,25,dmpc_admm,mpc_agent
655,toBeDone,25,dmpc_admm,mpc_agent_adaptive
792,toBeDone,25,mpc_central,mpc_agent
793,toBeDone,25,mpc_central,mpc_agent_adaptive
794,toBeDone,25,dmpc_admm,mpc_agent
795,toBeDone,25,dmpc_admm,mpc_agent_adaptive
932,toBeDone,25,mpc_central,mpc_agent
933,toBeDone,25,mpc_central,mpc_agent_adaptive
934,toBeDone,25,dmpc_admm,mpc_agent
935,toBeDone,25,dmpc_admm,mpc_agent_adaptive
1072,toBeDone,25,mpc_central,mpc_agent
1073,toBeDone,25,mpc_central,mpc_agent_adaptive
1074,toBeDone,25,dmpc_admm,mpc_agent
1075,toBeDone,25,dmpc_admm,mpc_agent_adaptive
1212,toBeDone,25,mpc_central,mpc_agent
1213,toBeDone,25,mpc_central,mpc_agent_adaptive
1214,toBeDone,25,dmpc_admm,mpc_agent
1215,toBeDone,25,dmpc_admm,mpc_agent_adaptive
1352,toBeDone,25,mpc_central,mpc_agent
1353,toBeDone,25,mpc_central,mpc_agent_adaptive
1354,toBeDone,25,dmpc_admm,mpc_agent
1355,toBeDone,25,dmpc_admm,mpc_agent_adaptive
1492,toBeDone,25,mpc_central,mpc_agent
1493,toBeDone,25,mpc_central,mpc_agent_adaptive
1494,toBeDone,25,dmpc_admm,mpc_agent
1495,toBeDone,25,dmpc_admm,mpc_agent_adaptive
1632,toBeDone,25,mpc_central,mpc_agent
1633,toBeDone,25,mpc_central,mpc_agent_adaptive
1634,toBeDone,25,dmpc_admm,mpc_agent
1635,toBeDone,25,dmpc_admm,mpc_agent_adaptive
1772,toBeDone,25,mpc_central,mpc_agent
1773,toBeDone,25,mpc_central,mpc_agent_adaptive
1774,toBeDone,25,dmpc_admm,mpc_agent
1775,toBeDone,25,dmpc_admm,mpc_agent_adaptive
1912,toBeDone,25,mpc_central,mpc_agent
1913,toBeDone,25,mpc_central,mpc_agent_adaptive
1914,toBeDone,25,dmpc_admm,mpc_agent
1915,toBeDone,25,dmpc_admm,mpc_agent_adaptive
2052,toBeDone,25,mpc_central,mpc_agent
2053,toBeDone,25,mpc_central,mpc_agent_adaptive
2054,toBeDone,25,dmpc_admm,mpc_agent
2055,toBeDone,25,dmpc_admm,mpc_agent_adaptive
2192,toBeDone,25,mpc_central,mpc_agent
2193,toBeDone,25,mpc_central,mpc_agent_adaptive
2194,toBeDone,25,dmpc_admm,mpc_agent
2195,toBeDone,25,dmpc_admm,mpc_agent_adaptive
2332,toBeDone,25,mpc_central,mpc_agent
2333,toBeDone,25,mpc_central,mpc_agent_adaptive
2334,toBeDone,25,dmpc_admm,mpc_agent
2335,toBeDone,25,dmpc_admm,mpc_agent_adaptive
2472,toBeDone,25,mpc_central,mpc_agent
2473,toBeDone,25,mpc_central,mpc_agent_adaptive
2474,toBeDone,25,dmpc_admm,mpc_agent
2475,toBeDone,25,dmpc_admm,mpc_agent_adaptive
2612,toBeDone,25,mpc_central,mpc_agent
2613,toBeDone,25,mpc_central,mpc_agent_adaptive
2614,toBeDone,25,dmpc_admm,mpc_agent
2615,toBeDone,25,dmpc_admm,mpc_agent_adaptive
2752,toBeDone,25,mpc_central,mpc_agent
2753,toBeDone,25,mpc_central,mpc_agent_adaptive
2754,toBeDone,25,dmpc_admm,mpc_agent
2755,toBeDone,25,dmpc_admm,mpc_agent_adaptive
96,toBeDone,26,mpc_central,mpc_agent
97,toBeDone,26,mpc_central,mpc_agent_adaptive
98,toBeDone,26,dmpc_admm,mpc_agent
99,toBeDone,26,dmpc_admm,mpc_agent_adaptive
236,toBeDone,26,mpc_central,mpc_agent
237,toBeDone,26,mpc_central,mpc_agent_adaptive
238,toBeDone,26,dmpc_admm,mpc_agent
239,toBeDone,26,dmpc_admm,mpc_agent_adaptive
376,toBeDone,26,mpc_central,mpc_agent
377,toBeDone,26,mpc_central,mpc_agent_adaptive
378,toBeDone,26,dmpc_admm,mpc_agent
379,toBeDone,26,dmpc_admm,mpc_agent_adaptive
516,toBeDone,26,mpc_central,mpc_agent
517,toBeDone,26,mpc_central,mpc_agent_adaptive
518,toBeDone,26,dmpc_admm,mpc_agent
519,toBeDone,26,dmpc_admm,mpc_agent_adaptive
656,toBeDone,26,mpc_central,mpc_agent
657,toBeDone,26,mpc_central,mpc_agent_adaptive
658,toBeDone,26,dmpc_admm,mpc_agent
659,toBeDone,26,dmpc_admm,mpc_agent_adaptive
796,toBeDone,26,mpc_central,mpc_agent
797,toBeDone,26,mpc_central,mpc_agent_adaptive
798,toBeDone,26,dmpc_admm,mpc_agent
799,toBeDone,26,dmpc_admm,mpc_agent_adaptive
936,toBeDone,26,mpc_central,mpc_agent
937,toBeDone,26,mpc_central,mpc_agent_adaptive
938,toBeDone,26,dmpc_admm,mpc_agent
939,toBeDone,26,dmpc_admm,mpc_agent_adaptive
1076,toBeDone,26,mpc_central,mpc_agent
1077,toBeDone,26,mpc_central,mpc_agent_adaptive
1078,toBeDone,26,dmpc_admm,mpc_agent
1079,toBeDone,26,dmpc_admm,mpc_agent_adaptive
1216,toBeDone,26,mpc_central,mpc_agent
1217,toBeDone,26,mpc_central,mpc_agent_adaptive
1218,toBeDone,26,dmpc_admm,mpc_agent
1219,toBeDone,26,dmpc_admm,mpc_agent_adaptive
1356,toBeDone,26,mpc_central,mpc_agent
1357,toBeDone,26,mpc_central,mpc_agent_adaptive
1358,toBeDone,26,dmpc_admm,mpc_agent
1359,toBeDone,26,dmpc_admm,mpc_agent_adaptive
1496,toBeDone,26,mpc_central,mpc_agent
1497,toBeDone,26,mpc_central,mpc_agent_adaptive
1498,toBeDone,26,dmpc_admm,mpc_agent
1499,toBeDone,26,dmpc_admm,mpc_agent_adaptive
1636,toBeDone,26,mpc_central,mpc_agent
1637,toBeDone,26,mpc_central,mpc_agent_adaptive
1638,toBeDone,26,dmpc_admm,mpc_agent
1639,toBeDone,26,dmpc_admm,mpc_agent_adaptive
1776,toBeDone,26,mpc_central,mpc_agent
1777,toBeDone,26,mpc_central,mpc_agent_adaptive
1778,toBeDone,26,dmpc_admm,mpc_agent
1779,toBeDone,26,dmpc_admm,mpc_agent_adaptive
1916,toBeDone,26,mpc_central,mpc_agent
1917,toBeDone,26,mpc_central,mpc_agent_adaptive
1918,toBeDone,26,dmpc_admm,mpc_agent
1919,toBeDone,26,dmpc_admm,mpc_agent_adaptive
2056,toBeDone,26,mpc_central,mpc_agent
2057,toBeDone,26,mpc_central,mpc_agent_adaptive
2058,toBeDone,26,dmpc_admm,mpc_agent
2059,toBeDone,26,dmpc_admm,mpc_agent_adaptive
2196,toBeDone,26,mpc_central,mpc_agent
2197,toBeDone,26,mpc_central,mpc_agent_adaptive
2198,toBeDone,26,dmpc_admm,mpc_agent
2199,toBeDone,26,dmpc_admm,mpc_agent_adaptive
2336,toBeDone,26,mpc_central,mpc_agent
2337,toBeDone,26,mpc_central,mpc_agent_adaptive
2338,toBeDone,26,dmpc_admm,mpc_agent
2339,toBeDone,26,dmpc_admm,mpc_agent_adaptive
2476,toBeDone,26,mpc_central,mpc_agent
2477,toBeDone,26,mpc_central,mpc_agent_adaptive
2478,toBeDone,26,dmpc_admm,mpc_agent
2479,toBeDone,26,dmpc_admm,mpc_agent_adaptive
2616,toBeDone,26,mpc_central,mpc_agent
2617,toBeDone,26,mpc_central,mpc_agent_adaptive
2618,toBeDone,26,dmpc_admm,mpc_agent
2619,toBeDone,26,dmpc_admm,mpc_agent_adaptive
2756,toBeDone,26,mpc_central,mpc_agent
2757,toBeDone,26,mpc_central,mpc_agent_adaptive
2758,toBeDone,26,dmpc_admm,mpc_agent
2759,toBeDone,26,dmpc_admm,mpc_agent_adaptive
100,toBeDone,27,mpc_central,mpc_agent
101,toBeDone,27,mpc_central,mpc_agent_adaptive
102,toBeDone,27,dmpc_admm,mpc_agent
103,toBeDone,27,dmpc_admm,mpc_agent_adaptive
240,toBeDone,27,mpc_central,mpc_agent
241,toBeDone,27,mpc_central,mpc_agent_adaptive
242,toBeDone,27,dmpc_admm,mpc_agent
243,toBeDone,27,dmpc_admm,mpc_agent_adaptive
380,toBeDone,27,mpc_central,mpc_agent
381,toBeDone,27,mpc_central,mpc_agent_adaptive
382,toBeDone,27,dmpc_admm,mpc_agent
383,toBeDone,27,dmpc_admm,mpc_agent_adaptive
520,toBeDone,27,mpc_central,mpc_agent
521,toBeDone,27,mpc_central,mpc_agent_adaptive
522,toBeDone,27,dmpc_admm,mpc_agent
523,toBeDone,27,dmpc_admm,mpc_agent_adaptive
660,toBeDone,27,mpc_central,mpc_agent
661,toBeDone,27,mpc_central,mpc_agent_adaptive
662,toBeDone,27,dmpc_admm,mpc_agent
663,toBeDone,27,dmpc_admm,mpc_agent_adaptive
800,toBeDone,27,mpc_central,mpc_agent
801,toBeDone,27,mpc_central,mpc_agent_adaptive
802,toBeDone,27,dmpc_admm,mpc_agent
803,toBeDone,27,dmpc_admm,mpc_agent_adaptive
940,toBeDone,27,mpc_central,mpc_agent
941,toBeDone,27,mpc_central,mpc_agent_adaptive
942,toBeDone,27,dmpc_admm,mpc_agent
943,toBeDone,27,dmpc_admm,mpc_agent_adaptive
1080,toBeDone,27,mpc_central,mpc_agent
1081,toBeDone,27,mpc_central,mpc_agent_adaptive
1082,toBeDone,27,dmpc_admm,mpc_agent
1083,toBeDone,27,dmpc_admm,mpc_agent_adaptive
1220,toBeDone,27,mpc_central,mpc_agent
1221,toBeDone,27,mpc_central,mpc_agent_adaptive
1222,toBeDone,27,dmpc_admm,mpc_agent
1223,toBeDone,27,dmpc_admm,mpc_agent_adaptive
1360,toBeDone,27,mpc_central,mpc_agent
1361,toBeDone,27,mpc_central,mpc_agent_adaptive
1362,toBeDone,27,dmpc_admm,mpc_agent
1363,toBeDone,27,dmpc_admm,mpc_agent_adaptive
1500,toBeDone,27,mpc_central,mpc_agent
1501,toBeDone,27,mpc_central,mpc_agent_adaptive
1502,toBeDone,27,dmpc_admm,mpc_agent
1503,toBeDone,27,dmpc_admm,mpc_agent_adaptive
1640,toBeDone,27,mpc_central,mpc_agent
1641,toBeDone,27,mpc_central,mpc_agent_adaptive
1642,toBeDone,27,dmpc_admm,mpc_agent
1643,toBeDone,27,dmpc_admm,mpc_agent_adaptive
1780,toBeDone,27,mpc_central,mpc_agent
1781,toBeDone,27,mpc_central,mpc_agent_adaptive
1782,toBeDone,27,dmpc_admm,mpc_agent
1783,toBeDone,27,dmpc_admm,mpc_agent_adaptive
1920,toBeDone,27,mpc_central,mpc_agent
1921,toBeDone,27,mpc_central,mpc_agent_adaptive
1922,toBeDone,27,dmpc_admm,mpc_agent
1923,toBeDone,27,dmpc_admm,mpc_agent_adaptive
2060,toBeDone,27,mpc_central,mpc_agent
2061,toBeDone,27,mpc_central,mpc_agent_adaptive
2062,toBeDone,27,dmpc_admm,mpc_agent
2063,toBeDone,27,dmpc_admm,mpc_agent_adaptive
2200,toBeDone,27,mpc_central,mpc_agent
2201,toBeDone,27,mpc_central,mpc_agent_adaptive
2202,toBeDone,27,dmpc_admm,mpc_agent
2203,toBeDone,27,dmpc_admm,mpc_agent_adaptive
2340,toBeDone,27,mpc_central,mpc_agent
2341,toBeDone,27,mpc_central,mpc_agent_adaptive
2342,toBeDone,27,dmpc_admm,mpc_agent
2343,toBeDone,27,dmpc_admm,mpc_agent_adaptive
2480,toBeDone,27,mpc_central,mpc_agent
2481,toBeDone,27,mpc_central,mpc_agent_adaptive
2482,toBeDone,27,dmpc_admm,mpc_agent
2483,toBeDone,27,dmpc_admm,mpc_agent_adaptive
2620,toBeDone,27,mpc_central,mpc_agent
2621,toBeDone,27,mpc_central,mpc_agent_adaptive
2622,toBeDone,27,dmpc_admm,mpc_agent
2623,toBeDone,27,dmpc_admm,mpc_agent_adaptive
2760,toBeDone,27,mpc_central,mpc_agent
2761,toBeDone,27,mpc_central,mpc_agent_adaptive
2762,toBeDone,27,dmpc_admm,mpc_agent
2763,toBeDone,27,dmpc_admm,mpc_agent_adaptive
104,toBeDone,28,mpc_central,mpc_agent
105,toBeDone,28,mpc_central,mpc_agent_adaptive
106,toBeDone,28,dmpc_admm,mpc_agent
107,toBeDone,28,dmpc_admm,mpc_agent_adaptive
244,toBeDone,28,mpc_central,mpc_agent
245,toBeDone,28,mpc_central,mpc_agent_adaptive
246,toBeDone,28,dmpc_admm,mpc_agent
247,toBeDone,28,dmpc_admm,mpc_agent_adaptive
384,toBeDone,28,mpc_central,mpc_agent
385,toBeDone,28,mpc_central,mpc_agent_adaptive
386,toBeDone,28,dmpc_admm,mpc_agent
387,toBeDone,28,dmpc_admm,mpc_agent_adaptive
524,toBeDone,28,mpc_central,mpc_agent
525,toBeDone,28,mpc_central,mpc_agent_adaptive
526,toBeDone,28,dmpc_admm,mpc_agent
527,toBeDone,28,dmpc_admm,mpc_agent_adaptive
664,toBeDone,28,mpc_central,mpc_agent
665,toBeDone,28,mpc_central,mpc_agent_adaptive
666,toBeDone,28,dmpc_admm,mpc_agent
667,toBeDone,28,dmpc_admm,mpc_agent_adaptive
804,toBeDone,28,mpc_central,mpc_agent
805,toBeDone,28,mpc_central,mpc_agent_adaptive
806,toBeDone,28,dmpc_admm,mpc_agent
807,toBeDone,28,dmpc_admm,mpc_agent_adaptive
944,toBeDone,28,mpc_central,mpc_agent
945,toBeDone,28,mpc_central,mpc_agent_adaptive
946,toBeDone,28,dmpc_admm,mpc_agent
947,toBeDone,28,dmpc_admm,mpc_agent_adaptive
1084,toBeDone,28,mpc_central,mpc_agent
1085,toBeDone,28,mpc_central,mpc_agent_adaptive
1086,toBeDone,28,dmpc_admm,mpc_agent
1087,toBeDone,28,dmpc_admm,mpc_agent_adaptive
1224,toBeDone,28,mpc_central,mpc_agent
1225,toBeDone,28,mpc_central,mpc_agent_adaptive
1226,toBeDone,28,dmpc_admm,mpc_agent
1227,toBeDone,28,dmpc_admm,mpc_agent_adaptive
1364,toBeDone,28,mpc_central,mpc_agent
1365,toBeDone,28,mpc_central,mpc_agent_adaptive
1366,toBeDone,28,dmpc_admm,mpc_agent
1367,toBeDone,28,dmpc_admm,mpc_agent_adaptive
1504,toBeDone,28,mpc_central,mpc_agent
1505,toBeDone,28,mpc_central,mpc_agent_adaptive
1506,toBeDone,28,dmpc_admm,mpc_agent
1507,toBeDone,28,dmpc_admm,mpc_agent_adaptive
1644,toBeDone,28,mpc_central,mpc_agent
1645,toBeDone,28,mpc_central,mpc_agent_adaptive
1646,toBeDone,28,dmpc_admm,mpc_agent
1647,toBeDone,28,dmpc_admm,mpc_agent_adaptive
1784,toBeDone,28,mpc_central,mpc_agent
1785,toBeDone,28,mpc_central,mpc_agent_adaptive
1786,toBeDone,28,dmpc_admm,mpc_agent
1787,toBeDone,28,dmpc_admm,mpc_agent_adaptive
1924,toBeDone,28,mpc_central,mpc_agent
1925,toBeDone,28,mpc_central,mpc_agent_adaptive
1926,toBeDone,28,dmpc_admm,mpc_agent
1927,toBeDone,28,dmpc_admm,mpc_agent_adaptive
2064,toBeDone,28,mpc_central,mpc_agent
2065,toBeDone,28,mpc_central,mpc_agent_adaptive
2066,toBeDone,28,dmpc_admm,mpc_agent
2067,toBeDone,28,dmpc_admm,mpc_agent_adaptive
2204,toBeDone,28,mpc_central,mpc_agent
2205,toBeDone,28,mpc_central,mpc_agent_adaptive
2206,toBeDone,28,dmpc_admm,mpc_agent
2207,toBeDone,28,dmpc_admm,mpc_agent_adaptive
2344,toBeDone,28,mpc_central,mpc_agent
2345,toBeDone,28,mpc_central,mpc_agent_adaptive
2346,toBeDone,28,dmpc_admm,mpc_agent
2347,toBeDone,28,dmpc_admm,mpc_agent_adaptive
2484,toBeDone,28,mpc_central,mpc_agent
2485,toBeDone,28,mpc_central,mpc_agent_adaptive
2486,toBeDone,28,dmpc_admm,mpc_agent
2487,toBeDone,28,dmpc_admm,mpc_agent_adaptive
2624,toBeDone,28,mpc_central,mpc_agent
2625,toBeDone,28,mpc_central,mpc_agent_adaptive
2626,toBeDone,28,dmpc_admm,mpc_agent
2627,toBeDone,28,dmpc_admm,mpc_agent_adaptive
2764,toBeDone,28,mpc_central,mpc_agent
2765,toBeDone,28,mpc_central,mpc_agent_adaptive
2766,toBeDone,28,dmpc_admm,mpc_agent
2767,toBeDone,28,dmpc_admm,mpc_agent_adaptive
108,toBeDone,29,mpc_central,mpc_agent
109,toBeDone,29,mpc_central,mpc_agent_adaptive
110,toBeDone,29,dmpc_admm,mpc_agent
111,toBeDone,29,dmpc_admm,mpc_agent_adaptive
248,toBeDone,29,mpc_central,mpc_agent
249,toBeDone,29,mpc_central,mpc_agent_adaptive
250,toBeDone,29,dmpc_admm,mpc_agent
251,toBeDone,29,dmpc_admm,mpc_agent_adaptive
388,toBeDone,29,mpc_central,mpc_agent
389,toBeDone,29,mpc_central,mpc_agent_adaptive
390,toBeDone,29,dmpc_admm,mpc_agent
391,toBeDone,29,dmpc_admm,mpc_agent_adaptive
528,toBeDone,29,mpc_central,mpc_agent
529,toBeDone,29,mpc_central,mpc_agent_adaptive
530,toBeDone,29,dmpc_admm,mpc_agent
531,toBeDone,29,dmpc_admm,mpc_agent_adaptive
668,toBeDone,29,mpc_central,mpc_agent
669,toBeDone,29,mpc_central,mpc_agent_adaptive
670,toBeDone,29,dmpc_admm,mpc_agent
671,toBeDone,29,dmpc_admm,mpc_agent_adaptive
808,toBeDone,29,mpc_central,mpc_agent
809,toBeDone,29,mpc_central,mpc_agent_adaptive
810,toBeDone,29,dmpc_admm,mpc_agent
811,toBeDone,29,dmpc_admm,mpc_agent_adaptive
948,toBeDone,29,mpc_central,mpc_agent
949,toBeDone,29,mpc_central,mpc_agent_adaptive
950,toBeDone,29,dmpc_admm,mpc_agent
951,toBeDone,29,dmpc_admm,mpc_agent_adaptive
1088,toBeDone,29,mpc_central,mpc_agent
1089,toBeDone,29,mpc_central,mpc_agent_adaptive
1090,toBeDone,29,dmpc_admm,mpc_agent
1091,toBeDone,29,dmpc_admm,mpc_agent_adaptive
1228,toBeDone,29,mpc_central,mpc_agent
1229,toBeDone,29,mpc_central,mpc_agent_adaptive
1230,toBeDone,29,dmpc_admm,mpc_agent
1231,toBeDone,29,dmpc_admm,mpc_agent_adaptive
1368,toBeDone,29,mpc_central,mpc_agent
1369,toBeDone,29,mpc_central,mpc_agent_adaptive
1370,toBeDone,29,dmpc_admm,mpc_agent
1371,toBeDone,29,dmpc_admm,mpc_agent_adaptive
1508,toBeDone,29,mpc_central,mpc_agent
1509,toBeDone,29,mpc_central,mpc_agent_adaptive
1510,toBeDone,29,dmpc_admm,mpc_agent
1511,toBeDone,29,dmpc_admm,mpc_agent_adaptive
1648,toBeDone,29,mpc_central,mpc_agent
1649,toBeDone,29,mpc_central,mpc_agent_adaptive
1650,toBeDone,29,dmpc_admm,mpc_agent
1651,toBeDone,29,dmpc_admm,mpc_agent_adaptive
1788,toBeDone,29,mpc_central,mpc_agent
1789,toBeDone,29,mpc_central,mpc_agent_adaptive
1790,toBeDone,29,dmpc_admm,mpc_agent
1791,toBeDone,29,dmpc_admm,mpc_agent_adaptive
1928,toBeDone,29,mpc_central,mpc_agent
1929,toBeDone,29,mpc_central,mpc_agent_adaptive
1930,toBeDone,29,dmpc_admm,mpc_agent
1931,toBeDone,29,dmpc_admm,mpc_agent_adaptive
2068,toBeDone,29,mpc_central,mpc_agent
2069,toBeDone,29,mpc_central,mpc_agent_adaptive
2070,toBeDone,29,dmpc_admm,mpc_agent
2071,toBeDone,29,dmpc_admm,mpc_agent_adaptive
2208,toBeDone,29,mpc_central,mpc_agent
2209,toBeDone,29,mpc_central,mpc_agent_adaptive
2210,toBeDone,29,dmpc_admm,mpc_agent
2211,toBeDone,29,dmpc_admm,mpc_agent_adaptive
2348,toBeDone,29,mpc_central,mpc_agent
2349,toBeDone,29,mpc_central,mpc_agent_adaptive
2350,toBeDone,29,dmpc_admm,mpc_agent
2351,toBeDone,29,dmpc_admm,mpc_agent_adaptive
2488,toBeDone,29,mpc_central,mpc_agent
2489,toBeDone,29,mpc_central,mpc_agent_adaptive
2490,toBeDone,29,dmpc_admm,mpc_agent
2491,toBeDone,29,dmpc_admm,mpc_agent_adaptive
2628,toBeDone,29,mpc_central,mpc_agent
2629,toBeDone,29,mpc_central,mpc_agent_adaptive
2630,toBeDone,29,dmpc_admm,mpc_agent
2631,toBeDone,29,dmpc_admm,mpc_agent_adaptive
2768,toBeDone,29,mpc_central,mpc_agent
2769,toBeDone,29,mpc_central,mpc_agent_adaptive
2770,toBeDone,29,dmpc_admm,mpc_agent
2771,toBeDone,29,dmpc_admm,mpc_agent_adaptive
112,toBeDone,30,mpc_central,mpc_agent
113,toBeDone,30,mpc_central,mpc_agent_adaptive
114,toBeDone,30,dmpc_admm,mpc_agent
115,toBeDone,30,dmpc_admm,mpc_agent_adaptive
252,toBeDone,30,mpc_central,mpc_agent
253,toBeDone,30,mpc_central,mpc_agent_adaptive
254,toBeDone,30,dmpc_admm,mpc_agent
255,toBeDone,30,dmpc_admm,mpc_agent_adaptive
392,toBeDone,30,mpc_central,mpc_agent
393,toBeDone,30,mpc_central,mpc_agent_adaptive
394,toBeDone,30,dmpc_admm,mpc_agent
395,toBeDone,30,dmpc_admm,mpc_agent_adaptive
532,toBeDone,30,mpc_central,mpc_agent
533,toBeDone,30,mpc_central,mpc_agent_adaptive
534,toBeDone,30,dmpc_admm,mpc_agent
535,toBeDone,30,dmpc_admm,mpc_agent_adaptive
672,toBeDone,30,mpc_central,mpc_agent
673,toBeDone,30,mpc_central,mpc_agent_adaptive
674,toBeDone,30,dmpc_admm,mpc_agent
675,toBeDone,30,dmpc_admm,mpc_agent_adaptive
812,toBeDone,30,mpc_central,mpc_agent
813,toBeDone,30,mpc_central,mpc_agent_adaptive
814,toBeDone,30,dmpc_admm,mpc_agent
815,toBeDone,30,dmpc_admm,mpc_agent_adaptive
952,toBeDone,30,mpc_central,mpc_agent
953,toBeDone,30,mpc_central,mpc_agent_adaptive
954,toBeDone,30,dmpc_admm,mpc_agent
955,toBeDone,30,dmpc_admm,mpc_agent_adaptive
1092,toBeDone,30,mpc_central,mpc_agent
1093,toBeDone,30,mpc_central,mpc_agent_adaptive
1094,toBeDone,30,dmpc_admm,mpc_agent
1095,toBeDone,30,dmpc_admm,mpc_agent_adaptive
1232,toBeDone,30,mpc_central,mpc_agent
1233,toBeDone,30,mpc_central,mpc_agent_adaptive
1234,toBeDone,30,dmpc_admm,mpc_agent
1235,toBeDone,30,dmpc_admm,mpc_agent_adaptive
1372,toBeDone,30,mpc_central,mpc_agent
1373,toBeDone,30,mpc_central,mpc_agent_adaptive
1374,toBeDone,30,dmpc_admm,mpc_agent
1375,toBeDone,30,dmpc_admm,mpc_agent_adaptive
1512,toBeDone,30,mpc_central,mpc_agent
1513,toBeDone,30,mpc_central,mpc_agent_adaptive
1514,toBeDone,30,dmpc_admm,mpc_agent
1515,toBeDone,30,dmpc_admm,mpc_agent_adaptive
1652,toBeDone,30,mpc_central,mpc_agent
1653,toBeDone,30,mpc_central,mpc_agent_adaptive
1654,toBeDone,30,dmpc_admm,mpc_agent
1655,toBeDone,30,dmpc_admm,mpc_agent_adaptive
1792,toBeDone,30,mpc_central,mpc_agent
1793,toBeDone,30,mpc_central,mpc_agent_adaptive
1794,toBeDone,30,dmpc_admm,mpc_agent
1795,toBeDone,30,dmpc_admm,mpc_agent_adaptive
1932,toBeDone,30,mpc_central,mpc_agent
1933,toBeDone,30,mpc_central,mpc_agent_adaptive
1934,toBeDone,30,dmpc_admm,mpc_agent
1935,toBeDone,30,dmpc_admm,mpc_agent_adaptive
2072,toBeDone,30,mpc_central,mpc_agent
2073,toBeDone,30,mpc_central,mpc_agent_adaptive
2074,toBeDone,30,dmpc_admm,mpc_agent
2075,toBeDone,30,dmpc_admm,mpc_agent_adaptive
2212,toBeDone,30,mpc_central,mpc_agent
2213,toBeDone,30,mpc_central,mpc_agent_adaptive
2214,toBeDone,30,dmpc_admm,mpc_agent
2215,toBeDone,30,dmpc_admm,mpc_agent_adaptive
2352,toBeDone,30,mpc_central,mpc_agent
2353,toBeDone,30,mpc_central,mpc_agent_adaptive
2354,toBeDone,30,dmpc_admm,mpc_agent
2355,toBeDone,30,dmpc_admm,mpc_agent_adaptive
2492,toBeDone,30,mpc_central,mpc_agent
2493,toBeDone,30,mpc_central,mpc_agent_adaptive
2494,toBeDone,30,dmpc_admm,mpc_agent
2495,toBeDone,30,dmpc_admm,mpc_agent_adaptive
2632,toBeDone,30,mpc_central,mpc_agent
2633,toBeDone,30,mpc_central,mpc_agent_adaptive
2634,toBeDone,30,dmpc_admm,mpc_agent
2635,toBeDone,30,dmpc_admm,mpc_agent_adaptive
2772,toBeDone,30,mpc_central,mpc_agent
2773,toBeDone,30,mpc_central,mpc_agent_adaptive
2774,toBeDone,30,dmpc_admm,mpc_agent
2775,toBeDone,30,dmpc_admm,mpc_agent_adaptive
116,toBeDone,31,mpc_central,mpc_agent
117,toBeDone,31,mpc_central,mpc_agent_adaptive
118,toBeDone,31,dmpc_admm,mpc_agent
119,toBeDone,31,dmpc_admm,mpc_agent_adaptive
256,toBeDone,31,mpc_central,mpc_agent
257,toBeDone,31,mpc_central,mpc_agent_adaptive
258,toBeDone,31,dmpc_admm,mpc_agent
259,toBeDone,31,dmpc_admm,mpc_agent_adaptive
396,toBeDone,31,mpc_central,mpc_agent
397,toBeDone,31,mpc_central,mpc_agent_adaptive
398,toBeDone,31,dmpc_admm,mpc_agent
399,toBeDone,31,dmpc_admm,mpc_agent_adaptive
536,toBeDone,31,mpc_central,mpc_agent
537,toBeDone,31,mpc_central,mpc_agent_adaptive
538,toBeDone,31,dmpc_admm,mpc_agent
539,toBeDone,31,dmpc_admm,mpc_agent_adaptive
676,toBeDone,31,mpc_central,mpc_agent
677,toBeDone,31,mpc_central,mpc_agent_adaptive
678,toBeDone,31,dmpc_admm,mpc_agent
679,toBeDone,31,dmpc_admm,mpc_agent_adaptive
816,toBeDone,31,mpc_central,mpc_agent
817,toBeDone,31,mpc_central,mpc_agent_adaptive
818,toBeDone,31,dmpc_admm,mpc_agent
819,toBeDone,31,dmpc_admm,mpc_agent_adaptive
956,toBeDone,31,mpc_central,mpc_agent
957,toBeDone,31,mpc_central,mpc_agent_adaptive
958,toBeDone,31,dmpc_admm,mpc_agent
959,toBeDone,31,dmpc_admm,mpc_agent_adaptive
1096,toBeDone,31,mpc_central,mpc_agent
1097,toBeDone,31,mpc_central,mpc_agent_adaptive
1098,toBeDone,31,dmpc_admm,mpc_agent
1099,toBeDone,31,dmpc_admm,mpc_agent_adaptive
1236,toBeDone,31,mpc_central,mpc_agent
1237,toBeDone,31,mpc_central,mpc_agent_adaptive
1238,toBeDone,31,dmpc_admm,mpc_agent
1239,toBeDone,31,dmpc_admm,mpc_agent_adaptive
1376,toBeDone,31,mpc_central,mpc_agent
1377,toBeDone,31,mpc_central,mpc_agent_adaptive
1378,toBeDone,31,dmpc_admm,mpc_agent
1379,toBeDone,31,dmpc_admm,mpc_agent_adaptive
1516,toBeDone,31,mpc_central,mpc_agent
1517,toBeDone,31,mpc_central,mpc_agent_adaptive
1518,toBeDone,31,dmpc_admm,mpc_agent
1519,toBeDone,31,dmpc_admm,mpc_agent_adaptive
1656,toBeDone,31,mpc_central,mpc_agent
1657,toBeDone,31,mpc_central,mpc_agent_adaptive
1658,toBeDone,31,dmpc_admm,mpc_agent
1659,toBeDone,31,dmpc_admm,mpc_agent_adaptive
1796,toBeDone,31,mpc_central,mpc_agent
1797,toBeDone,31,mpc_central,mpc_agent_adaptive
1798,toBeDone,31,dmpc_admm,mpc_agent
1799,toBeDone,31,dmpc_admm,mpc_agent_adaptive
1936,toBeDone,31,mpc_central,mpc_agent
1937,toBeDone,31,mpc_central,mpc_agent_adaptive
1938,toBeDone,31,dmpc_admm,mpc_agent
1939,toBeDone,31,dmpc_admm,mpc_agent_adaptive
2076,toBeDone,31,mpc_central,mpc_agent
2077,toBeDone,31,mpc_central,mpc_agent_adaptive
2078,toBeDone,31,dmpc_admm,mpc_agent
2079,toBeDone,31,dmpc_admm,mpc_agent_adaptive
2216,toBeDone,31,mpc_central,mpc_agent
2217,toBeDone,31,mpc_central,mpc_agent_adaptive
2218,toBeDone,31,dmpc_admm,mpc_agent
2219,toBeDone,31,dmpc_admm,mpc_agent_adaptive
2356,toBeDone,31,mpc_central,mpc_agent
2357,toBeDone,31,mpc_central,mpc_agent_adaptive
2358,toBeDone,31,dmpc_admm,mpc_agent
2359,toBeDone,31,dmpc_admm,mpc_agent_adaptive
2496,toBeDone,31,mpc_central,mpc_agent
2497,toBeDone,31,mpc_central,mpc_agent_adaptive
2498,toBeDone,31,dmpc_admm,mpc_agent
2499,toBeDone,31,dmpc_admm,mpc_agent_adaptive
2636,toBeDone,31,mpc_central,mpc_agent
2637,toBeDone,31,mpc_central,mpc_agent_adaptive
2638,toBeDone,31,dmpc_admm,mpc_agent
2639,toBeDone,31,dmpc_admm,mpc_agent_adaptive
2776,toBeDone,31,mpc_central,mpc_agent
2777,toBeDone,31,mpc_central,mpc_agent_adaptive
2778,toBeDone,31,dmpc_admm,mpc_agent
2779,toBeDone,31,dmpc_admm,mpc_agent_adaptive
120,toBeDone,32,mpc_central,mpc_agent
121,toBeDone,32,mpc_central,mpc_agent_adaptive
122,toBeDone,32,dmpc_admm,mpc_agent
123,toBeDone,32,dmpc_admm,mpc_agent_adaptive
260,toBeDone,32,mpc_central,mpc_agent
261,toBeDone,32,mpc_central,mpc_agent_adaptive
262,toBeDone,32,dmpc_admm,mpc_agent
263,toBeDone,32,dmpc_admm,mpc_agent_adaptive
400,toBeDone,32,mpc_central,mpc_agent
401,toBeDone,32,mpc_central,mpc_agent_adaptive
402,toBeDone,32,dmpc_admm,mpc_agent
403,toBeDone,32,dmpc_admm,mpc_agent_adaptive
540,toBeDone,32,mpc_central,mpc_agent
541,toBeDone,32,mpc_central,mpc_agent_adaptive
542,toBeDone,32,dmpc_admm,mpc_agent
543,toBeDone,32,dmpc_admm,mpc_agent_adaptive
680,toBeDone,32,mpc_central,mpc_agent
681,toBeDone,32,mpc_central,mpc_agent_adaptive
682,toBeDone,32,dmpc_admm,mpc_agent
683,toBeDone,32,dmpc_admm,mpc_agent_adaptive
820,toBeDone,32,mpc_central,mpc_agent
821,toBeDone,32,mpc_central,mpc_agent_adaptive
822,toBeDone,32,dmpc_admm,mpc_agent
823,toBeDone,32,dmpc_admm,mpc_agent_adaptive
960,toBeDone,32,mpc_central,mpc_agent
961,toBeDone,32,mpc_central,mpc_agent_adaptive
962,toBeDone,32,dmpc_admm,mpc_agent
963,toBeDone,32,dmpc_admm,mpc_agent_adaptive
1100,toBeDone,32,mpc_central,mpc_agent
1101,toBeDone,32,mpc_central,mpc_agent_adaptive
1102,toBeDone,32,dmpc_admm,mpc_agent
1103,toBeDone,32,dmpc_admm,mpc_agent_adaptive
1240,toBeDone,32,mpc_central,mpc_agent
1241,toBeDone,32,mpc_central,mpc_agent_adaptive
1242,toBeDone,32,dmpc_admm,mpc_agent
1243,toBeDone,32,dmpc_admm,mpc_agent_adaptive
1380,toBeDone,32,mpc_central,mpc_agent
1381,toBeDone,32,mpc_central,mpc_agent_adaptive
1382,toBeDone,32,dmpc_admm,mpc_agent
1383,toBeDone,32,dmpc_admm,mpc_agent_adaptive
1520,toBeDone,32,mpc_central,mpc_agent
1521,toBeDone,32,mpc_central,mpc_agent_adaptive
1522,toBeDone,32,dmpc_admm,mpc_agent
1523,toBeDone,32,dmpc_admm,mpc_agent_adaptive
1660,toBeDone,32,mpc_central,mpc_agent
1661,toBeDone,32,mpc_central,mpc_agent_adaptive
1662,toBeDone,32,dmpc_admm,mpc_agent
1663,toBeDone,32,dmpc_admm,mpc_agent_adaptive
1800,toBeDone,32,mpc_central,mpc_agent
1801,toBeDone,32,mpc_central,mpc_agent_adaptive
1802,toBeDone,32,dmpc_admm,mpc_agent
1803,toBeDone,32,dmpc_admm,mpc_agent_adaptive
1940,toBeDone,32,mpc_central,mpc_agent
1941,toBeDone,32,mpc_central,mpc_agent_adaptive
1942,toBeDone,32,dmpc_admm,mpc_agent
1943,toBeDone,32,dmpc_admm,mpc_agent_adaptive
2080,toBeDone,32,mpc_central,mpc_agent
2081,toBeDone,32,mpc_central,mpc_agent_adaptive
2082,toBeDone,32,dmpc_admm,mpc_agent
2083,toBeDone,32,dmpc_admm,mpc_agent_adaptive
2220,toBeDone,32,mpc_central,mpc_agent
2221,toBeDone,32,mpc_central,mpc_agent_adaptive
2222,toBeDone,32,dmpc_admm,mpc_agent
2223,toBeDone,32,dmpc_admm,mpc_agent_adaptive
2360,toBeDone,32,mpc_central,mpc_agent
2361,toBeDone,32,mpc_central,mpc_agent_adaptive
2362,toBeDone,32,dmpc_admm,mpc_agent
2363,toBeDone,32,dmpc_admm,mpc_agent_adaptive
2500,toBeDone,32,mpc_central,mpc_agent
2501,toBeDone,32,mpc_central,mpc_agent_adaptive
2502,toBeDone,32,dmpc_admm,mpc_agent
2503,toBeDone,32,dmpc_admm,mpc_agent_adaptive
2640,toBeDone,32,mpc_central,mpc_agent
2641,toBeDone,32,mpc_central,mpc_agent_adaptive
2642,toBeDone,32,dmpc_admm,mpc_agent
2643,toBeDone,32,dmpc_admm,mpc_agent_adaptive
2780,toBeDone,32,mpc_central,mpc_agent
2781,toBeDone,32,mpc_central,mpc_agent_adaptive
2782,toBeDone,32,dmpc_admm,mpc_agent
2783,toBeDone,32,dmpc_admm,mpc_agent_adaptive
124,toBeDone,33,mpc_central,mpc_agent
125,toBeDone,33,mpc_central,mpc_agent_adaptive
126,toBeDone,33,dmpc_admm,mpc_agent
127,toBeDone,33,dmpc_admm,mpc_agent_adaptive
264,toBeDone,33,mpc_central,mpc_agent
265,toBeDone,33,mpc_central,mpc_agent_adaptive
266,toBeDone,33,dmpc_admm,mpc_agent
267,toBeDone,33,dmpc_admm,mpc_agent_adaptive
404,toBeDone,33,mpc_central,mpc_agent
405,toBeDone,33,mpc_central,mpc_agent_adaptive
406,toBeDone,33,dmpc_admm,mpc_agent
407,toBeDone,33,dmpc_admm,mpc_agent_adaptive
544,toBeDone,33,mpc_central,mpc_agent
545,toBeDone,33,mpc_central,mpc_agent_adaptive
546,toBeDone,33,dmpc_admm,mpc_agent
547,toBeDone,33,dmpc_admm,mpc_agent_adaptive
684,toBeDone,33,mpc_central,mpc_agent
685,toBeDone,33,mpc_central,mpc_agent_adaptive
686,toBeDone,33,dmpc_admm,mpc_agent
687,toBeDone,33,dmpc_admm,mpc_agent_adaptive
824,toBeDone,33,mpc_central,mpc_agent
825,toBeDone,33,mpc_central,mpc_agent_adaptive
826,toBeDone,33,dmpc_admm,mpc_agent
827,toBeDone,33,dmpc_admm,mpc_agent_adaptive
964,toBeDone,33,mpc_central,mpc_agent
965,toBeDone,33,mpc_central,mpc_agent_adaptive
966,toBeDone,33,dmpc_admm,mpc_agent
967,toBeDone,33,dmpc_admm,mpc_agent_adaptive
1104,toBeDone,33,mpc_central,mpc_agent
1105,toBeDone,33,mpc_central,mpc_agent_adaptive
1106,toBeDone,33,dmpc_admm,mpc_agent
1107,toBeDone,33,dmpc_admm,mpc_agent_adaptive
1244,toBeDone,33,mpc_central,mpc_agent
1245,toBeDone,33,mpc_central,mpc_agent_adaptive
1246,toBeDone,33,dmpc_admm,mpc_agent
1247,toBeDone,33,dmpc_admm,mpc_agent_adaptive
1384,toBeDone,33,mpc_central,mpc_agent
1385,toBeDone,33,mpc_central,mpc_agent_adaptive
1386,toBeDone,33,dmpc_admm,mpc_agent
1387,toBeDone,33,dmpc_admm,mpc_agent_adaptive
1524,toBeDone,33,mpc_central,mpc_agent
1525,toBeDone,33,mpc_central,mpc_agent_adaptive
1526,toBeDone,33,dmpc_admm,mpc_agent
1527,toBeDone,33,dmpc_admm,mpc_agent_adaptive
1664,toBeDone,33,mpc_central,mpc_agent
1665,toBeDone,33,mpc_central,mpc_agent_adaptive
1666,toBeDone,33,dmpc_admm,mpc_agent
1667,toBeDone,33,dmpc_admm,mpc_agent_adaptive
1804,toBeDone,33,mpc_central,mpc_agent
1805,toBeDone,33,mpc_central,mpc_agent_adaptive
1806,toBeDone,33,dmpc_admm,mpc_agent
1807,toBeDone,33,dmpc_admm,mpc_agent_adaptive
1944,toBeDone,33,mpc_central,mpc_agent
1945,toBeDone,33,mpc_central,mpc_agent_adaptive
1946,toBeDone,33,dmpc_admm,mpc_agent
1947,toBeDone,33,dmpc_admm,mpc_agent_adaptive
2084,toBeDone,33,mpc_central,mpc_agent
2085,toBeDone,33,mpc_central,mpc_agent_adaptive
2086,toBeDone,33,dmpc_admm,mpc_agent
2087,toBeDone,33,dmpc_admm,mpc_agent_adaptive
2224,toBeDone,33,mpc_central,mpc_agent
2225,toBeDone,33,mpc_central,mpc_agent_adaptive
2226,toBeDone,33,dmpc_admm,mpc_agent
2227,toBeDone,33,dmpc_admm,mpc_agent_adaptive
2364,toBeDone,33,mpc_central,mpc_agent
2365,toBeDone,33,mpc_central,mpc_agent_adaptive
2366,toBeDone,33,dmpc_admm,mpc_agent
2367,toBeDone,33,dmpc_admm,mpc_agent_adaptive
2504,toBeDone,33,mpc_central,mpc_agent
2505,toBeDone,33,mpc_central,mpc_agent_adaptive
2506,toBeDone,33,dmpc_admm,mpc_agent
2507,toBeDone,33,dmpc_admm,mpc_agent_adaptive
2644,toBeDone,33,mpc_central,mpc_agent
2645,toBeDone,33,mpc_central,mpc_agent_adaptive
2646,toBeDone,33,dmpc_admm,mpc_agent
2647,toBeDone,33,dmpc_admm,mpc_agent_adaptive
2784,toBeDone,33,mpc_central,mpc_agent
2785,toBeDone,33,mpc_central,mpc_agent_adaptive
2786,toBeDone,33,dmpc_admm,mpc_agent
2787,toBeDone,33,dmpc_admm,mpc_agent_adaptive
128,toBeDone,34,mpc_central,mpc_agent
129,toBeDone,34,mpc_central,mpc_agent_adaptive
130,toBeDone,34,dmpc_admm,mpc_agent
131,toBeDone,34,dmpc_admm,mpc_agent_adaptive
268,toBeDone,34,mpc_central,mpc_agent
269,toBeDone,34,mpc_central,mpc_agent_adaptive
270,toBeDone,34,dmpc_admm,mpc_agent
271,toBeDone,34,dmpc_admm,mpc_agent_adaptive
408,toBeDone,34,mpc_central,mpc_agent
409,toBeDone,34,mpc_central,mpc_agent_adaptive
410,toBeDone,34,dmpc_admm,mpc_agent
411,toBeDone,34,dmpc_admm,mpc_agent_adaptive
548,toBeDone,34,mpc_central,mpc_agent
549,toBeDone,34,mpc_central,mpc_agent_adaptive
550,toBeDone,34,dmpc_admm,mpc_agent
551,toBeDone,34,dmpc_admm,mpc_agent_adaptive
688,toBeDone,34,mpc_central,mpc_agent
689,toBeDone,34,mpc_central,mpc_agent_adaptive
690,toBeDone,34,dmpc_admm,mpc_agent
691,toBeDone,34,dmpc_admm,mpc_agent_adaptive
828,toBeDone,34,mpc_central,mpc_agent
829,toBeDone,34,mpc_central,mpc_agent_adaptive
830,toBeDone,34,dmpc_admm,mpc_agent
831,toBeDone,34,dmpc_admm,mpc_agent_adaptive
968,toBeDone,34,mpc_central,mpc_agent
969,toBeDone,34,mpc_central,mpc_agent_adaptive
970,toBeDone,34,dmpc_admm,mpc_agent
971,toBeDone,34,dmpc_admm,mpc_agent_adaptive
1108,toBeDone,34,mpc_central,mpc_agent
1109,toBeDone,34,mpc_central,mpc_agent_adaptive
1110,toBeDone,34,dmpc_admm,mpc_agent
1111,toBeDone,34,dmpc_admm,mpc_agent_adaptive
1248,toBeDone,34,mpc_central,mpc_agent
1249,toBeDone,34,mpc_central,mpc_agent_adaptive
1250,toBeDone,34,dmpc_admm,mpc_agent
1251,toBeDone,34,dmpc_admm,mpc_agent_adaptive
1388,toBeDone,34,mpc_central,mpc_agent
1389,toBeDone,34,mpc_central,mpc_agent_adaptive
1390,toBeDone,34,dmpc_admm,mpc_agent
1391,toBeDone,34,dmpc_admm,mpc_agent_adaptive
1528,toBeDone,34,mpc_central,mpc_agent
1529,toBeDone,34,mpc_central,mpc_agent_adaptive
1530,toBeDone,34,dmpc_admm,mpc_agent
1531,toBeDone,34,dmpc_admm,mpc_agent_adaptive
1668,toBeDone,34,mpc_central,mpc_agent
1669,toBeDone,34,mpc_central,mpc_agent_adaptive
1670,toBeDone,34,dmpc_admm,mpc_agent
1671,toBeDone,34,dmpc_admm,mpc_agent_adaptive
1808,toBeDone,34,mpc_central,mpc_agent
1809,toBeDone,34,mpc_central,mpc_agent_adaptive
1810,toBeDone,34,dmpc_admm,mpc_agent
1811,toBeDone,34,dmpc_admm,mpc_agent_adaptive
1948,toBeDone,34,mpc_central,mpc_agent
1949,toBeDone,34,mpc_central,mpc_agent_adaptive
1950,toBeDone,34,dmpc_admm,mpc_agent
1951,toBeDone,34,dmpc_admm,mpc_agent_adaptive
2088,toBeDone,34,mpc_central,mpc_agent
2089,toBeDone,34,mpc_central,mpc_agent_adaptive
2090,toBeDone,34,dmpc_admm,mpc_agent
2091,toBeDone,34,dmpc_admm,mpc_agent_adaptive
2228,toBeDone,34,mpc_central,mpc_agent
2229,toBeDone,34,mpc_central,mpc_agent_adaptive
2230,toBeDone,34,dmpc_admm,mpc_agent
2231,toBeDone,34,dmpc_admm,mpc_agent_adaptive
2368,toBeDone,34,mpc_central,mpc_agent
2369,toBeDone,34,mpc_central,mpc_agent_adaptive
2370,toBeDone,34,dmpc_admm,mpc_agent
2371,toBeDone,34,dmpc_admm,mpc_agent_adaptive
2508,toBeDone,34,mpc_central,mpc_agent
2509,toBeDone,34,mpc_central,mpc_agent_adaptive
2510,toBeDone,34,dmpc_admm,mpc_agent
2511,toBeDone,34,dmpc_admm,mpc_agent_adaptive
2648,toBeDone,34,mpc_central,mpc_agent
2649,toBeDone,34,mpc_central,mpc_agent_adaptive
2650,toBeDone,34,dmpc_admm,mpc_agent
2651,toBeDone,34,dmpc_admm,mpc_agent_adaptive
2788,toBeDone,34,mpc_central,mpc_agent
2789,toBeDone,34,mpc_central,mpc_agent_adaptive
2790,toBeDone,34,dmpc_admm,mpc_agent
2791,toBeDone,34,dmpc_admm,mpc_agent_adaptive
132,toBeDone,35,mpc_central,mpc_agent
133,toBeDone,35,mpc_central,mpc_agent_adaptive
134,toBeDone,35,dmpc_admm,mpc_agent
135,toBeDone,35,dmpc_admm,mpc_agent_adaptive
272,toBeDone,35,mpc_central,mpc_agent
273,toBeDone,35,mpc_central,mpc_agent_adaptive
274,toBeDone,35,dmpc_admm,mpc_agent
275,toBeDone,35,dmpc_admm,mpc_agent_adaptive
412,toBeDone,35,mpc_central,mpc_agent
413,toBeDone,35,mpc_central,mpc_agent_adaptive
414,toBeDone,35,dmpc_admm,mpc_agent
415,toBeDone,35,dmpc_admm,mpc_agent_adaptive
552,toBeDone,35,mpc_central,mpc_agent
553,toBeDone,35,mpc_central,mpc_agent_adaptive
554,toBeDone,35,dmpc_admm,mpc_agent
555,toBeDone,35,dmpc_admm,mpc_agent_adaptive
692,toBeDone,35,mpc_central,mpc_agent
693,toBeDone,35,mpc_central,mpc_agent_adaptive
694,toBeDone,35,dmpc_admm,mpc_agent
695,toBeDone,35,dmpc_admm,mpc_agent_adaptive
832,toBeDone,35,mpc_central,mpc_agent
833,toBeDone,35,mpc_central,mpc_agent_adaptive
834,toBeDone,35,dmpc_admm,mpc_agent
835,toBeDone,35,dmpc_admm,mpc_agent_adaptive
972,toBeDone,35,mpc_central,mpc_agent
973,toBeDone,35,mpc_central,mpc_agent_adaptive
974,toBeDone,35,dmpc_admm,mpc_agent
975,toBeDone,35,dmpc_admm,mpc_agent_adaptive
1112,toBeDone,35,mpc_central,mpc_agent
1113,toBeDone,35,mpc_central,mpc_agent_adaptive
1114,toBeDone,35,dmpc_admm,mpc_agent
1115,toBeDone,35,dmpc_admm,mpc_agent_adaptive
1252,toBeDone,35,mpc_central,mpc_agent
1253,toBeDone,35,mpc_central,mpc_agent_adaptive
1254,toBeDone,35,dmpc_admm,mpc_agent
1255,toBeDone,35,dmpc_admm,mpc_agent_adaptive
1392,toBeDone,35,mpc_central,mpc_agent
1393,toBeDone,35,mpc_central,mpc_agent_adaptive
1394,toBeDone,35,dmpc_admm,mpc_agent
1395,toBeDone,35,dmpc_admm,mpc_agent_adaptive
1532,toBeDone,35,mpc_central,mpc_agent
1533,toBeDone,35,mpc_central,mpc_agent_adaptive
1534,toBeDone,35,dmpc_admm,mpc_agent
1535,toBeDone,35,dmpc_admm,mpc_agent_adaptive
1672,toBeDone,35,mpc_central,mpc_agent
1673,toBeDone,35,mpc_central,mpc_agent_adaptive
1674,toBeDone,35,dmpc_admm,mpc_agent
1675,toBeDone,35,dmpc_admm,mpc_agent_adaptive
1812,toBeDone,35,mpc_central,mpc_agent
1813,toBeDone,35,mpc_central,mpc_agent_adaptive
1814,toBeDone,35,dmpc_admm,mpc_agent
1815,toBeDone,35,dmpc_admm,mpc_agent_adaptive
1952,toBeDone,35,mpc_central,mpc_agent
1953,toBeDone,35,mpc_central,mpc_agent_adaptive
1954,toBeDone,35,dmpc_admm,mpc_agent
1955,toBeDone,35,dmpc_admm,mpc_agent_adaptive
2092,toBeDone,35,mpc_central,mpc_agent
2093,toBeDone,35,mpc_central,mpc_agent_adaptive
2094,toBeDone,35,dmpc_admm,mpc_agent
2095,toBeDone,35,dmpc_admm,mpc_agent_adaptive
2232,toBeDone,35,mpc_central,mpc_agent
2233,toBeDone,35,mpc_central,mpc_agent_adaptive
2234,toBeDone,35,dmpc_admm,mpc_agent
2235,toBeDone,35,dmpc_admm,mpc_agent_adaptive
2372,toBeDone,35,mpc_central,mpc_agent
2373,toBeDone,35,mpc_central,mpc_agent_adaptive
2374,toBeDone,35,dmpc_admm,mpc_agent
2375,toBeDone,35,dmpc_admm,mpc_agent_adaptive
2512,toBeDone,35,mpc_central,mpc_agent
2513,toBeDone,35,mpc_central,mpc_agent_adaptive
2514,toBeDone,35,dmpc_admm,mpc_agent
2515,toBeDone,35,dmpc_admm,mpc_agent_adaptive
2652,toBeDone,35,mpc_central,mpc_agent
2653,toBeDone,35,mpc_central,mpc_agent_adaptive
2654,toBeDone,35,dmpc_admm,mpc_agent
2655,toBeDone,35,dmpc_admm,mpc_agent_adaptive
2792,toBeDone,35,mpc_central,mpc_agent
2793,toBeDone,35,mpc_central,mpc_agent_adaptive
2794,toBeDone,35,dmpc_admm,mpc_agent
2795,toBeDone,35,dmpc_admm,mpc_agent_adaptive
136,toBeDone,36,mpc_central,mpc_agent
137,toBeDone,36,mpc_central,mpc_agent_adaptive
138,toBeDone,36,dmpc_admm,mpc_agent
139,toBeDone,36,dmpc_admm,mpc_agent_adaptive
276,toBeDone,36,mpc_central,mpc_agent
277,toBeDone,36,mpc_central,mpc_agent_adaptive
278,toBeDone,36,dmpc_admm,mpc_agent
279,toBeDone,36,dmpc_admm,mpc_agent_adaptive
416,toBeDone,36,mpc_central,mpc_agent
417,toBeDone,36,mpc_central,mpc_agent_adaptive
418,toBeDone,36,dmpc_admm,mpc_agent
419,toBeDone,36,dmpc_admm,mpc_agent_adaptive
556,toBeDone,36,mpc_central,mpc_agent
557,toBeDone,36,mpc_central,mpc_agent_adaptive
558,toBeDone,36,dmpc_admm,mpc_agent
559,toBeDone,36,dmpc_admm,mpc_agent_adaptive
696,toBeDone,36,mpc_central,mpc_agent
697,toBeDone,36,mpc_central,mpc_agent_adaptive
698,toBeDone,36,dmpc_admm,mpc_agent
699,toBeDone,36,dmpc_admm,mpc_agent_adaptive
836,toBeDone,36,mpc_central,mpc_agent
837,toBeDone,36,mpc_central,mpc_agent_adaptive
838,toBeDone,36,dmpc_admm,mpc_agent
839,toBeDone,36,dmpc_admm,mpc_agent_adaptive
976,toBeDone,36,mpc_central,mpc_agent
977,toBeDone,36,mpc_central,mpc_agent_adaptive
978,toBeDone,36,dmpc_admm,mpc_agent
979,toBeDone,36,dmpc_admm,mpc_agent_adaptive
1116,toBeDone,36,mpc_central,mpc_agent
1117,toBeDone,36,mpc_central,mpc_agent_adaptive
1118,toBeDone,36,dmpc_admm,mpc_agent
1119,toBeDone,36,dmpc_admm,mpc_agent_adaptive
1256,toBeDone,36,mpc_central,mpc_agent
1257,toBeDone,36,mpc_central,mpc_agent_adaptive
1258,toBeDone,36,dmpc_admm,mpc_agent
1259,toBeDone,36,dmpc_admm,mpc_agent_adaptive
1396,toBeDone,36,mpc_central,mpc_agent
1397,toBeDone,36,mpc_central,mpc_agent_adaptive
1398,toBeDone,36,dmpc_admm,mpc_agent
1399,toBeDone,36,dmpc_admm,mpc_agent_adaptive
1536,toBeDone,36,mpc_central,mpc_agent
1537,toBeDone,36,mpc_central,mpc_agent_adaptive
1538,toBeDone,36,dmpc_admm,mpc_agent
1539,toBeDone,36,dmpc_admm,mpc_agent_adaptive
1676,toBeDone,36,mpc_central,mpc_agent
1677,toBeDone,36,mpc_central,mpc_agent_adaptive
1678,toBeDone,36,dmpc_admm,mpc_agent
1679,toBeDone,36,dmpc_admm,mpc_agent_adaptive
1816,toBeDone,36,mpc_central,mpc_agent
1817,toBeDone,36,mpc_central,mpc_agent_adaptive
1818,toBeDone,36,dmpc_admm,mpc_agent
1819,toBeDone,36,dmpc_admm,mpc_agent_adaptive
1956,toBeDone,36,mpc_central,mpc_agent
1957,toBeDone,36,mpc_central,mpc_agent_adaptive
1958,toBeDone,36,dmpc_admm,mpc_agent
1959,toBeDone,36,dmpc_admm,mpc_agent_adaptive
2096,toBeDone,36,mpc_central,mpc_agent
2097,toBeDone,36,mpc_central,mpc_agent_adaptive
2098,toBeDone,36,dmpc_admm,mpc_agent
2099,toBeDone,36,dmpc_admm,mpc_agent_adaptive
2236,toBeDone,36,mpc_central,mpc_agent
2237,toBeDone,36,mpc_central,mpc_agent_adaptive
2238,toBeDone,36,dmpc_admm,mpc_agent
2239,toBeDone,36,dmpc_admm,mpc_agent_adaptive
2376,toBeDone,36,mpc_central,mpc_agent
2377,toBeDone,36,mpc_central,mpc_agent_adaptive
2378,toBeDone,36,dmpc_admm,mpc_agent
2379,toBeDone,36,dmpc_admm,mpc_agent_adaptive
2516,toBeDone,36,mpc_central,mpc_agent
2517,toBeDone,36,mpc_central,mpc_agent_adaptive
2518,toBeDone,36,dmpc_admm,mpc_agent
2519,toBeDone,36,dmpc_admm,mpc_agent_adaptive
2656,toBeDone,36,mpc_central,mpc_agent
2657,toBeDone,36,mpc_central,mpc_agent_adaptive
2658,toBeDone,36,dmpc_admm,mpc_agent
2659,toBeDone,36,dmpc_admm,mpc_agent_adaptive
2796,toBeDone,36,mpc_central,mpc_agent
2797,toBeDone,36,mpc_central,mpc_agent_adaptive
2798,toBeDone,36,dmpc_admm,mpc_agent
2799,toBeDone,36,dmpc_admm,mpc_agent_adaptive
