# Blender 5.0.0
# www.blender.org
mtllib drone_costum_0_1.mtl
o drone_costum
v 1.453675 0.321439 1.857030
v -2.520639 0.176975 -0.441076
v 1.297714 1.125708 1.915631
v -2.760940 0.567835 -0.803246
v -1.111049 0.337159 0.464957
v -1.224769 0.996547 0.394355
v 0.217871 0.395784 1.292189
v 0.173034 1.087237 1.283360
v 1.434643 0.333698 1.818069
v -2.715516 0.029018 -0.868240
v 1.416057 1.126954 1.729011
v -2.802666 0.755139 -0.832645
v -0.958511 0.155705 0.310911
v -0.978345 1.155797 0.313728
v 0.208197 1.240752 1.069052
v 0.325925 0.252571 1.119857
v -0.755381 1.480030 0.318312
v 0.088705 1.606395 0.869349
v -1.023273 1.137628 0.301755
v -0.811001 1.612749 0.223319
v -1.646052 0.386023 0.505893
v -1.730881 0.681029 0.460326
v -2.363356 0.571505 0.096906
v -2.465884 0.304294 -0.011168
v 0.295964 0.688395 2.084765
v -0.066582 0.983046 1.363754
v 0.293329 0.253642 1.454724
v -2.041165 0.615222 1.071997
v -2.084722 0.480700 1.268125
v -2.307419 0.583936 0.636813
v -2.568113 0.268240 0.517999
v 0.424264 0.979960 2.429470
v 0.420504 0.397735 2.552726
v -0.158169 0.430594 2.049618
v -2.126488 0.722046 1.004738
v -1.990270 0.203404 1.044136
v -2.586615 0.564352 0.720547
v -2.575729 0.483553 1.130378
v 0.381112 0.355556 2.540866
v -4.295723 0.510836 2.172925
v -4.257787 -0.085420 2.257463
v -4.414170 0.498638 2.009552
v -4.699692 -0.045853 1.899308
v 0.281447 -0.329226 5.017869
v -0.239171 -0.240534 4.699492
v -4.628679 0.497116 2.563838
v -4.470274 -0.125683 2.626251
v -4.802742 0.484378 2.454218
v -0.192582 0.334600 5.339455
v -0.032553 -0.344527 5.401703
v -0.363697 0.322079 5.231695
v -0.417004 -0.372650 5.159609
v -0.285358 0.747543 5.036233
v -4.746932 0.898065 2.205975
v -0.039755 0.757623 5.157351
v -4.533928 0.922837 2.375141
v -4.555724 -0.546311 2.137976
v -4.421175 -0.537316 2.160772
v -4.373243 -0.101016 2.033956
v -4.716897 -0.142167 2.584455
v -4.232767 -0.228889 2.236566
v 0.055366 -0.723119 4.996924
v -0.274976 -0.360729 5.360618
v -0.027173 -0.450318 5.393705
v -0.394904 -0.481303 5.159641
v -4.582548 0.969551 2.108754
v -0.147749 0.807144 4.891937
v -0.030104 0.815752 4.966027
v -4.732649 0.959562 2.481451
v -0.209176 0.808129 5.251261
v -0.058159 0.812470 5.241593
v -0.392432 0.789249 5.120998
v -4.662764 0.958444 2.073024
v -4.611434 -0.545411 2.463837
v -4.690266 -0.552027 2.352269
v -4.397939 -0.589080 2.274223
v -4.342350 -0.530695 2.272341
v -4.527599 -0.598574 2.192575
v -4.476883 -0.536419 2.486639
v -4.352500 -0.505407 2.339942
v -0.174462 -0.738480 4.957952
v -0.171181 -0.759102 5.242085
v -0.248663 -0.765610 5.132417
v -0.059587 -0.805710 5.212568
v 0.093323 -0.744637 5.053848
v 0.015946 -0.722484 5.227634
v -2.520639 0.176975 -0.441076
v -0.967865 0.158149 0.323108
v -2.496702 0.069000 0.752557
v -1.594757 1.110081 -0.560469
v -0.771231 1.081937 -0.064819
v -1.025604 1.132786 0.269697
v -2.566621 0.888764 -1.194507
v -0.878927 1.094171 -0.070037
v -1.716672 0.992703 -0.369820
v -2.546967 0.813791 -0.757424
v -2.427475 0.805426 -0.959488
v -1.654368 0.995354 -0.469063
v -2.639518 0.557421 0.701785
v -2.020195 0.667379 1.037745
v -0.146993 0.877594 2.220052
v 0.347848 0.871300 2.533762
v -4.430767 0.502718 2.032449
v -4.296126 0.518609 2.256002
v -0.103231 0.333167 4.816787
v 0.142973 0.347901 5.015504
v -0.272028 0.268885 4.692474
v -4.710983 0.353991 1.886235
v -2.507526 0.071569 0.731221
v -2.558754 0.687118 0.699684
v -0.059659 0.320856 2.286445
v -4.511975 -0.136050 2.000917
v -0.124194 -0.269107 4.801099
v -2.196486 0.432012 0.672510
v 0.398219 0.199195 2.514714
v -4.255105 -0.091093 2.201170
v 0.067896 0.345688 4.924558
v 0.205920 -0.403906 4.924200
v -4.368157 -0.127321 2.028947
v -4.614783 -0.143804 1.987150
v 0.091247 -0.295658 4.859876
v 0.174151 -0.294459 5.022599
v -2.101245 0.253698 0.980464
v -5.177390 0.941011 3.189836
v -4.985933 1.097005 3.262837
v -4.938148 1.203898 3.115187
v -4.972944 0.944618 2.847346
v -5.113264 0.868715 2.819016
v -4.917673 0.867036 3.122958
v -4.328448 1.223168 2.912399
v -4.965366 1.070858 2.855474
v -4.575601 0.901460 3.026232
v -4.559305 0.935131 3.330901
v -4.156276 0.978463 3.239462
v -4.174071 1.152164 3.251194
v -4.247927 1.245771 3.105359
v -4.226610 0.919363 3.109709
v -4.167457 1.151807 3.237074
v -4.081413 1.207101 2.797900
v -4.070244 1.094806 2.636047
v -4.063066 0.922652 2.801818
v -4.162815 0.977648 3.253597
v -3.626417 1.183668 2.678838
v -3.782099 1.265661 2.619078
v -3.765425 0.950931 2.622090
v -3.751571 1.020389 2.834121
v -3.551997 1.127800 2.070134
v -3.923118 1.207361 2.143870
v -3.877667 0.884852 2.143538
v -3.658994 1.168951 1.877304
v -3.809953 1.255821 1.937916
v -3.901239 1.250330 2.138504
v -4.253347 0.975726 1.735888
v -3.788803 0.929404 1.942687
v -3.653614 0.973677 1.888230
v -4.049513 0.988994 1.393249
v -4.259315 1.117062 1.316356
v -4.320685 1.220940 1.461108
v -4.268999 0.974576 1.726042
v -4.353697 0.901041 1.609115
v -4.297712 0.884153 1.462615
v -4.884353 1.030308 1.231088
v -4.277067 1.099670 1.724319
v -4.248438 0.948425 1.318680
v -4.879290 0.951810 1.232169
v -5.071556 1.067787 1.327923
v -5.010589 1.174068 1.471003
v -5.070458 1.184545 1.685295
v -5.044847 0.787464 1.690766
v -4.989798 0.847632 1.475646
v -5.060300 0.893268 1.330327
v -5.164120 0.950626 1.945470
v -5.661500 0.868324 2.291550
v -5.482789 1.025041 1.747401
v -5.475973 1.147297 1.957378
v -5.319757 1.150633 2.288124
v -5.452268 0.779769 1.962440
v -5.474358 0.894332 1.749202
v -5.619729 1.044378 1.900168
v -5.349815 0.839782 2.300530
v -5.607950 0.861764 1.902683
v -5.672680 1.041664 2.289163
v -5.580759 1.071758 2.693289
v -5.448290 1.159803 2.638505
v -5.427332 0.833367 2.642726
v -5.567190 0.861382 2.696187
v -5.586952 1.055962 2.701739
v -5.575376 0.876477 2.704211
v -4.637795 0.924611 2.381190
v -4.562150 0.928908 2.338925
v -4.521251 0.930253 2.245038
v -4.665937 0.921059 2.255105
v -4.590297 0.925356 2.212840
v -4.773402 1.282819 2.178607
v -4.837842 1.390151 2.083639
v -4.504723 1.299996 2.167531
v -4.522044 1.373570 2.030316
v -4.776425 1.308919 2.539218
v -4.804266 1.419684 2.521527
v -4.446351 1.329646 2.498417
v -4.452226 1.420726 2.497162
v -4.817245 1.321069 2.063913
v -4.820379 1.369674 2.063244
v -4.525430 1.363795 2.027313
v -4.523862 1.339492 2.027648
v -4.463816 1.350130 2.518802
v -4.466951 1.398736 2.518133
v -4.758766 1.356010 2.554734
v -4.757198 1.331707 2.555068
v -5.044297 1.281732 0.064197
v -5.047065 1.324657 0.063606
v -4.806939 1.317888 0.012770
v -4.785614 1.298383 0.032231
v -4.237103 1.395144 4.518350
v -4.239872 1.438077 4.517759
v -4.490174 1.401160 4.574882
v -4.495914 1.379297 4.550314
v -4.589835 1.310392 2.254591
v -4.703199 1.330915 2.224886
v -4.693941 1.265658 2.485331
v -4.578225 1.267798 2.099254
v -4.577891 1.340829 2.357826
v -0.736165 0.712797 5.971901
v -0.899717 0.842811 5.821339
v -0.496924 0.975684 5.897254
v -0.531720 0.716402 5.629413
v -0.672040 0.640500 5.601083
v -0.476449 0.638821 5.905025
v -0.134949 0.901707 6.120340
v 0.112776 0.994955 5.694463
v -0.524143 0.842642 5.637542
v -0.134375 0.673245 5.808300
v -0.118081 0.706915 6.112968
v 0.091207 0.786904 6.132489
v 0.193296 1.017557 5.887426
v 0.214613 0.691148 5.891776
v 0.086143 0.865413 6.131408
v 0.600372 0.946326 5.802474
v 0.359812 0.978887 5.579967
v 0.370982 0.866590 5.418118
v 0.378159 0.694437 5.583886
v 0.612150 0.763716 5.804990
v 0.868360 0.948892 5.072031
v 0.659125 1.037449 5.401144
v 0.675800 0.722717 5.404157
v 0.689653 0.792173 5.616189
v 0.862977 0.878067 4.857880
v 0.518107 0.979145 4.925937
v 0.563557 0.656635 4.925605
v 0.631272 1.027606 4.719985
v 0.539983 1.022117 4.920571
v 0.187877 0.747511 4.517955
v 0.652421 0.701190 4.724756
v 0.787613 0.745461 4.670298
v 0.391711 0.760777 4.175315
v 0.181909 0.888846 4.098424
v 0.120538 0.992725 4.243176
v 0.172225 0.746362 4.508105
v 0.087527 0.672826 4.391183
v 0.143512 0.655938 4.244682
v -0.636865 0.838750 4.124117
v 0.164157 0.871453 4.506382
v 0.192786 0.720209 4.100746
v -0.625685 0.665415 4.126505
v -0.630332 0.839571 4.109990
v -0.569365 0.945855 4.253071
v -0.629233 0.956328 4.467362
v -0.603624 0.559252 4.472831
v -0.548574 0.619417 4.257712
v -0.619076 0.665052 4.112394
v -0.722902 0.722414 4.727534
v -1.041567 0.796827 4.529468
v -1.034749 0.919083 4.739445
v -0.878533 0.922419 5.070189
v -1.011044 0.551555 4.744507
v -1.033136 0.666115 4.531268
v -1.241134 0.689412 5.293450
v -1.235168 0.749137 4.876101
v -0.908592 0.611568 5.082596
v -1.231873 0.698033 4.876805
v -1.246198 0.767923 5.292368
v -1.139530 0.843541 5.475357
v -1.007066 0.931589 5.420572
v -0.986108 0.605151 5.424793
v -1.125962 0.633168 5.478255
v -0.888841 0.674183 5.823661
v -0.187186 1.080545 5.156734
v -0.094721 0.702377 5.123395
v -0.229373 1.097010 5.069900
v -0.165580 0.697328 5.088602
v -0.040809 1.073418 4.962268
v -0.282387 1.058075 4.979543
v -0.154438 1.070302 5.268105
v 2.104600 1.262786 5.222601
v 2.122337 1.283718 5.231963
v 2.099192 1.257537 4.975018
v 2.096475 1.299652 4.974437
v -2.411950 0.966019 4.964386
v -2.438822 0.985897 4.968067
v -2.412798 0.969969 5.225613
v -2.415515 1.012093 5.225033
v -2.428878 0.986941 4.997320
v -2.429505 0.989583 5.192020
v 2.112466 1.282679 5.202691
v 2.123153 1.280283 4.978768
v -0.403108 1.092562 4.951681
v -0.404675 1.116865 4.951346
v -0.407198 1.145186 5.247171
v -0.404063 1.096580 5.247840
v 0.089833 1.128451 5.249001
v 0.088266 1.152754 5.248666
v 0.087654 1.173039 4.952171
v 0.090789 1.124434 4.952840
v -0.368721 1.123775 5.284632
v -0.367529 1.118752 4.914393
v 0.051117 1.150867 5.285618
v 0.052311 1.145844 4.915380
v -0.147845 0.699802 5.181797
v -0.203818 0.694098 5.030345
v -3.019771 0.112316 -0.640081
v -2.932777 0.410346 -0.978179
v 1.745461 0.468383 1.916485
v 1.708745 1.037614 1.908644
v 1.589680 1.254998 1.481593
v 1.616636 1.172774 1.521306
v 0.405595 1.249253 0.741335
v 0.200256 1.237943 1.068419
v -0.985785 1.304280 -0.190608
v -1.556433 1.053714 -0.620851
v -0.316265 0.205580 0.715439
v 1.546965 1.400745 1.409078
v 0.098545 1.523756 0.550436
v 1.014454 1.393484 1.128054
v 0.070526 1.539153 0.833761
v 0.200252 1.251651 1.069079
v -0.949821 1.175569 0.329095
v -0.703589 1.467354 0.339362
v -0.713990 1.469397 0.338827
v 0.059816 1.526019 0.826134
v 0.058249 1.524969 0.823141
v 0.190897 1.262160 1.036960
v 0.185932 1.263530 1.027996
v -1.149894 0.943644 0.456466
v -0.968053 0.395123 0.538317
v -0.980734 0.405488 0.557250
v -0.986983 0.404942 0.546876
v 0.063577 0.991682 1.211068
v -1.012278 0.895131 0.550528
v -1.001197 0.908999 0.531238
v -1.018788 0.896786 0.519868
v -1.011570 0.897568 0.549097
v 0.086551 0.984262 1.216128
v 0.067576 0.993581 1.204465
v 0.068330 0.983097 1.224825
v 0.118716 0.485571 1.222998
v 0.100488 0.484515 1.231692
v 0.101126 0.473358 1.211629
v -0.968523 0.382748 0.511074
v -0.966428 0.385800 0.514616
v -0.987046 0.404659 0.526648
v -0.997215 0.395770 0.493410
v -0.454858 0.960529 0.848985
v -0.996961 0.907446 0.524692
v -0.998471 0.914383 0.512911
v -1.029945 0.903332 0.486421
v 0.120668 0.994252 1.211197
v 0.080939 0.997286 1.192789
v 0.153843 0.479996 1.218285
v 0.110390 0.471996 1.201517
v -1.002786 0.920657 0.503935
v 0.091266 1.007239 1.193086
v 0.126712 0.462661 1.200789
v 1.528091 1.192794 1.358535
v 0.564541 1.388032 0.771547
v 0.592193 1.389593 0.776243
v 0.599062 1.233808 0.782603
v 1.497298 1.143215 1.379722
v 0.141685 1.625279 0.804235
v -4.861378 -0.154303 2.379954
v 0.756202 1.319701 0.830821
v 0.768375 1.353149 0.866562
v 0.693251 1.349268 0.788305
v 0.744419 1.389808 0.846943
v 0.673877 1.396183 0.807865
v 0.623301 1.316684 0.770344
v 0.648599 1.237941 0.785065
v 0.713076 1.210634 0.827329
v 0.775946 1.266965 0.862648
v 0.800455 1.354514 0.815462
v 0.771495 1.390960 0.803814
v 0.705488 1.397529 0.757513
v 0.651630 1.317890 0.725220
v 0.677776 1.239182 0.738589
v 0.744518 1.211972 0.777246
v -1.502394 1.146154 -0.626150
v -0.871889 1.284136 -0.360734
v 0.802297 1.268086 0.820673
v -2.613562 0.995296 -0.932811
v -2.541970 1.120618 -0.884518
v -2.372533 1.069221 -0.779520
v -2.310229 1.071873 -0.878763
v 0.987017 1.256510 0.935956
v 0.939370 1.226170 0.901983
v 0.877466 1.253938 0.866613
v 0.853353 1.322889 0.847057
v 0.871706 1.387864 0.866096
v 0.943150 1.414733 0.910068
v 1.012341 1.345974 0.945678
v 0.977942 1.344510 1.000472
v 0.960329 1.255374 0.978467
v 0.948332 1.283797 0.897905
v 0.909756 1.224910 0.949154
v 0.850329 1.252783 0.909840
v 0.820581 1.321494 0.899259
v 0.913355 1.340480 0.878116
v 0.844137 1.386691 0.910009
v 0.914143 1.413498 0.956272
v 0.951455 1.358952 0.916885
v 0.933923 1.333529 0.995501
v 0.844637 1.305589 0.938701
v 1.008439 1.353944 0.983079
v 0.880245 1.214266 0.889968
v 0.840636 1.396566 0.885319
v 1.204422 1.272148 1.064668
v 1.155196 1.209196 1.034673
v 1.069520 1.230921 0.980090
v 1.046494 1.312149 0.972164
v 1.074947 1.370483 0.995711
v 1.143596 1.389030 1.032196
v 1.170361 1.270699 1.118924
v 1.123467 1.207846 1.085214
v 1.036551 1.229518 1.032605
v 1.017450 1.310913 1.018429
v 1.049617 1.369405 1.036059
v 1.111868 1.387680 1.082736
v 1.162339 1.317958 1.010882
v 1.127349 1.315226 1.116444
v 1.038797 1.276106 1.059806
v 1.148114 1.401443 1.075333
v 1.146756 1.185686 1.063994
v 1.022800 1.344387 0.985694
v 1.201367 1.341650 1.069684
v 1.401636 1.268704 1.197248
v 1.403597 1.234254 1.193787
v 1.334198 1.186183 1.149458
v 1.280697 1.206016 1.119718
v 1.252577 1.282296 1.096756
v 1.264199 1.337936 1.107919
v 1.373533 1.359706 1.178326
v 1.407062 1.304242 1.199861
v 1.375553 1.267594 1.238796
v 1.374118 1.233000 1.240742
v 1.363533 1.273550 1.203894
v 1.305191 1.184949 1.195663
v 1.254676 1.204908 1.161166
v 1.219943 1.280908 1.148739
v 1.312856 1.260199 1.112686
v 1.233708 1.336638 1.156488
v 1.344109 1.358453 1.225194
v 1.379410 1.303066 1.243907
v 1.321553 1.326144 1.185411
v 1.324708 1.312236 1.240264
v 1.251763 1.245938 1.192698
v 1.322692 1.165161 1.173897
v 1.230927 1.338268 1.118194
v 1.307415 1.377819 1.136511
v 1.391365 1.350082 1.224669
v 1.277280 1.376537 1.184512
v 1.544359 1.192876 1.284919
v 1.510910 1.172714 1.262967
v 1.461968 1.185817 1.232707
v 1.434827 1.243518 1.215433
v 1.471067 1.314980 1.231480
v 1.532419 1.311472 1.278097
v 1.564062 1.253255 1.296194
v 1.540565 1.252256 1.333622
v 1.523299 1.191980 1.318465
v 1.489478 1.171801 1.297107
v 1.440639 1.184909 1.266681
v 1.411899 1.242542 1.251956
v 1.455463 1.279864 1.269467
v 1.440385 1.313674 1.280353
v 1.509114 1.310480 1.315220
v 1.507457 1.281520 1.320633
v 1.477476 1.287913 1.318376
v 1.454113 1.204154 1.301471
v 1.542156 1.179390 1.305518
v 1.417356 1.204617 1.227283
v 1.495477 1.335756 1.283306
v -1.521772 1.062562 -0.623304
v -1.475794 1.141203 -0.627810
v 0.722674 1.342064 0.863109
v 0.704650 1.258549 0.849562
v 0.643406 1.307046 0.812409
v 0.790301 1.229420 0.839960
v 0.632771 1.257137 0.744987
v 0.699929 1.421565 0.759877
v 0.738222 1.417623 0.843622
v -2.204343 0.900625 -1.032478
v -1.573919 1.043449 -0.632887
v -0.300482 0.130949 0.723354
v 0.318594 -0.145736 0.977065
v -0.143277 -0.179533 0.686204
v 0.246636 -0.155869 0.578403
v 0.131435 -0.160771 0.761905
v 0.103116 -0.433447 0.608864
v 0.355118 -0.635225 0.652025
v 0.260959 -0.631782 0.810157
v 0.110385 -0.546150 0.610417
v -0.436114 -0.472903 0.269286
v -0.385448 -0.527508 0.176660
v -0.473277 -0.581384 0.371034
v -0.524852 -0.489630 0.314809
v -0.492219 -0.534625 0.159980
v -0.555230 -0.584710 0.303533
v -0.294199 -0.462519 0.358656
v -0.454525 -0.581484 0.142811
v -0.764668 0.147622 0.207578
v -0.774764 0.161964 0.073646
v -0.649467 0.152525 0.024077
v 0.024991 1.465201 1.855981
v -1.565663 1.414800 0.738784
v -1.675309 1.320131 0.923895
v -0.021059 1.364620 1.940793
v -1.689602 1.144095 0.967046
v -0.012088 1.225530 1.942708
v -1.631619 0.988474 0.893053
v 0.046649 1.129408 1.860606
v -1.535325 0.944428 0.745263
v 0.120745 1.132561 1.742580
v -1.457128 1.037759 0.610246
v 0.166795 1.233142 1.657768
v -1.442835 1.213795 0.567096
v 0.157824 1.372233 1.655852
v -1.500818 1.369416 0.641087
v -1.602528 1.268030 0.853004
v -1.557064 1.307278 0.776243
v -1.616559 1.177336 0.885819
v -1.590937 1.088327 0.855475
v -1.540670 1.053141 0.779748
v -1.495203 1.092398 0.702989
v -1.481172 1.183096 0.670170
v -1.506794 1.272105 0.700514
v 0.093075 1.302375 1.878098
v 0.146065 1.263187 1.798505
v 0.180212 1.425184 1.811856
v -0.709092 1.426819 1.427355
v -0.849692 1.398930 1.140464
v -0.923633 1.411121 1.292248
v -1.537799 1.207367 1.007125
v -0.875789 1.103263 1.341278
v -0.741413 1.113096 1.425901
v -0.902130 1.059983 1.263116
v -0.828034 1.063136 1.145090
v -0.821878 1.481667 1.139085
v -0.647384 1.492110 1.249560
v -0.777737 0.939005 1.354236
v -0.831038 0.952635 1.274705
v -0.684971 0.963323 1.366690
v -0.782771 1.040374 1.156638
v -0.608650 1.053115 1.266291
v -0.458349 0.576942 0.889137
v -0.377779 0.677941 0.943275
v -0.552683 0.668689 0.834459
v -1.492934 1.369424 0.907893
v -1.543136 1.259784 1.000337
v -1.533357 1.108170 1.002426
v -1.469321 1.003390 0.912938
v -1.388564 1.006829 0.784277
v -1.338361 1.116467 0.691831
v -1.348138 1.268084 0.689743
v -1.538369 1.448561 0.921453
v -1.452358 1.351394 0.953642
v -1.655763 1.362822 0.887897
v -1.610929 1.290082 1.055083
v -1.699687 1.283587 0.999187
v -1.693410 1.203131 0.966232
v -1.596794 1.070928 1.058101
v -1.685552 1.064433 1.002206
v -1.656549 1.029273 0.927901
v -1.504243 0.919475 0.928742
v -1.415315 1.007930 0.915231
v -1.566774 0.943090 0.795358
v -1.387499 0.924445 0.742775
v -1.476258 0.917950 0.686879
v -1.476674 0.995068 0.646244
v -1.314939 1.082923 0.609144
v -1.403702 1.076428 0.553246
v -1.439027 1.154759 0.567909
v -1.329074 1.302078 0.606125
v -1.417837 1.295583 0.550227
v -1.475888 1.328618 0.606239
v -1.421622 1.453530 0.735488
v -1.510384 1.447035 0.679590
v -0.680145 1.896506 1.205645
v -0.879445 1.909867 1.217750
v -0.762320 1.919875 1.408558
v -0.785827 1.888773 1.139092
v -0.934370 1.907096 1.300201
v -0.728338 1.815173 1.173988
v -0.708701 1.644141 1.162679
v -0.535708 2.165167 0.688926
v -0.537141 2.053038 0.685031
v -0.357184 2.176574 0.681136
v -0.335358 2.065963 0.678530
v -0.319600 2.155685 0.343660
v -0.187015 2.128046 0.426157
v -0.259131 2.124977 0.541030
v -0.329270 2.108049 0.656772
v 0.479866 2.178771 1.025738
v 0.418839 2.190579 1.123379
v 0.461638 2.136979 1.073957
v -0.046544 2.140532 0.674906
v 0.166043 2.156088 0.808782
v -2.507087 0.791682 -0.398531
v -1.293827 0.976497 0.368943
v -1.753557 0.689394 0.428629
v -2.357664 0.623884 0.048032
v -2.572827 0.178172 -0.387791
v -2.521942 0.697493 -0.443425
v -2.387599 0.550598 -0.033463
v -2.540396 0.275298 -0.031390
v -2.520639 0.176975 -0.441076
v -1.178175 0.276176 0.403948
v -1.650746 0.381789 0.504499
v -2.465884 0.304294 -0.011168
v -2.268916 0.503266 0.372401
v -2.317149 0.261142 0.390048
v -1.825688 0.704446 0.461984
v -2.338914 0.648386 0.138053
v -1.989321 0.690476 0.846546
v -2.451971 0.639371 0.554496
v -1.778578 0.635338 0.465730
v -2.487510 0.561637 0.554210
v -1.958258 0.619965 0.888028
v -1.291001 0.936141 0.369071
v -2.504678 0.752294 -0.397778
v -2.354817 0.583519 0.048110
v -1.750883 0.649444 0.429016
v -2.452453 0.313385 0.016626
v -2.387306 0.595025 0.065049
v -2.552577 0.275187 0.516288
v -2.517960 0.584641 0.546288
v -2.504776 0.206089 -0.417788
v -2.540670 0.762573 -0.425453
v -2.455412 0.320877 -0.030193
v -2.391977 0.595115 0.016958
v 1.219972 1.133997 1.955987
v 0.289849 1.124631 1.372500
v 0.848365 0.885179 2.072095
v 0.270402 0.833066 1.706687
v 1.240702 1.088536 1.957675
v 0.262919 1.077656 1.343539
v 0.271615 0.807911 1.707811
v 0.850118 0.858703 2.072347
v 1.240993 1.116500 1.955199
v 0.266412 1.096681 1.333988
v -2.496220 0.329043 0.028640
v -2.439324 0.575045 0.070934
v -2.583680 0.295677 0.465100
v -2.553451 0.565975 0.491302
v -2.794009 0.724630 -0.844713
v -2.583027 0.733609 -1.180783
v -2.848274 0.468331 -0.983230
v -2.681161 0.475443 -1.249423
v 1.745461 0.468383 1.916485
v 2.005102 0.677171 1.479930
v 1.780246 0.667602 1.838099
v 1.919993 0.972832 1.580724
v 1.947217 0.550740 1.586539
v 1.854079 0.546777 1.734897
v 1.826854 0.968869 1.729083
v 2.038900 0.713200 1.880060
v 2.074128 0.774477 1.846938
v 2.206138 0.569686 1.749594
v 2.050577 0.815754 1.755156
v 2.085775 0.987815 1.892138
v 2.208076 0.850879 1.940133
v 2.250502 0.682031 1.883913
v 2.290554 0.848802 1.743637
v 2.120240 0.866171 1.700118
v 2.109773 0.663176 1.740326
v 2.104922 0.858767 1.755026
v 0.088563 -0.387145 4.786408
v -0.179382 -0.405052 4.740999
v -0.290327 -0.403269 5.389940
v -0.447299 -0.416454 5.167759
v 0.245535 -0.373960 5.008589
v -4.352224 0.046161 2.431007
v -0.022381 -0.385362 5.435350
v -0.105047 -0.789192 5.266839
v -0.045834 -0.790145 4.920376
v 0.067601 -0.781841 4.991824
v -4.631678 -0.460967 2.242021
v -4.412333 -0.444918 2.380153
v 0.024608 -0.660810 5.159861
v 0.822535 0.866521 2.092892
v 0.252847 0.816503 1.733909
v 0.449607 0.845187 2.417658
v -0.065975 0.799170 2.092751
v 0.260878 0.834648 1.750270
v 0.798703 0.881832 2.089279
v -0.045551 0.817973 2.095164
v 0.440267 0.861343 2.401421
v 0.252848 0.816503 1.733909
v -0.065975 0.799170 2.092751
v 0.289973 1.011431 2.552141
v -0.083741 0.925291 2.308918
v 0.074968 0.453650 4.887845
v -0.154559 0.298063 4.711203
v 0.025679 0.308646 4.739837
v -0.159407 0.958824 2.277943
v 2.296083 0.357289 0.515171
v -1.497482 0.220518 -2.070848
v 2.261873 1.166991 0.379644
v -1.930301 0.620622 -2.121756
v 2.252440 0.368501 0.515413
v -1.963190 0.061035 -2.066608
v 2.030417 1.157344 0.847072
v -1.406695 1.085112 -0.854121
v -0.072747 0.381346 -1.188939
v -0.201613 1.040090 -1.235414
v -0.729804 1.180580 -0.426624
v -0.958361 0.157114 0.311042
v 1.143722 0.287374 -0.182799
v 1.248414 0.439641 -0.349347
v 1.204338 1.131126 -0.359388
v 2.252439 0.368501 0.515413
v 2.145113 1.157980 0.567709
v -1.986512 0.789872 -2.132684
v -0.140714 0.190508 -0.991745
v -0.170855 1.190162 -0.972510
v 1.023553 1.275571 -0.228635
v 1.143722 0.287374 -0.182799
v -0.077563 1.508876 -0.761373
v 0.776641 1.597278 -0.221992
v -0.200087 1.176803 -1.008682
v -0.257613 1.641019 -0.627596
v -0.269737 0.444594 -1.686418
v -0.354740 0.739593 -1.731707
v -0.954297 0.631470 -2.147562
v -1.089743 0.362858 -2.203202
v 1.988788 0.760437 -0.611708
v 1.175007 1.035884 -0.613954
v 1.430957 0.302056 -0.357385
v 0.062511 0.704748 -2.278915
v 0.223351 0.578925 -2.408368
v -0.444264 0.663226 -2.330977
v -0.656996 0.349571 -2.526190
v 2.347862 1.061822 -0.634601
v 2.471181 0.485006 -0.713765
v 1.765855 0.512475 -1.015130
v -0.037708 0.810938 -2.322446
v 0.069469 0.291060 -2.236789
v -0.489836 0.653584 -2.619379
v -0.114243 0.588306 -2.790484
v 2.444388 0.443363 -0.745694
v 0.075568 0.696865 -4.790038
v 0.182505 0.103545 -4.815409
v -0.122712 0.681269 -4.826246
v -0.333023 0.139979 -5.056292
v 4.647227 -0.143431 -1.936314
v 4.132094 -0.054507 -2.263428
v 0.282989 0.706141 -5.259881
v 0.423036 0.082562 -5.168226
v 0.108921 0.693404 -5.369493
v 4.714596 0.543434 -2.477112
v 4.856556 -0.136462 -2.386083
v 4.543480 0.530913 -2.584871
v 4.472116 -0.164584 -2.628195
v 4.391368 0.946570 -2.413251
v -0.100217 1.095815 -5.195705
v 4.606960 0.955373 -2.244329
v 0.144098 1.121919 -5.076412
v -0.043537 -0.354286 -5.049416
v 0.035280 -0.347663 -4.937845
v -0.068523 0.082180 -4.822964
v 0.278557 0.070424 -5.372725
v 0.181544 -0.036722 -4.784600
v 4.539528 -0.532287 -2.145828
v 4.714537 -0.148391 -2.587099
v 4.854240 -0.242580 -2.381823
v 4.251813 -0.283554 -2.242037
v -0.117963 1.159550 -5.002814
v 4.319888 0.997273 -2.224493
v 4.437537 1.005881 -2.150408
v 0.152489 1.167459 -5.300010
v 4.616602 1.013499 -2.435646
v 4.673470 1.013834 -2.295345
v 4.420104 0.994056 -2.544814
v -0.184743 1.149015 -5.059945
v 0.225543 -0.339564 -5.240908
v 0.090989 -0.348552 -5.263718
v 0.148755 -0.395586 -4.968134
v 0.169832 -0.338671 -4.915042
v 0.019099 -0.405080 -5.049790
v 0.304367 -0.332943 -5.129338
v 0.225660 -0.310574 -4.952539
v 4.404867 -0.543597 -2.336390
v 4.662558 -0.553393 -2.457501
v 4.530299 -0.562232 -2.479917
v 4.685638 -0.603768 -2.346027
v 4.607793 -0.552515 -2.137181
v 4.730047 -0.521866 -2.281383
v -1.497482 0.220518 -2.070848
v -0.132982 0.193705 -1.004831
v -0.410008 0.157804 -2.571306
v -1.224745 1.125828 -1.149855
v -0.419763 1.096895 -0.624666
v -0.224177 1.164931 -1.001735
v -2.212809 0.903822 -1.758088
v -0.416903 1.188138 -0.691856
v -1.103325 1.018805 -1.346810
v -1.809012 0.845196 -1.932901
v -1.938737 0.826225 -1.737992
v -1.165630 1.016153 -1.247567
v -0.529565 0.647214 -2.659126
v 0.039543 0.755035 -2.243180
v 1.913384 0.965278 -1.061890
v 2.411124 0.959107 -0.752799
v -0.109416 0.686622 -4.850964
v 0.149990 0.707822 -4.826148
v 4.283000 0.519832 -2.169972
v 4.568594 0.536241 -2.033999
v 4.099237 0.454912 -2.270446
v -0.359318 0.539185 -5.045465
v -0.433982 0.159813 -2.571695
v -0.499452 0.774756 -2.580545
v 2.024518 0.409552 -1.033408
v -0.157753 0.049252 -4.934855
v 4.274246 -0.081923 -2.205107
v -0.360235 0.510157 -2.252427
v 2.432048 0.285748 -0.724939
v 0.133135 0.095657 -4.788787
v 4.454131 0.532353 -2.062207
v 4.531860 -0.219807 -1.966523
v -0.070188 0.055587 -4.817222
v -0.214669 0.043452 -5.021723
v 4.421485 -0.111376 -2.037694
v 4.603989 -0.105939 -2.033619
v -0.037318 0.341533 -2.307134
v 0.597189 1.186760 -6.008401
v 0.742412 1.340786 -5.861755
v 0.627712 1.440764 -5.750586
v 0.377715 1.172325 -5.675635
v 0.293016 1.098790 -5.792563
v 0.651714 1.104052 -5.748431
v 0.709855 1.437583 -5.113036
v 0.385290 1.298566 -5.667504
v 0.712578 1.126508 -5.397225
v 0.993108 1.171424 -5.513450
v 1.085026 1.201517 -5.109326
v 1.083670 1.375917 -5.123780
v 0.918024 1.465619 -5.123405
v 0.939060 1.139198 -5.118608
v 1.073845 1.374860 -5.111714
v 0.714605 1.411205 -4.841602
v 0.576468 1.292556 -4.765629
v 0.732952 1.126756 -4.837684
v 1.094926 1.201401 -5.121376
v 0.805863 1.372292 -4.381271
v 0.682394 1.455657 -4.492342
v 0.699926 1.140962 -4.490696
v 0.895143 1.218138 -4.567557
v 0.291637 1.291374 -4.052330
v 0.194703 1.382603 -4.415342
v 0.221927 1.059318 -4.386641
v 0.070536 1.327668 -4.063406
v 0.057359 1.420402 -4.222264
v 0.198355 1.424796 -4.391674
v -0.310588 1.143518 -4.544470
v 0.078701 1.093993 -4.217800
v 0.087408 1.132884 -4.070785
v -0.530695 1.138744 -4.211821
v -0.694231 1.268781 -4.362410
v -0.593118 1.379574 -4.476477
v -0.326231 1.142368 -4.554332
v -0.466549 1.066466 -4.582662
v -0.573670 1.042637 -4.469352
v -1.040718 1.193881 -4.891376
v -0.334299 1.267462 -4.556055
v -0.683354 1.100144 -4.360087
v -1.035655 1.115383 -4.890295
v -1.035864 1.239534 -5.100468
v -0.883111 1.349721 -5.103592
v -0.716501 1.369836 -5.250056
v -0.690889 0.972755 -5.244586
v -0.862040 1.023296 -5.099397
v -1.024608 1.065014 -5.098063
v -0.517406 1.148376 -5.456207
v -0.420199 1.091377 -6.057235
v -0.836074 1.222791 -5.654277
v -0.647037 1.352801 -5.734559
v -0.281455 1.365048 -5.737309
v -0.623331 0.985273 -5.729496
v -0.827644 1.092082 -5.652477
v -0.758577 1.251254 -5.843085
v -0.275883 1.055713 -5.781657
v -0.746799 1.068640 -5.840569
v -0.431379 1.264718 -6.059623
v -0.028348 1.308052 -6.151060
v -0.022171 1.390722 -6.004674
v -0.001406 1.064278 -6.000145
v -0.014779 1.097675 -6.148162
v -0.023055 1.292745 -6.160906
v -0.011478 1.113260 -6.158433
v 0.104329 1.126422 -5.172466
v 0.099078 1.127276 -5.085872
v 0.032318 1.124039 -5.008269
v -0.021321 1.118720 -5.143232
v -0.026575 1.119574 -5.056641
v -0.145617 1.479763 -5.192920
v -0.261708 1.584897 -5.205612
v -0.039156 1.490036 -4.945601
v -0.133316 1.619017 -4.878689
v 0.177051 1.519724 -5.351096
v 0.192403 1.576086 -5.342508
v 0.283368 1.530929 -5.035479
v 0.277493 1.622008 -5.036733
v -0.268846 1.514635 -5.181159
v -0.271981 1.563240 -5.181828
v -0.175914 1.548897 -4.900961
v -0.174347 1.524594 -4.900626
v 0.293630 1.552593 -5.059259
v 0.290496 1.601198 -5.059929
v 0.197565 1.566936 -5.340127
v 0.199132 1.542633 -5.339792
v -2.166717 1.404193 -4.519454
v -2.169486 1.447118 -4.520045
v -2.110656 1.432634 -4.282096
v -2.083395 1.413381 -4.272090
v 2.191066 1.668707 -5.720979
v 2.188297 1.711640 -5.721570
v 2.131753 1.682969 -5.973082
v 2.107667 1.660326 -5.968426
v 0.001949 1.505804 -5.059590
v -0.074584 1.527894 -5.147962
v 0.165454 1.472458 -5.255124
v -0.131807 1.457024 -4.983376
v 0.099339 1.539878 -5.092461
v 5.038412 0.958546 -3.226331
v 4.828628 1.086592 -3.303252
v 5.068936 1.212550 -2.968518
v 4.818938 0.944110 -2.893568
v 4.734240 0.870575 -3.010496
v 5.092938 0.875837 -2.966364
v 5.428947 1.138489 -2.742304
v 5.151076 1.209370 -2.330967
v 4.826515 1.070350 -2.885438
v 5.153803 0.898294 -2.615157
v 5.434332 0.943209 -2.731383
v 5.540996 1.018830 -2.548394
v 5.359247 1.237404 -2.341338
v 5.380284 0.910984 -2.336541
v 5.535933 1.097339 -2.549476
v 5.461521 1.153201 -1.940774
v 5.155829 1.182990 -2.059533
v 5.017696 1.064340 -1.983560
v 5.174176 0.898541 -2.055615
v 5.473299 0.970591 -1.938258
v 4.920483 1.121338 -1.382532
v 5.123617 1.227444 -1.710274
v 5.141149 0.912749 -1.708628
v 5.336368 0.989923 -1.785490
v 4.727074 1.042511 -1.297180
v 4.635927 1.154387 -1.633275
v 4.663150 0.831101 -1.604573
v 4.498584 1.192187 -1.440197
v 4.639577 1.196584 -1.609608
v 4.130635 0.915302 -1.762403
v 4.519927 0.865779 -1.435733
v 4.528633 0.904667 -1.288715
v 3.910527 0.910527 -1.429752
v 3.746994 1.040565 -1.580343
v 3.848105 1.151359 -1.694410
v 4.114990 0.914154 -1.772262
v 3.974675 0.838251 -1.800594
v 3.867553 0.814422 -1.687285
v 3.415256 1.011196 -2.330442
v 4.106922 1.039245 -1.773986
v 3.757870 0.871929 -1.578019
v 3.426435 0.837861 -2.328054
v 3.405360 1.011318 -2.318400
v 3.558114 1.121508 -2.321525
v 3.724723 1.141619 -2.467988
v 3.750333 0.744543 -2.462519
v 3.579184 0.795082 -2.317329
v 3.416615 0.836799 -2.315996
v 3.923812 0.920164 -2.674144
v 3.605147 0.994577 -2.872212
v 3.794187 1.124587 -2.952491
v 4.159768 1.136834 -2.955240
v 3.817892 0.757060 -2.947429
v 3.613578 0.863865 -2.870411
v 4.208653 0.921338 -3.387431
v 3.834129 0.964871 -3.198701
v 4.165339 0.827499 -2.999589
v 3.837424 0.913767 -3.197998
v 4.203589 0.999849 -3.388512
v 4.412879 1.079835 -3.368989
v 4.419052 1.162508 -3.222607
v 4.439817 0.836062 -3.218078
v 4.426448 0.869462 -3.366091
v 4.839504 0.917964 -3.300930
v 4.534525 1.281486 -2.364404
v 4.553820 0.900205 -2.281193
v 4.437616 1.295623 -2.364075
v 4.491806 0.895532 -2.330076
v 4.423301 1.263397 -2.148542
v 4.334162 1.254541 -2.374085
v 4.649264 1.274733 -2.383637
v 5.586092 1.410948 -0.323013
v 5.601729 1.431790 -0.310306
v 5.361000 1.396350 -0.220665
v 5.358283 1.438464 -0.221246
v 3.396621 1.213214 -4.287995
v 3.387770 1.233859 -4.313020
v 3.631305 1.227188 -4.401943
v 3.628588 1.269312 -4.402523
v 3.418402 1.235784 -4.316721
v 3.593328 1.245896 -4.401657
v 5.571112 1.429868 -0.306532
v 5.374249 1.418640 -0.199852
v 4.255752 1.290829 -2.469345
v 4.254185 1.315132 -2.469680
v 4.518698 1.354817 -2.599212
v 4.521832 1.306211 -2.598543
v 4.736898 1.326216 -2.153236
v 4.735331 1.350519 -2.153571
v 4.467682 1.359440 -2.024708
v 4.470817 1.310834 -2.024038
v 4.569667 1.333937 -2.581650
v 4.237030 1.314708 -2.420137
v 4.752484 1.350943 -2.203116
v 4.419848 1.331713 -2.041602
v 4.583350 0.901147 -2.354450
v 4.422814 0.890993 -2.339345
v -1.892128 0.160305 -2.436286
v -2.952102 0.175540 -0.993226
v -2.165807 0.442984 -2.199872
v 2.472961 0.499343 0.757661
v 1.905041 0.480637 1.661656
v 2.427643 1.042823 0.766465
v 1.020167 1.275794 -0.237518
v 2.011411 1.191482 0.810385
v 0.813667 1.266619 0.091324
v -0.775871 1.551769 0.329099
v -0.082850 1.552497 -0.771461
v -1.408760 1.060001 -0.856088
v -0.776956 1.244956 -0.454505
v -0.631648 1.319351 -0.754708
v -1.261076 1.066283 -1.091319
v 0.501531 0.240383 -0.587216
v 0.517315 0.165752 -0.579301
v 1.907465 1.416087 0.834843
v 1.772322 1.369204 1.149230
v 0.671512 1.425926 0.459666
v 0.514777 1.525872 -0.082029
v 1.423092 1.410875 0.477141
v 0.744178 1.567822 -0.239288
v 1.019333 1.286509 -0.235621
v -0.145093 1.209816 -0.952743
v -0.035786 1.495774 -0.724370
v -0.040840 1.498044 -0.733422
v 0.732970 1.554666 -0.246123
v 0.729620 1.553541 -0.246275
v 0.986099 1.296001 -0.229705
v 0.975838 1.297146 -0.230233
v -0.111869 0.987819 -1.196988
v 0.054082 0.438622 -1.089825
v 1.134539 0.528241 -0.435746
v 0.053318 0.449214 -1.110203
v 1.093961 1.035532 -0.430214
v 0.033816 0.939650 -1.115779
v 0.020937 0.952498 -1.096904
v 0.003347 0.940285 -1.108273
v 0.032777 0.942012 -1.114428
v 1.108685 1.027761 -0.412014
v 1.089710 1.037080 -0.423677
v 1.108617 1.027368 -0.432233
v 1.140851 0.529070 -0.405144
v 1.140775 0.528786 -0.425365
v 1.123260 0.516857 -0.416513
v 0.039365 0.432361 -1.079050
v 0.035089 0.448158 -1.101494
v 0.000960 0.438249 -1.096568
v 0.543317 1.003008 -0.740992
v 0.016924 0.950593 -1.090310
v 0.005497 0.957109 -1.086292
v -0.031771 0.945812 -1.103554
v 1.118843 1.036731 -0.378781
v 1.084922 1.040012 -0.406440
v 1.152018 0.522475 -0.371692
v 1.120512 0.511471 -0.398201
v 0.030904 0.424625 -1.078133
v -0.004612 0.963136 -1.086041
v 1.089441 1.049718 -0.396892
v 1.126302 0.506088 -0.388275
v 1.858761 1.206866 0.831815
v 1.550912 1.298918 1.397593
v 0.904884 1.297982 0.219878
v 0.922863 1.403666 0.249524
v 0.870879 1.246076 0.253190
v 0.730904 1.682901 -0.133845
v 0.031932 0.053942 -5.414522
v 1.044998 1.331992 0.370802
v 1.081660 1.366482 0.367535
v 0.978639 1.361413 0.333715
v 1.052700 1.402927 0.355887
v 0.986693 1.409496 0.309586
v 0.932835 1.329857 0.277293
v 0.958981 1.251149 0.290662
v 1.025722 1.223939 0.329319
v 1.083502 1.280054 0.372747
v 1.049580 1.365116 0.418635
v 1.025624 1.401775 0.399017
v 0.955082 1.408151 0.359939
v 0.982948 1.406830 0.368164
v 0.705001 1.404973 0.766639
v 0.904506 1.328652 0.322417
v 0.663070 1.254552 0.736297
v 0.929804 1.249908 0.337138
v 1.068499 1.266566 0.418125
v 0.994281 1.222601 0.379402
v 0.804175 1.261197 0.825059
v -1.244569 1.157126 -1.036835
v -1.373491 1.151646 -0.831498
v -0.734773 1.289971 -0.579144
v 1.057150 1.278932 0.414721
v -2.000215 1.021398 -1.909801
v -1.928623 1.146720 -1.861508
v -1.759186 1.095323 -1.756510
v -1.821490 1.092672 -1.657267
v 1.266226 1.328587 0.543913
v 1.241534 1.267342 0.530540
v 0.936337 1.229947 0.907194
v 1.157966 1.239031 0.473556
v 1.190961 1.236877 0.501227
v 1.131533 1.264750 0.461913
v 0.855149 1.383128 0.860317
v 1.101786 1.333461 0.451332
v 1.125342 1.398658 0.462082
v 1.195348 1.425466 0.508346
v 1.007755 1.340614 0.954987
v 1.259146 1.356477 0.552545
v 1.293546 1.357941 0.497751
v 1.268222 1.268477 0.488029
v 1.189802 1.294073 0.513271
v 1.220575 1.238137 0.454056
v 1.158671 1.265905 0.418686
v 1.134558 1.334856 0.399130
v 1.155415 1.350782 0.492543
v 1.152911 1.399832 0.418169
v 1.224355 1.426700 0.462141
v 1.206438 1.369804 0.510727
v 1.270192 1.347840 0.459863
v 1.180906 1.319900 0.403063
v 1.296377 1.317457 0.535237
v 1.136940 1.223918 0.463974
v 1.192739 1.443611 0.472975
v 1.113476 1.306666 0.391644
v 1.197623 1.295402 1.072976
v 1.451566 1.282666 0.670997
v 1.404672 1.219813 0.637287
v 1.428376 1.232247 0.643136
v 1.112852 1.202185 1.017267
v 1.317756 1.241485 0.584679
v 1.290753 1.329842 0.559345
v 1.298655 1.322880 0.570502
v 1.069018 1.391270 0.994801
v 1.330822 1.381372 0.588132
v 1.421511 1.386019 0.642935
v 1.393072 1.399647 0.634809
v 1.485627 1.284115 0.616741
v 1.436401 1.221164 0.586746
v 1.350725 1.242888 0.532163
v 1.327699 1.324116 0.524237
v 1.356152 1.382450 0.547785
v 1.424801 1.400997 0.584269
v 1.383747 1.327381 0.658205
v 1.463619 1.329536 0.580805
v 1.375067 1.290416 0.524168
v 1.433569 1.413592 0.620636
v 1.427961 1.197653 0.616067
v 1.299754 1.356173 0.544537
v 1.453081 1.352362 0.668732
v 1.656758 1.279561 0.790869
v 1.655323 1.244967 0.792816
v 1.586396 1.196916 0.747736
v 1.275487 1.203471 1.119402
v 1.505403 1.266519 0.692408
v 1.535881 1.216876 0.713239
v 1.501148 1.292875 0.700812
v 1.276067 1.350287 1.123689
v 1.514913 1.348605 0.708561
v 1.593327 1.382862 0.750715
v 1.625314 1.370421 0.777267
v 1.660615 1.315033 0.795980
v 1.656294 1.237672 0.786366
v 1.682841 1.280671 0.749321
v 1.684802 1.246221 0.745860
v 1.646053 1.285574 0.753872
v 1.615403 1.198151 0.701532
v 1.561901 1.217983 0.671791
v 1.533782 1.294264 0.648829
v 1.542234 1.269961 0.747314
v 1.545404 1.349903 0.659992
v 1.654738 1.371673 0.730399
v 1.688267 1.316210 0.751934
v 1.609894 1.338415 0.726117
v 1.588033 1.260249 0.657060
v 1.660977 1.326547 0.704625
v 1.514539 1.218142 0.676245
v 1.526921 1.389081 0.713213
v 1.558485 1.388504 0.736585
v 1.664125 1.207646 0.763172
v 1.671894 1.388709 0.744406
v 1.588620 1.389786 0.688584
v 1.563815 1.266855 1.301555
v 1.799567 1.203737 0.878402
v 1.798344 1.203668 0.875186
v 1.765746 1.183559 0.857043
v 1.716907 1.196666 0.826618
v 1.690225 1.229575 0.808001
v 1.688167 1.254299 0.811892
v 1.442837 1.291847 1.226274
v 1.716654 1.325431 0.840289
v 1.787233 1.327487 0.871518
v 1.785382 1.322237 0.875157
v 1.816833 1.264013 0.893558
v 1.840330 1.265013 0.856131
v 1.820627 1.204634 0.844855
v 1.787178 1.184471 0.822904
v 1.738236 1.197574 0.792644
v 1.711096 1.255275 0.775369
v 1.744907 1.292182 0.808416
v 1.747336 1.326737 0.791417
v 1.808688 1.323229 0.838033
v 1.813536 1.294545 0.833084
v 1.774949 1.217808 0.790416
v 1.798313 1.301567 0.807321
v 1.843075 1.248806 0.884576
v 1.734342 1.178691 0.813389
v 1.710658 1.330770 0.801615
v -1.385098 1.068379 -0.841010
v -1.248424 1.074195 -1.058715
v -1.373491 1.151646 -0.831498
v -1.234376 1.151477 -1.012360
v -1.349062 1.108898 -0.817304
v 1.040919 1.272860 0.313924
v 0.979675 1.321356 0.276771
v 1.058944 1.356375 0.327470
v 1.095173 1.302746 0.409954
v 0.960253 1.217271 0.322969
v 0.954215 1.432386 0.354830
v 0.924871 1.382395 0.275262
v -1.909694 0.913164 -1.501822
v -1.279269 1.055989 -1.102231
v -0.958075 0.152689 0.311103
v -0.265863 0.043277 0.742745
v -0.143277 -0.179533 0.686204
v 0.318594 -0.145736 0.977065
v 1.021576 -0.115820 -0.142705
v 0.559706 -0.149616 -0.433566
v 0.631665 -0.139483 -0.034904
v 0.746866 -0.134581 -0.218406
v 0.603346 -0.412158 -0.187945
v 0.756643 -0.618138 0.012443
v 0.857956 -0.606376 -0.140791
v 0.610615 -0.524861 -0.186392
v 0.064117 -0.451615 -0.527523
v 0.004085 -0.510931 -0.443821
v 0.170539 -0.515336 -0.590392
v 0.066906 -0.464447 -0.627793
v -0.057192 -0.516111 -0.532968
v 0.045832 -0.559131 -0.653889
v 0.206032 -0.441231 -0.438153
v -0.055127 -0.564487 -0.493383
v -0.149237 0.173813 -0.772732
v -0.274534 0.183252 -0.723163
v -0.264437 0.168911 -0.589231
v 1.646321 1.534200 -0.726610
v -0.049878 1.479307 -1.675686
v 0.071346 1.394463 -1.858325
v 1.705058 1.438078 -0.808712
v 0.108207 1.220604 -1.896656
v 1.714029 1.298988 -0.806796
v 0.070560 1.060914 -1.818320
v 1.667979 1.198406 -0.721984
v -0.019540 1.008935 -1.669207
v 1.593883 1.195253 -0.603958
v -0.109316 1.095118 -1.536663
v 1.535146 1.291375 -0.521856
v -0.146176 1.268977 -1.498332
v 1.526175 1.430465 -0.523772
v -0.108530 1.428668 -1.576667
v 0.040437 1.337950 -1.764049
v -0.009833 1.373124 -1.688317
v 0.066054 1.248942 -1.794390
v 0.052023 1.158246 -1.761571
v 0.006562 1.118990 -1.684818
v -0.043704 1.154169 -1.609082
v -0.069326 1.243180 -1.578737
v -0.055295 1.333877 -1.611557
v 1.548379 1.459029 -0.628179
v 1.654378 1.343624 -0.783065
v 1.651549 1.465098 -0.529175
v 0.942169 1.497092 -1.202913
v 0.623446 1.461622 -1.206074
v 0.727628 1.481393 -1.338019
v 0.208779 1.281696 -1.774972
v 0.799973 1.174579 -1.328018
v 0.934350 1.184411 -1.243395
v 0.719200 1.128982 -1.319475
v 0.645104 1.125828 -1.201449
v 0.657731 1.543069 -1.161973
v 0.831925 1.558159 -1.051562
v 0.858229 1.008627 -1.251668
v 0.763130 1.020478 -1.264621
v 0.909198 1.031166 -1.172636
v 0.675731 1.102444 -1.166588
v 0.849853 1.115184 -1.056935
v 0.587167 0.621436 -0.776249
v 0.668510 0.722468 -0.723342
v 0.494717 0.713263 -0.833928
v 0.135068 1.438707 -1.685326
v 0.199088 1.333927 -1.774824
v 0.208879 1.182313 -1.772732
v 0.158671 1.072675 -1.680287
v 0.077902 1.069238 -1.551634
v 0.013882 1.174015 -1.462134
v 0.004103 1.325631 -1.464221
v 0.125612 1.519375 -1.729077
v 0.036849 1.512880 -1.784974
v 0.046415 1.435261 -1.823477
v 0.218157 1.367922 -1.858440
v 0.129399 1.361428 -1.914335
v 0.104399 1.279640 -1.897469
v 0.232296 1.148768 -1.855420
v 0.143534 1.142274 -1.911317
v 0.090106 1.103605 -1.854318
v 0.159735 0.990290 -1.721790
v 0.184122 1.075997 -1.632488
v 0.011909 1.010274 -1.719302
v 0.042988 0.985322 -1.535825
v -0.045771 0.978827 -1.591721
v -0.084385 1.054320 -1.571511
v -0.049558 1.136773 -1.406461
v -0.138321 1.130278 -1.462359
v -0.142368 1.209940 -1.497519
v -0.063693 1.355928 -1.409479
v -0.152456 1.349433 -1.465378
v -0.128076 1.385976 -1.540669
v 0.008865 1.514407 -1.543111
v 0.094878 1.417239 -1.510922
v 0.743886 1.957108 -1.062672
v 0.667789 1.975713 -1.246815
v 0.889130 1.989932 -1.224486
v 0.638204 1.949375 -1.129225
v 0.717056 1.977530 -1.332848
v 0.696388 1.875805 -1.095435
v 0.698860 1.704043 -1.079404
v 0.335106 2.202226 -0.698179
v 0.333672 2.090097 -0.702075
v 0.405456 2.209029 -0.533661
v 0.415263 2.097907 -0.517121
v 0.118042 2.136954 -0.355511
v 0.251104 2.146691 -0.271715
v 0.323220 2.149760 -0.386588
v 0.397312 2.138970 -0.500588
v 1.079621 2.204295 0.070398
v 1.140690 2.221299 -0.026448
v 1.116104 2.164831 0.031468
v 0.535807 2.165315 -0.252712
v 0.748394 2.180871 -0.118835
v 0.258399 1.939470 0.214037
v 0.470986 1.955026 0.347914
v 0.356784 2.002682 0.277492
v -1.468074 0.835899 -2.053559
v -0.254038 1.020747 -1.287320
v -0.393335 0.747281 -1.738047
v -0.997076 0.681787 -2.119227
v -1.472241 0.225010 -2.140898
v -1.512680 0.740445 -2.051061
v -1.081691 0.606173 -2.113624
v -1.139653 0.334910 -2.262612
v -1.497482 0.220518 -2.070848
v -0.155390 0.319702 -1.225230
v -0.272931 0.440424 -1.690201
v -1.089743 0.362858 -2.203202
v -0.663594 0.571584 -2.184691
v -0.662862 0.331544 -2.245040
v -0.395041 0.765330 -1.816872
v -0.908477 0.709261 -2.140467
v -0.119697 0.770041 -2.131549
v -0.582560 0.718927 -2.423260
v -0.369519 0.695303 -1.778737
v -0.596403 0.642117 -2.458105
v -0.067151 0.700445 -2.124287
v -0.251723 0.980370 -1.286378
v -1.465401 0.796522 -2.053226
v -0.994797 0.641397 -2.118245
v -0.390863 0.707322 -1.737338
v -1.059101 0.372681 -2.202822
v -0.993955 0.654322 -2.154399
v -0.651946 0.356072 -2.511197
v -0.617329 0.665526 -2.481197
v -1.470320 0.250112 -2.065557
v -1.506212 0.806597 -2.073224
v -1.102713 0.378444 -2.184885
v -1.039278 0.652682 -2.137735
v 2.263985 1.178427 0.292994
v 1.334481 1.169087 -0.291478
v 2.212880 0.943248 -0.101420
v 1.633860 0.891091 -0.465143
v 2.275614 1.132579 0.309181
v 1.297830 1.121699 -0.304953
v 1.636004 0.865976 -0.465502
v 2.214507 0.916768 -0.100965
v 2.272839 1.160412 0.311588
v 1.290294 1.140254 -0.296937
v -1.067697 0.389837 -2.246832
v -1.010798 0.635839 -2.204542
v -0.712043 0.375328 -2.516202
v -0.681812 0.645626 -2.490004
v -1.992877 0.758724 -2.120825
v -2.203859 0.749745 -1.784754
v -2.135000 0.498685 -2.119393
v -2.302114 0.491574 -1.853201
v -2.181479 0.209849 -2.219312
v 2.472961 0.499343 0.757661
v 2.160304 0.871195 1.210935
v 2.187882 0.684950 1.188782
v 2.412738 0.694519 0.830614
v 2.234490 0.986217 1.079766
v 2.261714 0.564124 1.085580
v 2.354853 0.568088 0.937222
v 2.327628 0.990180 0.931408
v 2.430731 0.798331 1.084851
v 2.545551 0.758317 1.067006
v 2.520636 0.583070 1.248635
v 2.462101 0.778218 1.317316
v 2.586549 1.009126 1.094462
v 2.469907 0.856144 1.143685
v 2.686233 0.871228 1.178484
v 2.667731 0.659244 1.166731
v 2.596099 0.800903 1.321314
v 2.419325 0.837487 1.228522
v 2.551819 0.744755 1.028904
v 2.495438 0.752748 1.182886
v 4.356385 -0.205519 -2.011739
v 4.199416 -0.218704 -2.233920
v 4.735279 -0.189395 -2.615269
v 4.467332 -0.207302 -2.660680
v 4.624332 -0.187612 -1.966329
v 0.294490 0.243911 -4.970670
v 4.892251 -0.176210 -2.393089
v 4.714324 -0.584094 -2.409862
v 4.428225 -0.599743 -2.206281
v 4.541670 -0.591438 -2.134851
v 0.015037 -0.263218 -5.159658
v 0.234382 -0.247168 -5.021527
v 4.671323 -0.463060 -2.241819
v 2.220817 0.926028 -0.134409
v 1.651128 0.876009 -0.493390
v 2.351492 0.926125 -0.611827
v 1.835911 0.880109 -0.936734
v 1.668911 0.894570 -0.492564
v 2.206831 0.941758 -0.153708
v 1.846514 0.898494 -0.918676
v 2.332427 0.941867 -0.612570
v 1.651128 0.876009 -0.493390
v 1.835911 0.880108 -0.936734
v 2.399130 1.101190 -0.807502
v 2.019738 1.014809 -1.041681
v 4.421562 0.638628 -2.035778
v 4.166479 0.481954 -2.171711
v 4.270383 0.489287 -2.021486
v 1.958143 1.048941 -1.095070
v 1.434644 0.333698 1.818069
v 1.415949 0.357320 1.817277
v 1.434643 0.333698 1.818069
v -2.715516 0.029018 -0.868239
v -2.680674 0.075775 -0.832275
v -2.715516 0.029018 -0.868240
v 1.559213 1.191780 1.495398
v -2.545362 0.784493 -1.226218
v -2.574554 0.778036 -1.184338
v -2.387480 0.791212 -1.477702
v -2.387480 0.791212 -1.477702
v -1.178244 0.275202 0.404293
v -0.912190 1.105270 0.268473
v 0.058286 -0.169651 0.459791
v 0.085858 -0.165870 0.605178
v 0.434985 -0.142087 0.697016
v 0.292213 -0.150770 0.735130
v 0.044379 0.486111 1.358567
v 0.325925 0.252571 1.119857
v 0.325925 0.252571 1.119857
v 1.143722 0.287374 -0.182799
v 1.277091 1.128745 1.748842
v -2.560450 0.794218 -0.449580
v -2.795908 0.773831 -0.827126
v -3.025416 0.443475 -0.712619
v 0.530908 1.386620 0.726164
v -1.041865 1.111914 0.272067
v -0.316265 0.205580 0.715439
v -0.316265 0.205580 0.715439
v 0.183146 1.396653 0.978698
v -1.730881 0.681029 0.460326
v -2.137723 0.176085 0.331621
v -1.644584 0.371991 0.506246
v -2.484900 0.521167 0.554767
v -2.487510 0.561637 0.554210
v -1.955648 0.579495 0.888586
v -1.958258 0.619965 0.888028
v -2.363355 0.571505 0.096906
v -2.339683 0.648550 0.138412
v -1.778578 0.635338 0.465730
v -1.825610 0.704620 0.462635
v 0.968238 0.549666 2.151302
v -2.569292 0.266078 0.520009
v -2.206507 0.148811 0.621023
v 0.379391 0.389054 2.409377
v 0.534486 0.481174 2.485813
v -0.046069 0.415145 2.053811
v -0.158169 0.430594 2.049618
v -1.825762 0.343900 0.986753
v -2.360745 0.531035 0.097464
v -1.775968 0.594868 0.466288
v -2.054003 0.637126 0.901459
v -2.557233 0.658162 0.728399
v 0.338480 0.947022 2.529642
v 0.365395 0.313489 2.537258
v -0.098777 0.940243 2.097741
v -0.089734 0.247612 2.260948
v -4.363744 0.508386 2.141810
v -4.309054 0.512542 2.160556
v -4.223676 -0.115186 2.233449
v -4.291113 0.019474 2.163881
v -4.537797 0.495649 2.032212
v -4.394279 -0.096989 2.039633
v -4.368157 -0.127321 2.028948
v -4.448307 0.217344 2.240934
v -0.174780 -0.414233 4.763644
v -0.174599 -0.362338 4.773491
v -0.076587 0.016565 4.634562
v -0.109802 -0.310898 4.775117
v -0.210961 0.318286 4.797201
v 0.067824 -0.346136 4.814574
v 0.067823 -0.346139 4.814578
v 0.209842 -0.334211 5.015594
v -4.647374 0.480391 2.012210
v -4.473824 0.493133 2.124646
v -4.463266 -0.176844 2.637820
v -4.436304 -0.088594 2.132661
v -0.044121 -0.301548 5.370346
v -0.396006 -0.316148 5.202539
v -0.274983 -0.360721 5.360625
v -0.326815 0.799521 5.177177
v -0.060945 0.807379 4.885023
v -4.716900 -0.142165 2.584455
v -0.088890 -0.810873 4.975164
v -0.116417 -0.759987 4.921771
v -4.619713 -0.186274 1.954080
v -4.347122 -0.168056 2.000278
v -4.347122 -0.168056 2.000278
v -4.754270 0.016741 2.177822
v -4.187429 -0.154642 2.226310
v -4.462891 0.978308 2.184101
v -4.405005 0.978565 2.326819
v -4.645029 0.970559 2.474236
v -4.764692 0.961803 2.398875
v -4.557054 -0.521374 2.138535
v -4.421172 -0.537319 2.160778
v -4.612514 -0.520487 2.462656
v -4.611422 -0.545420 2.463830
v -4.690247 -0.552040 2.352261
v -4.476875 -0.536406 2.486654
v 0.015842 -0.751148 4.944185
v 0.015846 -0.751141 4.944177
v -0.213881 -0.737844 5.188659
v -0.171180 -0.759102 5.242085
v -0.248659 -0.765613 5.132416
v 0.093328 -0.744633 5.053845
v -0.038921 -0.750263 5.264500
v -4.368530 -0.568400 2.209240
v -0.218488 -0.797492 5.195396
v -0.191094 -0.676593 5.024024
v -0.838065 1.159288 -0.030958
v -2.466141 0.492433 -0.853884
v -2.552084 0.800123 -0.761002
v -2.422359 0.819093 -0.955911
v -1.654368 0.995354 -0.469063
v -1.778976 0.990051 -0.270577
v -1.778976 0.990051 -0.270577
v -2.212988 0.749064 0.988896
v -2.488832 0.078333 0.769583
v -0.097859 0.693081 2.436677
v -4.316148 -0.091031 2.047209
v -4.358537 -0.117985 2.005870
v -2.111322 0.105708 1.007300
v -4.986440 0.799661 1.476160
v -4.975057 0.928374 3.265160
v -5.007757 1.126068 1.471810
v -4.592820 1.168437 3.022555
v -4.981012 1.069713 2.845623
v -4.782350 0.860578 1.595187
v -5.297503 0.805598 2.292876
v -4.316690 1.178396 1.458562
v -3.760002 1.151106 2.832320
v -4.244569 1.197802 3.105874
v -4.370301 1.158482 1.605569
v -4.261415 1.100810 1.734165
v -5.129869 1.126158 2.815470
v -4.296215 0.841533 1.466334
v -3.807034 1.212068 1.938794
v -3.614639 1.001056 2.681353
v -5.184834 1.056423 3.188246
v -5.184838 1.056417 3.188231
v -4.223779 0.871363 3.110516
v -4.957298 0.945762 2.857197
v -4.066127 1.030970 2.636927
v -4.306194 0.878137 2.917151
v -4.056955 1.104441 1.391658
v -4.049510 0.988992 1.393248
v -4.056959 1.104439 1.391659
v -5.177395 0.941017 3.189820
v -3.786077 0.885630 1.943016
v -3.647418 0.989476 1.879776
v -3.546934 1.049301 2.071216
v -5.468944 1.094503 1.959428
v -5.445563 1.116026 2.638833
v -4.913677 0.824493 3.120413
v -5.168237 1.014464 1.944591
v -4.936651 1.161281 3.118905
v -4.675061 1.110301 1.250622
v -5.452081 0.833065 1.963029
v -5.424413 0.789610 2.643604
v -3.667182 1.184048 1.885332
v -4.572874 1.145508 3.328003
v -3.904892 0.924786 2.147762
v -4.800576 1.143158 1.591294
v -5.367259 1.110236 2.296804
v -4.661492 0.899927 1.253520
v -3.758394 0.898137 2.624141
v -3.782286 1.212366 2.618489
v -4.539359 0.929428 2.269436
v -4.688735 0.920553 2.324594
v -4.706844 0.919714 2.348993
v -4.501895 1.319813 2.044093
v -4.484235 1.366896 2.059603
v -4.479928 1.300121 2.060523
v -4.831969 1.299086 2.084894
v -4.815372 1.345118 2.029097
v -4.855309 1.410640 2.104020
v -4.488542 1.433672 2.058683
v -4.507769 1.410878 2.042839
v -4.467227 1.368998 2.553912
v -4.502178 1.303434 2.405280
v -4.437500 1.442715 2.476190
v -4.770858 1.286258 2.416356
v -4.799960 1.352908 2.522447
v -4.762152 1.346234 2.551732
v -4.804266 1.419684 2.521527
v -4.782300 1.399999 2.537964
v -4.526998 1.388097 2.026979
v -4.760333 1.380312 2.554399
v -5.050960 1.302487 0.037261
v -5.014630 1.304930 0.044569
v -4.821756 1.317042 0.020728
v -4.788330 1.340497 0.031651
v -4.269565 1.414873 4.537479
v -4.236077 1.421200 4.544405
v -4.462439 1.402762 4.561320
v -4.498631 1.421422 4.549734
v -4.687633 1.305107 2.328894
v -0.545216 0.571446 4.258228
v -0.123373 0.722224 6.122813
v -0.566533 0.897853 4.253878
v -0.151595 0.940222 5.804622
v -0.539789 0.841498 5.627689
v -0.341130 0.632364 4.377251
v -0.856278 0.577382 5.074943
v 0.124533 0.950181 4.240629
v 0.681222 0.922890 5.614389
v 0.196654 0.969587 5.887940
v 0.070923 0.930267 4.387637
v 0.179809 0.872595 4.516232
v -0.688645 0.897943 5.597537
v 0.145009 0.613320 4.248401
v 0.634190 0.983852 4.720862
v 0.865484 0.839200 4.858415
v -0.743608 0.828207 5.970311
v -0.743613 0.828201 5.970296
v 0.217445 0.643149 5.892583
v -0.516075 0.717547 5.639266
v 0.375099 0.802756 5.418997
v 0.135030 0.649919 5.699216
v 0.384267 0.876224 4.173727
v 0.391713 0.760778 4.175318
v 0.384265 0.876225 4.173725
v -0.736170 0.712803 5.971886
v 0.655148 0.657417 4.725084
v 0.879540 0.775555 5.074419
v -1.027719 0.866288 4.741495
v -1.004339 0.887812 5.420899
v -0.472453 0.596279 5.902480
v -0.727019 0.786245 4.726655
v -0.495427 0.933066 5.900972
v -0.233836 0.882085 4.032691
v -1.010857 0.604850 4.745096
v -0.983189 0.561395 5.425672
v 0.774045 0.955834 4.667400
v -0.131650 0.917293 6.110070
v 0.536332 0.696571 4.929829
v -0.359356 0.914940 4.373359
v -0.926035 0.882021 5.078870
v -0.220267 0.671712 4.035588
v 0.682830 0.669921 5.406207
v 0.658938 0.984150 5.400555
v -0.082823 1.107304 5.131011
v -0.130498 0.701332 5.212252
v -0.122397 1.083181 5.044735
v -0.112464 0.699995 5.030195
v -0.038457 0.705274 5.067447
v 0.086698 1.177057 5.248331
v 2.102075 1.301934 5.222062
v 2.113095 1.280037 5.007991
v -2.414719 1.008952 4.963795
v -2.439638 0.989331 5.221227
v -0.405631 1.120883 5.247506
v -0.384253 1.076776 5.266696
v 0.089221 1.148736 4.952503
v 0.073707 1.101748 4.934570
v -0.383179 1.072255 4.933497
v -0.363222 1.051976 4.915313
v -0.401683 1.126523 4.947630
v -0.371835 1.185527 4.913473
v -0.389055 1.163359 4.932242
v -0.406243 1.141168 4.951011
v -0.364415 1.056999 5.285552
v -0.364415 1.056999 5.285552
v -0.390129 1.167880 5.265441
v -0.402661 1.130638 5.250978
v -0.373028 1.190550 5.283712
v 0.055423 1.084092 5.286538
v 0.072633 1.106268 5.267769
v 0.085273 1.143096 5.252381
v 0.046810 1.217643 5.284698
v 0.046810 1.217643 5.284698
v 0.066758 1.197353 5.266515
v 0.056617 1.079069 4.916300
v 0.067833 1.192833 4.933315
v 0.048004 1.212620 4.914460
v 0.085029 1.157930 4.948773
v -2.701571 0.443866 -1.273181
v -2.881321 0.450861 -0.974076
v 1.708770 1.037615 1.908606
v 1.745461 0.468383 1.916485
v -0.750565 1.202875 -0.439062
v -0.776956 1.244956 -0.454506
v -0.750565 1.202875 -0.439062
v -0.924856 1.238662 -0.218919
v -2.230901 0.896697 -1.024022
v -2.072219 0.903450 -1.276785
v -2.072219 0.903450 -1.276785
v -0.613315 1.164497 -0.353923
v 1.939138 1.356517 0.819508
v 0.551369 1.430680 0.786758
v -0.931769 1.180011 0.329949
v 0.189244 1.262617 1.033971
v -0.921741 1.182478 0.330442
v -0.693187 1.465312 0.339891
v 0.050417 1.519723 0.808174
v -0.975322 0.396631 0.549685
v 0.089527 0.481951 1.229048
v -0.993232 0.404396 0.536503
v -0.987046 0.404659 0.526648
v -0.978931 0.400561 0.551224
v -0.968053 0.395123 0.538317
v 0.060582 0.989555 1.216062
v -1.011310 0.902565 0.544308
v -1.018725 0.897069 0.540097
v -1.024975 0.896523 0.529724
v -1.018788 0.896786 0.519868
v 0.060833 0.987431 1.219632
v 0.056293 0.982194 1.223696
v 0.080364 0.983999 1.225983
v 0.086551 0.984262 1.216128
v 0.093604 0.479041 1.226649
v 0.101126 0.473358 1.211629
v 0.112529 0.485307 1.232853
v 0.118716 0.485571 1.222998
v 0.088445 0.483722 1.230561
v -0.953070 0.407230 0.495671
v -0.984676 0.897721 0.488863
v 0.099794 0.983164 1.171460
v 0.131784 0.486612 1.178854
v 1.918661 1.155727 0.857828
v -4.837757 -0.265935 2.379945
v -4.892274 -0.197873 2.388241
v -1.365600 1.145571 -0.826706
v -1.439407 1.155564 -0.720452
v -1.302291 1.161399 -0.938862
v -1.408760 1.060001 -0.856088
v -1.395612 1.067609 -0.847631
v -2.434837 1.066570 -0.680276
v 1.047696 1.306597 1.033708
v 1.083474 1.240320 1.033499
v 1.117054 1.316290 1.083299
v 1.171876 1.340395 1.116659
v 1.418027 1.294735 1.211326
v 1.266667 1.273224 1.181738
v 1.475647 1.175035 1.243751
v 1.505591 1.235494 1.250733
v 0.083672 -0.177169 5.209861
v 0.088563 -0.387145 4.786408
v -0.311699 -0.206098 4.960879
v -0.290327 -0.403269 5.389940
v -4.483932 -0.576838 2.136584
v -1.385098 1.068379 -0.841010
v -1.521772 1.062562 -0.623304
v -1.475794 1.141203 -0.627810
v -1.355085 1.146340 -0.820085
v -1.355085 1.146340 -0.820085
v -1.349062 1.108898 -0.817304
v -1.477754 1.103422 -0.612314
v 0.718671 1.266633 0.750094
v 0.701918 1.292765 0.799408
v -0.265863 0.043277 0.742745
v 0.551934 0.078080 -0.559910
v 0.276603 -0.149479 0.901973
v -0.057510 -0.173927 0.691566
v 0.180949 -0.509502 0.528933
v 0.103116 -0.433447 0.608864
v 0.070865 -0.515468 0.703009
v 0.254058 -0.638211 0.807800
v 0.356450 -0.626678 0.657921
v 0.125599 -0.574702 0.619205
v 0.166037 -0.650594 0.642564
v 0.174072 -0.665673 0.647206
v 0.275019 -0.642619 0.711195
v -0.496145 -0.532219 0.352988
v -0.433324 -0.485735 0.169015
v -0.329691 -0.536624 0.206418
v -0.351799 -0.464970 0.450407
v -0.294199 -0.462519 0.358656
v -0.553849 -0.537097 0.269038
v -0.557422 -0.537399 0.263840
v -0.485994 -0.534210 0.160952
v -0.761994 0.145830 0.209209
v -0.646793 0.150733 0.025708
v -0.634023 0.134600 0.161271
v -0.027453 1.359930 1.817208
v 0.099087 1.468355 1.737955
v -1.479305 1.422082 0.863068
v -1.410413 1.357901 0.787352
v -1.484508 1.354748 0.905378
v -1.447855 1.423420 0.812973
v -1.412165 1.372862 0.779239
v -1.517348 1.324814 0.731745
v -1.597112 1.413461 0.788879
v -0.712285 1.383445 1.473253
v -0.677095 1.413828 1.413844
v 0.013657 1.209329 1.759714
v -0.655437 1.078034 1.418469
v -0.726992 0.998042 1.500036
v -0.581342 1.081187 1.300443
v -0.786626 1.151338 1.343679
v 0.144096 1.276703 1.683422
v -0.603000 1.416981 1.295818
v -0.407027 1.608852 0.940188
v -1.602530 1.268023 0.853001
v -1.557062 1.307288 0.776247
v -1.614574 1.118379 0.904013
v -1.616559 1.177333 0.885823
v -1.590937 1.088322 0.855482
v -1.540670 1.053141 0.779750
v -1.462521 1.124851 0.661808
v -1.495204 1.092397 0.702990
v -1.481172 1.183094 0.670170
v -1.506795 1.272106 0.700515
v -1.527550 1.303506 0.794675
v -1.559849 1.094730 0.870221
v -1.460510 1.140895 0.707113
v 0.089315 1.302300 1.970474
v 0.219041 1.211506 1.775027
v -1.537956 1.371442 0.962086
v -1.557501 1.328751 0.998084
v -0.958978 1.365394 1.317900
v -0.923788 1.395777 1.258490
v -1.534808 1.161003 1.007763
v -1.575602 1.211751 1.040422
v -1.571794 1.152715 1.041235
v -1.462850 1.018954 0.910003
v -1.538741 1.037893 1.002090
v -1.513811 0.997095 0.967242
v -0.936534 0.982710 1.368078
v -1.388754 1.022107 0.791977
v -1.448966 0.951710 0.869547
v -1.417517 0.953049 0.819452
v -0.695711 1.046745 1.211464
v -1.335464 1.169487 0.690231
v -1.358866 1.003688 0.720433
v -1.339320 1.046380 0.684435
v -1.338454 1.215850 0.689592
v -1.321219 1.163379 0.642098
v -1.325027 1.222415 0.641285
v -1.358080 1.337238 0.680429
v -1.383010 1.378036 0.715277
v -0.633826 1.592256 0.797362
v -0.551901 0.665200 0.833622
v -0.472878 0.773178 0.889407
v -0.378561 0.681430 0.944111
v -1.627001 1.431880 0.860423
v -1.532752 1.438777 0.919776
v -1.696794 1.279440 0.988963
v -1.602545 1.286336 1.048316
v -1.683197 1.068636 0.991867
v -1.588948 1.075533 1.051220
v -1.594176 0.922955 0.867433
v -1.499927 0.929851 0.926786
v -1.481877 0.927734 0.688555
v -1.387628 0.934631 0.747908
v -1.412084 1.080174 0.560015
v -1.317835 1.087070 0.619368
v -1.425681 1.290978 0.557111
v -1.331432 1.297874 0.616464
v -1.514702 1.436659 0.681544
v -1.420453 1.443556 0.740897
v -0.937282 1.907291 1.299780
v -0.761251 1.920007 1.409372
v -0.713076 1.922041 1.322520
v -0.828684 1.857975 1.128273
v -0.648928 1.871128 1.241474
v -0.562466 2.071922 0.725050
v -0.464097 2.061981 0.725712
v -0.340723 2.142772 0.682824
v -0.471567 2.172393 0.724745
v -0.320077 2.118309 0.342362
v -0.260441 2.179421 0.434843
v -0.250375 2.068133 0.438189
v -0.187015 2.128046 0.426157
v -0.259131 2.124977 0.541030
v 0.067658 2.092877 0.745328
v 0.166043 2.156088 0.808782
v 0.051841 2.203743 0.738360
v 0.466208 2.178419 1.024439
v 0.418054 2.176369 1.101142
v 0.441238 2.223019 1.083819
v -0.046544 2.140532 0.674906
v 0.372601 1.891815 0.284459
v 0.258399 1.939470 0.214037
v 0.372601 1.891815 0.284459
v 0.258399 1.939470 0.214037
v 0.470986 1.955026 0.347914
v 0.470986 1.955026 0.347914
v 0.356784 2.002682 0.277492
v -1.291001 0.936141 0.369071
v -2.504678 0.752294 -0.397778
v -2.354817 0.583519 0.048110
v -1.750883 0.649444 0.429016
v -2.504775 0.206084 -0.417801
v -2.467184 0.240055 -0.355658
v -2.540668 0.762574 -0.425467
v -2.499513 0.753354 -0.360885
v -2.455412 0.320872 -0.030192
v -2.522835 0.333236 -0.010831
v -2.391977 0.595116 0.016959
v -2.455726 0.588684 0.030092
v -2.452458 0.313384 0.016641
v -2.387312 0.595025 0.065063
v -2.552583 0.275187 0.516303
v -2.517966 0.584642 0.546302
v -2.452123 0.639523 0.553843
v -1.988625 0.690651 0.846186
v -2.312886 0.685816 0.179494
v -1.869517 0.734143 0.459126
v -2.414844 0.677661 0.555079
v -2.017097 0.721569 0.805957
v -1.288439 0.896423 0.369618
v -2.502117 0.712575 -0.397231
v -2.352255 0.543800 0.048657
v -1.748321 0.609725 0.429563
v -1.942999 0.358039 0.170533
v -2.537146 0.273977 0.522545
v -2.502529 0.583431 0.552545
v -2.492361 0.206254 -0.416731
v -2.528254 0.762745 -0.424397
v -2.877776 0.526700 0.044048
v 1.240702 1.088536 1.957675
v 0.262919 1.077656 1.343539
v 0.271615 0.807911 1.707811
v 0.850118 0.858703 2.072347
v 1.242399 1.062230 1.958037
v 0.264616 1.051350 1.343901
v 0.273312 0.781605 1.708173
v 0.851815 0.832397 2.072710
v -3.310379 0.585201 -0.131721
v -2.906193 0.528897 -0.020763
v -2.794019 0.724621 -0.844718
v -2.583037 0.733601 -1.180789
v -2.848274 0.468331 -0.983232
v -2.681161 0.475443 -1.249424
v -2.780283 0.712429 -0.848844
v -2.579427 0.720977 -1.168784
v -2.831933 0.468439 -0.980709
v -2.672842 0.475210 -1.234123
v -2.955666 0.230856 -0.991779
v -2.193981 0.423314 -2.223651
v 2.027890 0.861384 1.998746
v 2.039167 0.686548 2.001154
v 1.768969 0.842438 1.835691
v 1.765497 0.654871 1.862989
v 2.113000 0.565723 1.897952
v 2.264023 0.696117 1.642985
v 2.131284 0.667927 1.738620
v 2.033470 0.766036 1.424557
v 1.993825 0.852007 1.477522
v 2.252746 0.870953 1.640577
v 1.826723 1.034244 1.721689
v 2.178913 0.991778 1.743779
v 2.009869 0.770876 1.886454
v 2.131333 0.738499 1.765190
v -4.459990 -0.166242 2.660469
v -4.732581 -0.184460 2.614272
v -4.732581 -0.184460 2.614272
v -4.659566 -0.584321 2.416336
v -4.544161 -0.575872 2.488997
v 0.269812 0.843609 1.767029
v 0.261235 0.834657 1.750081
v 0.775209 0.887937 2.085497
v 0.798778 0.881828 2.088806
v -0.024224 0.827593 2.097976
v -0.045616 0.817977 2.095631
v 0.431267 0.868292 2.385017
v 0.439921 0.861338 2.401606
v 0.822535 0.866521 2.092892
v 0.449606 0.845187 2.417658
v 0.232221 0.958124 2.538903
v 0.283632 0.952129 2.537116
v 0.026234 0.393775 4.749433
v 0.033861 0.426231 4.742782
v -0.261641 0.410389 4.801979
v -0.017626 0.355408 4.830996
v 2.252439 0.368501 0.515413
v 2.243030 0.392518 0.499834
v -1.963190 0.061035 -2.066608
v -1.916788 0.108284 -2.049057
v -1.963190 0.061035 -2.066608
v 1.995519 1.210348 0.800412
v -2.229601 0.797931 -1.729188
v -0.155086 0.318744 -1.225478
v -0.261404 1.020256 -1.021566
v -0.140374 0.188967 -0.991573
v 0.631665 -0.139483 -0.034904
v 0.586088 -0.144582 -0.191631
v 0.792443 -0.129482 -0.061679
v 1.230544 0.536590 -0.530857
v 2.102486 1.163871 0.434081
v -1.537294 0.837760 -2.079350
v -1.979055 0.808594 -2.128280
v -1.967844 0.488482 -2.397210
v 0.851203 1.400250 0.215971
v 0.526732 0.159231 -0.573563
v 0.501531 0.240383 -0.587216
v 0.927048 1.428311 -0.206252
v -0.354740 0.739593 -1.731707
v -0.635381 0.240020 -2.061437
v -0.268443 0.430555 -1.685788
v -0.593793 0.601647 -2.457548
v -0.596403 0.642117 -2.458105
v -0.064541 0.659975 -2.123729
v -0.067151 0.700445 -2.124287
v -0.954297 0.631471 -2.147562
v -0.908493 0.709457 -2.141309
v -0.369519 0.695304 -1.778738
v -0.394425 0.765527 -1.817077
v 2.344379 0.608230 -0.040732
v -0.655647 0.347517 -2.528206
v -0.404128 0.225515 -2.249958
v 2.324473 0.471831 -0.688913
v 2.458510 0.563055 -0.578936
v 1.818751 0.494506 -0.916633
v 1.765855 0.512475 -1.015130
v 0.085977 0.425258 -2.058426
v -0.951686 0.591000 -2.147004
v -0.366909 0.654833 -1.778180
v -0.097112 0.720405 -2.215642
v -0.472247 0.746893 -2.592743
v 2.401520 1.034819 -0.756544
v 2.435317 0.401579 -0.759889
v 1.822745 1.022017 -0.963021
v 1.990249 0.336130 -1.052224
v 0.018039 0.694862 -4.837862
v 0.058596 0.698416 -4.796606
v 0.176439 0.072070 -4.775424
v 0.081250 0.205549 -4.800788
v -0.156004 0.682124 -4.947477
v -0.072658 0.086926 -4.844209
v -0.070187 0.055587 -4.817221
v 0.077491 0.409948 -4.968138
v 4.229716 -0.174904 -2.242074
v 4.138169 0.195932 -2.079057
v 4.258122 -0.125013 -2.182482
v 4.218877 0.506806 -2.259020
v 4.371735 -0.162975 -2.041057
v 4.371737 -0.162978 -2.041060
v 4.614161 -0.146776 -1.999975
v -0.221296 0.668752 -5.038020
v -0.044917 0.681614 -4.930089
v 0.444799 0.037729 -5.167739
v -0.007395 0.099887 -4.922078
v 4.822265 -0.094450 -2.381245
v 4.518534 -0.107000 -2.625754
v 4.471936 -0.216484 -2.638035
v 4.714540 -0.148382 -2.587109
v 4.498963 1.004891 -2.509728
v 4.351409 0.995155 -2.143346
v 0.278556 0.070426 -5.372729
v 4.459316 -0.617315 -2.269602
v 4.398059 -0.567865 -2.269267
v -0.245560 -0.000123 -5.013439
v -0.085868 0.013290 -4.787407
v -0.085868 0.013290 -4.787407
v -0.107555 0.214491 -5.223858
v 0.186723 0.031508 -4.741210
v 0.001689 1.168307 -4.927457
v 0.155325 1.172639 -4.937261
v 0.183836 1.176061 -5.217587
v 0.064169 1.167304 -5.292943
v -0.044212 -0.329321 -5.049901
v 0.035286 -0.347666 -4.937845
v 0.223411 -0.314684 -5.240412
v 0.225542 -0.339573 -5.240894
v 0.090991 -0.348566 -5.263698
v 0.304383 -0.332931 -5.129336
v 4.475540 -0.561357 -2.159597
v 4.475534 -0.561350 -2.159590
v 4.595385 -0.533177 -2.471944
v 4.662559 -0.553393 -2.457500
v 4.530300 -0.562235 -2.479912
v 4.607793 -0.552511 -2.137176
v 4.740040 -0.546885 -2.347831
v 0.102551 -0.378125 -4.912675
v 4.600880 -0.592394 -2.481299
v 4.455622 -0.478843 -2.377657
v -0.420208 1.177071 -0.696555
v -1.852963 0.518528 -1.830605
v -1.814129 0.831528 -1.936479
v -1.933620 0.839893 -1.734415
v -1.165630 1.016153 -1.247567
v -1.041021 1.021456 -1.446054
v -1.041021 1.021456 -1.446054
v -0.090236 0.839401 -2.392403
v -0.391509 0.168205 -2.571283
v 2.134187 0.788070 -1.118715
v -0.033489 0.126784 -4.778972
v -0.087002 0.063798 -4.798191
v -0.013984 0.194964 -2.333517
v -0.858962 0.975314 -5.098435
v 0.753289 1.172155 -5.859432
v -0.879998 1.301733 -5.103232
v 0.695359 1.393486 -5.400903
v 0.369646 1.297421 -5.677358
v -0.664528 1.035820 -4.964027
v -0.259201 1.020013 -5.732556
v -0.592649 1.336879 -4.473405
v 0.886712 1.348856 -4.569357
v 0.921102 1.417637 -5.122443
v -0.483154 1.323907 -4.586207
v -0.318656 1.268602 -4.546193
v 0.276412 1.356233 -5.796109
v -0.568647 1.000167 -4.471251
v 0.060470 1.376657 -4.221694
v 0.817641 1.189681 -4.378756
v 0.589746 1.302172 -6.009991
v 0.589730 1.302165 -6.009988
v 0.942172 1.091210 -5.118247
v 0.393359 1.173469 -5.665781
v 0.580586 1.228720 -4.764750
v 0.732109 1.092552 -5.108283
v -0.538141 1.254191 -4.213408
v -0.530694 1.138742 -4.211817
v -0.538141 1.254189 -4.213411
v 0.597173 1.186765 -6.008399
v 0.081236 1.050211 -4.217165
v 0.082112 1.148193 -4.060935
v 0.296700 1.212875 -4.051248
v -0.640865 1.299972 -5.731143
v -0.019638 1.346937 -6.004038
v 0.652183 1.061359 -5.745359
v -0.521523 1.212214 -5.457087
v 0.632736 1.398297 -5.752484
v -0.934041 1.269507 -4.708390
v -0.624002 1.038533 -5.727541
v 0.001705 1.020529 -5.999575
v 0.073839 1.343255 -4.073682
v 0.979539 1.381802 -5.516348
v 0.212929 1.100028 -4.411450
v -0.682754 1.318400 -4.967919
v -0.293327 1.326167 -5.785382
v -0.920472 1.059133 -4.705492
v 0.706099 1.088132 -4.487280
v 0.683064 1.402398 -4.494298
v 0.046424 1.124585 -5.035187
v 0.031328 1.121425 -5.193921
v 0.045437 1.121957 -5.220840
v -0.149517 1.505037 -4.888741
v -0.129009 1.552241 -4.877769
v -0.170752 1.539746 -4.898581
v -0.255835 1.493832 -5.204358
v -0.299951 1.537281 -5.163447
v -0.251451 1.606567 -5.229392
v -0.133316 1.619017 -4.878689
v -0.155391 1.596102 -4.889996
v 0.323298 1.572868 -5.076839
v 0.175881 1.502519 -5.046328
v 0.264489 1.642817 -5.013536
v 0.069420 1.492245 -5.293648
v 0.150661 1.563591 -5.363319
v 0.154968 1.496816 -5.362400
v 0.146354 1.630367 -5.364239
v 0.171176 1.610804 -5.352351
v -0.177482 1.573199 -4.901296
v 0.195997 1.591239 -5.340462
v -2.194361 1.424055 -4.512971
v -2.172042 1.425902 -4.483345
v -2.109917 1.432449 -4.298918
v -2.086112 1.455496 -4.272670
v 2.193694 1.689930 -5.757744
v 2.214339 1.695710 -5.730361
v 2.131568 1.683382 -5.942170
v 2.104950 1.702450 -5.969007
v 0.026430 1.505723 -5.180063
v 3.582262 0.747099 -2.316368
v 5.440524 0.959006 -2.739831
v 3.561225 1.073518 -2.321165
v 5.136583 1.165271 -2.618834
v 4.810870 1.069206 -2.895291
v 3.776691 0.807606 -2.181962
v 4.182022 0.791797 -2.950487
v 3.848575 1.108665 -1.691338
v 5.327936 1.120641 -1.787291
v 5.362325 1.189422 -2.340376
v 3.958071 1.095692 -1.804140
v 4.122568 1.040387 -1.764126
v 4.717636 1.128018 -3.014042
v 3.872576 0.771954 -1.689183
v 4.501696 1.148442 -1.439627
v 4.729581 1.003645 -1.296643
v 5.030969 1.073956 -3.227922
v 5.030952 1.073949 -3.227919
v 5.383396 0.862997 -2.336180
v 4.834584 0.945255 -2.883715
v 5.021813 1.000506 -1.982681
v 5.173330 0.864334 -2.326214
v 3.903084 1.025974 -1.431342
v 3.910530 0.910528 -1.429752
v 3.903081 1.025975 -1.431342
v 5.038396 0.958551 -3.226329
v 4.522461 0.821998 -1.435097
v 4.931663 0.948001 -1.380144
v 3.800359 1.071757 -2.949076
v 4.421586 1.118723 -3.221971
v 5.093407 0.833145 -2.963292
v 3.919695 0.983995 -2.675024
v 5.073960 1.170082 -2.970417
v 3.507184 1.041291 -1.926322
v 3.817222 0.810318 -2.945474
v 4.442929 0.792315 -3.217508
v 4.515064 1.115041 -1.291613
v 5.420763 1.153587 -2.734281
v 4.654152 0.871813 -1.629382
v 3.758465 1.090182 -2.185854
v 4.147895 1.097952 -3.003314
v 3.520753 0.830919 -1.923424
v 5.147322 0.859916 -1.705212
v 5.124287 1.174182 -1.712229
v 4.556112 1.304723 -2.258276
v 4.618271 0.903425 -2.351989
v 4.461819 1.278271 -2.257390
v 4.462266 0.894682 -2.256819
v 4.527856 0.899602 -2.206161
v 4.733763 1.374822 -2.153906
v 5.583567 1.450096 -0.323552
v 5.396186 1.419755 -0.221595
v 3.393852 1.256147 -4.288587
v 3.615219 1.247007 -4.423459
v 4.520266 1.330514 -2.598878
v 4.547897 1.286673 -2.589649
v 4.469247 1.335137 -2.024372
v 4.447488 1.287883 -2.032356
v 4.465067 1.325330 -2.025914
v 4.248539 1.269367 -2.444293
v 4.241337 1.247932 -2.419217
v 4.251909 1.324565 -2.465003
v 4.232723 1.381483 -2.421057
v 4.242663 1.360471 -2.445549
v 4.252617 1.339435 -2.470014
v 4.573974 1.267162 -2.580730
v 4.573974 1.267162 -2.580730
v 4.542022 1.377777 -2.590904
v 4.524447 1.340321 -2.597337
v 4.565360 1.400713 -2.582570
v 4.756790 1.284168 -2.202196
v 4.746846 1.305189 -2.177712
v 4.737606 1.341086 -2.158247
v 4.748177 1.417718 -2.204035
v 4.748177 1.417718 -2.204035
v 4.740972 1.396274 -2.178967
v 4.441613 1.378968 -2.033611
v 4.415542 1.398489 -2.042522
v 4.415542 1.398489 -2.042522
v -2.140712 0.482379 -2.153782
v 2.436246 1.068574 0.749818
v 2.472961 0.499343 0.757661
v -0.591883 1.209628 -0.691825
v -0.629057 1.251250 -0.690092
v -1.913537 0.910203 -1.529548
v 0.913586 1.446095 0.209788
v -0.136581 1.213852 -0.936694
v 0.982679 1.296383 -0.229879
v -0.131835 1.216094 -0.927787
v -0.030738 1.493504 -0.715315
v 0.712867 1.547915 -0.247032
v 0.061118 0.440739 -1.101243
v 1.133690 0.526388 -0.434183
v 0.041276 0.448421 -1.111349
v 0.035089 0.448158 -1.101494
v 0.060838 0.444811 -1.105009
v 0.054082 0.438622 -1.089825
v 0.065361 0.450006 -1.109057
v 1.097205 1.033671 -0.435158
v 0.028459 0.946814 -1.111925
v 0.021576 0.941341 -1.116983
v 0.009534 0.940548 -1.118128
v 0.003347 0.940285 -1.108273
v 1.100579 1.031680 -0.436562
v 1.102388 1.026713 -0.442613
v 1.114872 1.028024 -0.421869
v 1.108685 1.027761 -0.412014
v 1.133373 0.523291 -0.429584
v 1.123260 0.516857 -0.416513
v 1.147038 0.529333 -0.414999
v 1.140851 0.529070 -0.405144
v 0.021918 0.448723 -1.057372
v -0.009752 0.939211 -1.064079
v 1.074262 1.024635 -0.380755
v 1.106771 0.528105 -0.374189
v 1.893323 1.208874 0.836554
v 0.044881 -0.058145 -5.397532
v 0.027003 0.011476 -5.447598
v -1.696882 1.097975 -1.855753
v 0.906908 1.289595 0.317295
v 1.149336 1.422518 0.473040
v 1.354711 1.319662 0.544669
v 1.371676 1.252585 0.574427
v 1.429280 1.329577 0.585958
v 1.482572 1.353617 0.621758
v 1.583992 1.286729 0.676277
v 1.750910 1.245934 0.859969
v 4.730386 0.020581 -2.191818
v 4.356385 -0.205519 -2.011739
v 4.335017 -0.008348 -2.440802
v 4.735279 -0.189395 -2.615269
v -0.012835 -0.386562 -4.985357
v -1.248424 1.074195 -1.058715
v -1.234376 1.151477 -1.012360
v -1.220371 1.114375 -1.022295
v 0.957285 1.276788 0.370010
v 0.993761 1.305185 0.334535
v -0.140279 0.187492 -0.991552
v 1.021576 -0.115820 -0.142705
v 0.935810 -0.121425 -0.148067
v 0.601697 -0.145873 -0.358474
v 0.559706 -0.149616 -0.433566
v 0.567072 -0.493070 -0.086117
v 0.603346 -0.412158 -0.187945
v 0.676039 -0.489713 -0.260964
v 0.852988 -0.612722 -0.146226
v 0.762323 -0.609406 0.011411
v 0.625829 -0.553413 -0.177604
v 0.666268 -0.629305 -0.154245
v 0.674303 -0.644384 -0.149603
v 0.775249 -0.621331 -0.085614
v 0.114782 -0.506220 -0.620149
v -0.024622 -0.468342 -0.482000
v 0.055339 -0.520239 -0.406890
v 0.206032 -0.441231 -0.438153
v 0.014236 -0.512921 -0.635856
v 0.008010 -0.513336 -0.636828
v -0.053619 -0.515809 -0.527771
v -0.146563 0.172021 -0.771102
v -0.261764 0.167119 -0.587600
v -0.133793 0.155888 -0.635539
v 1.572225 1.531047 -0.608584
v 0.099379 1.489266 -1.651592
v 0.062725 1.420593 -1.559186
v 0.136821 1.423746 -1.677212
v 0.067930 1.487927 -1.601497
v 0.054300 1.435270 -1.556671
v 0.029885 1.390660 -1.732820
v -0.018429 1.480645 -1.725781
v 0.983140 1.455597 -1.227363
v 0.944234 1.482827 -1.168747
v 0.965892 1.147033 -1.164121
v 1.010122 1.071968 -1.266985
v 0.891796 1.143880 -1.046095
v 1.557354 1.252376 -0.602178
v 0.839754 1.220552 -1.246956
v 0.870138 1.479674 -1.050721
v 0.630624 1.653011 -0.712669
v 0.040433 1.337943 -1.764049
v -0.009829 1.373129 -1.688318
v 0.084714 1.190696 -1.802756
v 0.066058 1.248940 -1.794392
v 0.052027 1.158246 -1.761574
v 0.006561 1.118991 -1.684816
v -0.067342 1.184225 -1.560552
v -0.043704 1.154172 -1.609085
v -0.069326 1.243178 -1.578737
v -0.055295 1.333874 -1.611561
v 0.019684 1.369352 -1.669891
v 0.078663 1.164460 -1.739739
v -0.026070 1.201940 -1.577783
v 1.781275 1.374304 -0.724622
v 1.690378 1.251420 -0.566004
v 0.164223 1.443882 -1.749287
v 0.189154 1.403083 -1.784135
v 0.736448 1.437546 -1.382716
v 0.697542 1.464776 -1.324100
v 0.211770 1.235333 -1.774334
v 0.222207 1.288260 -1.823280
v 0.226014 1.229224 -1.822467
v 0.158479 1.087952 -1.672587
v 0.207914 1.112225 -1.780129
v 0.188368 1.069534 -1.744131
v 0.800580 1.056636 -1.398943
v 0.084383 1.084799 -1.554561
v 0.129717 1.018894 -1.645113
v 0.098268 1.017556 -1.595018
v 0.762792 1.108814 -1.111761
v 0.012426 1.226849 -1.456801
v 0.033423 1.062940 -1.497321
v 0.008492 1.103738 -1.462474
v 0.009435 1.273213 -1.457440
v -0.024560 1.218561 -1.423330
v -0.028368 1.277597 -1.424143
v -0.010268 1.394597 -1.466480
v 0.009278 1.437288 -1.502478
v 0.403824 1.636415 -0.855496
v 0.494388 0.709727 -0.832995
v 0.576372 0.817831 -0.781928
v 0.668839 0.726004 -0.724275
v 0.032532 1.502505 -1.783020
v 0.126781 1.509401 -1.723667
v 0.121553 1.356823 -1.907453
v 0.215802 1.363719 -1.848100
v 0.135150 1.146019 -1.904550
v 0.229399 1.152916 -1.845197
v 0.065357 0.993580 -1.776010
v 0.159606 1.000476 -1.716657
v -0.046942 0.988800 -1.597131
v 0.047307 0.995697 -1.537778
v -0.135964 1.134482 -1.472698
v -0.041715 1.141378 -1.413345
v -0.149560 1.345286 -1.475601
v -0.055311 1.352182 -1.416248
v -0.079767 1.497726 -1.604141
v 0.014482 1.504622 -1.544788
v 0.716539 1.977672 -1.334566
v 0.891437 1.990340 -1.223169
v 0.834158 1.987886 -1.142045
v 0.610568 1.919225 -1.164289
v 0.790324 1.932378 -1.051088
v 0.329904 2.149504 -0.694633
v 0.401843 2.098833 -0.653630
v 0.414947 2.174931 -0.520871
v 0.395069 2.209275 -0.655706
v 0.118042 2.136954 -0.355511
v 0.225755 2.200112 -0.339611
v 0.235822 2.088824 -0.336265
v 0.251104 2.146691 -0.271715
v 0.323220 2.149760 -0.386588
v 0.650009 2.117660 -0.182290
v 0.748394 2.180871 -0.118835
v 0.634192 2.228527 -0.189257
v 1.072521 2.204221 0.058653
v 1.120674 2.206271 -0.018050
v 1.114041 2.251652 0.012122
v 0.535807 2.165315 -0.252712
v -0.251723 0.980370 -1.286378
v -1.465401 0.796522 -2.053226
v -0.994797 0.641397 -2.118245
v -0.390863 0.707322 -1.737338
v -1.470331 0.250106 -2.065551
v -1.398861 0.285520 -2.057372
v -1.506225 0.806597 -2.073216
v -1.429971 0.798871 -2.064543
v -1.102712 0.378439 -2.184886
v -1.114902 0.393153 -2.253505
v -1.039277 0.652683 -2.137735
v -1.055024 0.648294 -2.201064
v -1.059090 0.372682 -2.202833
v -0.993945 0.654323 -2.154410
v -0.651936 0.356073 -2.511209
v -0.617319 0.665527 -2.481208
v -0.583217 0.719058 -2.423108
v -0.119722 0.770185 -2.130760
v -0.860755 0.747615 -2.133583
v -0.417388 0.795941 -1.853947
v -0.566810 0.756308 -2.388626
v -0.169061 0.800216 -2.137752
v -0.249161 0.940651 -1.285830
v -1.462839 0.756803 -2.052680
v -0.992235 0.601679 -2.117697
v -0.388301 0.667603 -1.736791
v -0.700080 0.410933 -1.809292
v -0.639575 0.354731 -2.500068
v -0.604957 0.664186 -2.470068
v -1.463973 0.250019 -2.054833
v -1.499866 0.806510 -2.062500
v -1.224513 0.597058 -2.589409
v 2.275614 1.132579 0.309181
v 1.297830 1.121699 -0.304953
v 1.636004 0.865975 -0.465502
v 2.214507 0.916768 -0.100965
v 2.277310 1.106273 0.309543
v 1.299526 1.095392 -0.304591
v 1.637700 0.839669 -0.465140
v 2.216203 0.890461 -0.100603
v -1.572273 0.659169 -2.900323
v -1.295264 0.597454 -2.586785
v -1.992885 0.758715 -2.120831
v -2.216548 0.761975 -1.782317
v -2.203868 0.749737 -1.784761
v -2.135001 0.498686 -2.119392
v -2.319510 0.491421 -1.854042
v -2.302114 0.491574 -1.853200
v -1.990333 0.746047 -2.107144
v -2.191187 0.737499 -1.787204
v -2.125627 0.498498 -2.105774
v -2.284718 0.491727 -1.852359
v -2.180255 0.210507 -2.220720
v 2.660382 0.888301 0.991260
v 2.671659 0.713465 0.993668
v 2.401461 0.869355 0.828205
v 2.613774 0.587034 1.100277
v 2.446804 0.703896 1.351838
v 2.312401 0.502269 1.012280
v 2.176605 0.859786 1.186374
v 2.435526 0.878732 1.349429
v 2.332180 1.019593 0.920765
v 2.493411 1.005162 1.242821
v 2.511933 0.850564 1.145328
v 0.459286 0.043108 -5.175368
v 0.299594 0.029694 -5.401401
v 0.299594 0.029694 -5.401401
v 0.162787 -0.379097 -5.265117
v 0.278179 -0.370648 -5.192433
v 1.687667 0.903948 -0.491450
v 1.668896 0.894563 -0.492161
v 2.193063 0.948277 -0.172982
v 2.206439 0.941734 -0.153435
v 1.858088 0.907698 -0.900329
v 1.846906 0.898517 -0.918937
v 2.313579 0.948398 -0.613288
v 2.332442 0.941878 -0.612962
v 2.220817 0.926028 -0.134409
v 2.351492 0.926125 -0.611827
v 2.363380 1.048819 -0.855787
v 2.384273 1.041526 -0.808963
v 4.277215 0.574684 -2.021888
v 4.273765 0.606668 -2.010893
v 4.198924 0.600217 -2.303184
v 4.332484 0.540536 -2.098225
v -0.275354 -0.698118 -0.062328
v -0.007549 -0.324677 -0.222160
v -0.753631 -0.483137 -0.246456
v -0.590435 -0.610465 -0.560052
v 0.147348 -0.518474 0.849342
v 0.010955 -0.447371 0.766073
v 0.780918 -0.457055 -0.289868
v 0.149969 2.136385 0.151227
v -0.393066 2.323605 -0.352360
v -0.449939 1.833738 -0.282621
v -0.608568 2.172686 0.017870
v -0.766392 2.277859 -0.306485
v -0.663589 1.904025 -0.528618
v 0.118286 1.953502 -1.525586
v 0.234085 2.277602 -1.442326
v -1.384343 2.218505 0.867416
v -1.260969 1.914089 0.899393
vn -0.2551 0.9575 -0.1346
vn -0.8786 -0.1036 0.4662
vn -0.8590 -0.0681 0.5074
vn -0.8868 -0.1203 0.4462
vn 0.5309 -0.5480 -0.6464
vn 0.5312 -0.5495 -0.6449
vn 0.8459 -0.2463 -0.4731
vn 0.8470 -0.2723 -0.4565
vn 0.8439 -0.2496 -0.4750
vn 0.8213 0.3842 0.4217
vn 0.8080 0.4298 0.4030
vn 0.8164 0.3952 0.4211
vn -0.0644 0.9978 -0.0137
vn 0.0644 -0.9978 0.0137
vn -0.0902 0.9959 -0.0030
vn -0.1795 0.9784 -0.1027
vn -0.0779 0.9969 0.0113
vn -0.1367 -0.8961 -0.4222
vn -0.6388 0.3858 -0.6656
vn -0.6852 -0.0710 -0.7249
vn -0.0716 0.9974 -0.0077
vn -0.0620 0.9980 -0.0083
vn -0.0627 0.9979 -0.0133
vn 0.0667 -0.9976 0.0191
vn 0.0572 -0.9982 0.0198
vn 0.0660 -0.9977 0.0142
vn -0.5316 -0.0226 0.8467
vn 0.0615 0.9962 0.0609
vn 0.0633 0.9960 0.0630
vn 0.0567 0.9967 0.0580
vn -0.5157 0.3610 0.7770
vn 0.8036 -0.0178 0.5950
vn -0.8310 -0.0091 -0.5562
vn -0.7611 0.0472 -0.6469
vn -0.8337 0.0255 -0.5517
vn -0.5338 0.0503 0.8441
vn -0.5319 0.0515 0.8453
vn -0.5348 0.0496 0.8435
vn 0.9249 0.1137 0.3628
vn 0.9242 0.1087 0.3660
vn 0.9275 0.1113 0.3569
vn -0.8278 0.0729 -0.5563
vn -0.8919 0.0785 -0.4453
vn 0.0571 -0.9967 0.0573
vn 0.0554 -0.9962 0.0673
vn 0.0636 -0.9978 0.0181
vn -0.0648 0.9978 -0.0105
vn -0.0684 0.9975 0.0154
vn 0.7825 -0.3205 -0.5338
vn 0.7827 -0.3195 -0.5341
vn -0.7358 -0.4036 0.5438
vn -0.7362 -0.4026 0.5440
vn -0.7731 0.4216 -0.4740
vn -0.7728 0.4224 -0.4737
vn -0.7735 0.4202 -0.4744
vn 0.0401 -0.0646 -0.9971
vn 0.0848 -0.0279 -0.9960
vn 0.1105 -0.0066 -0.9939
vn -0.3363 -0.5864 0.7369
vn -0.3378 -0.5850 0.7373
vn -0.8646 0.2451 -0.4386
vn -0.8581 0.2909 -0.4232
vn -0.8616 0.2556 -0.4385
vn -0.4805 -0.1937 -0.8553
vn -0.4870 -0.3336 -0.8072
vn -0.4867 -0.2800 -0.8275
vn -0.8863 0.3753 -0.2715
vn -0.4179 -0.9081 0.0258
vn -0.9488 -0.0822 -0.3050
vn -0.0585 0.9982 -0.0140
vn -0.0620 0.9978 -0.0229
vn -0.0632 0.9979 -0.0124
vn 0.1359 0.9808 0.1396
vn 0.1461 0.9701 0.1938
vn 0.8362 0.3016 0.4580
vn 0.4609 0.4973 -0.7351
vn 0.4900 0.4719 -0.7330
vn 0.4919 0.4738 -0.7304
vn 0.5316 0.0226 -0.8467
vn -0.1710 0.9819 -0.0811
vn 0.7948 0.3323 0.5078
vn -0.9317 -0.0155 -0.3629
vn -0.9335 -0.0186 -0.3582
vn -0.9299 -0.0210 -0.3672
vn 0.4665 0.4028 -0.7875
vn 0.8854 -0.0143 0.4645
vn -0.7936 -0.1371 -0.5928
vn 0.5255 0.0947 -0.8455
vn -0.8139 0.0077 -0.5809
vn 0.8091 0.1935 0.5549
vn 0.8715 0.2043 0.4458
vn 0.8237 0.1492 0.5470
vn 0.1086 -0.9939 -0.0175
vn 0.1004 -0.9949 -0.0117
vn 0.0680 -0.9976 0.0112
vn -0.0399 0.9988 -0.0300
vn -0.0616 0.9980 -0.0156
vn -0.7736 0.4202 -0.4744
vn -0.1325 -0.3594 0.9237
vn 0.7828 -0.3195 -0.5341
vn -0.1326 -0.3585 0.9241
vn 0.1792 -0.3646 -0.9137
vn 0.1792 -0.3637 -0.9141
vn 0.1971 0.9397 0.2796
vn 0.0334 0.9749 0.2200
vn -0.5305 0.5822 0.6162
vn -0.8464 -0.0473 0.5304
vn 0.6366 0.2216 0.7387
vn 0.8775 0.2222 0.4250
vn 0.7501 0.2891 0.5948
vn 0.3574 0.3354 0.8716
vn -0.8643 0.2452 -0.4391
vn -0.8612 0.2559 -0.4391
vn -0.9876 0.1549 0.0247
vn -0.9352 -0.0161 0.3539
vn -0.9698 0.2425 -0.0270
vn -0.9534 0.2536 -0.1637
vn -0.9742 -0.2148 -0.0688
vn -0.9498 -0.2997 -0.0898
vn -0.9303 -0.3525 -0.1010
vn 0.0756 0.9491 0.3059
vn -0.2296 0.9733 -0.0075
vn -0.3554 0.7466 0.5624
vn -0.4732 0.4575 0.7528
vn -0.4550 0.4335 0.7779
vn -0.4581 0.4315 0.7772
vn 0.0492 0.9968 0.0636
vn 0.8387 0.0155 0.5444
vn -0.2333 -0.2146 -0.9484
vn -0.9552 -0.2458 0.1649
vn -0.1667 -0.4307 0.8869
vn -0.3283 -0.2738 0.9040
vn -0.4260 -0.1623 0.8900
vn 0.0521 -0.9986 0.0126
vn 0.4435 -0.6754 -0.5891
vn 0.4403 -0.6455 -0.6241
vn 0.4438 -0.6788 -0.5850
vn -0.8755 -0.1406 -0.4624
vn -0.5305 0.0523 0.8461
vn 0.9253 0.1142 0.3616
vn 0.8031 0.1282 0.5818
vn -0.0694 0.9973 0.0226
vn -0.1327 -0.3584 0.9241
vn 0.1792 -0.3647 -0.9137
vn 0.3132 0.6152 -0.7235
vn 0.1936 0.9808 -0.0222
vn 0.2967 0.9419 0.1578
vn 0.0189 -0.0818 -0.9965
vn -0.0521 -0.2845 0.9573
vn -0.0546 -0.2879 0.9561
vn -0.0361 -0.3099 0.9501
vn 0.7284 0.3898 0.5634
vn 0.7000 0.4300 0.5702
vn 0.7233 0.3869 0.5720
vn 0.8557 0.2826 0.4334
vn 0.7589 0.2171 0.6140
vn 0.9369 0.2419 0.2525
vn 0.9320 0.3598 -0.0436
vn -0.4518 0.2646 -0.8520
vn -0.0877 0.0200 -0.9959
vn -0.4110 0.1795 -0.8938
vn -0.5753 0.2638 -0.7742
vn -0.0658 0.9970 -0.0417
vn -0.0477 0.9982 -0.0368
vn -0.1799 0.9811 -0.0716
vn 0.0702 -0.9974 0.0135
vn 0.0655 -0.9977 0.0151
vn 0.0667 -0.9978 0.0046
vn 0.1841 0.9726 0.1416
vn 0.3257 0.7776 -0.5378
vn 0.8544 0.0162 0.5194
vn -0.9500 -0.2451 0.1932
vn -0.2611 -0.2162 -0.9408
vn 0.0580 -0.9983 0.0031
vn -0.9312 -0.0160 -0.3641
vn -0.3173 -0.7112 0.6273
vn -0.3548 -0.6793 0.6424
vn -0.3212 -0.7080 0.6290
vn 0.7476 0.1623 0.6440
vn 0.8243 0.1130 0.5548
vn 0.5296 0.0974 -0.8426
vn -0.0338 0.9988 -0.0341
vn -0.7735 0.4203 -0.4744
vn 0.0124 -0.9955 0.0940
vn -0.1594 -0.9464 0.2809
vn -0.0176 -0.9839 0.1780
vn 0.1567 0.0774 0.9846
vn 0.1708 0.0972 0.9805
vn 0.1162 0.0212 0.9930
vn -0.1151 -0.9358 0.3332
vn -0.1174 -0.9406 0.3187
vn -0.1160 -0.9482 0.2956
vn 0.2081 0.9766 -0.0549
vn 0.1945 0.6552 0.7300
vn 0.0860 0.7615 0.6425
vn 0.3167 0.4414 0.8396
vn 0.2476 0.1383 0.9589
vn -0.1043 0.9945 -0.0072
vn -0.1043 0.9945 -0.0077
vn -0.1044 0.9945 -0.0082
vn -0.9723 -0.1981 -0.1238
vn -0.9708 -0.2207 -0.0944
vn 0.1043 -0.9945 0.0073
vn 0.1043 -0.9945 0.0077
vn 0.1042 -0.9945 0.0067
vn -0.0418 -0.9735 0.2247
vn -0.0750 -0.9699 0.2316
vn 0.6008 0.0390 0.7985
vn 0.6197 0.0230 0.7845
vn 0.6229 0.0496 0.7807
vn 0.9937 0.0691 0.0885
vn -0.1167 0.9912 -0.0624
vn -0.9861 -0.1448 -0.0814
vn -0.0099 -0.9858 -0.1674
vn 0.1353 -0.9901 -0.0362
vn 0.1199 -0.9920 -0.0408
vn 0.1260 -0.9911 -0.0432
vn -0.3133 0.9225 0.2254
vn -0.5879 0.3543 0.7272
vn -0.1515 0.9581 0.2430
vn -0.3109 0.5717 0.7593
vn 0.0437 0.9585 0.2819
vn -0.1965 0.9192 0.3412
vn -0.1965 0.9149 0.3526
vn -0.1617 0.9474 -0.2761
vn -0.0768 0.8921 -0.4453
vn 0.0656 0.9447 -0.3214
vn 0.0392 -0.9065 -0.4205
vn -0.0382 -0.9676 -0.2497
vn 0.1771 -0.9419 -0.2854
vn -0.0682 -0.9296 0.3621
vn 0.1660 -0.9368 0.3080
vn -0.0836 -0.9278 0.3636
vn 0.1669 0.9837 0.0664
vn 0.0738 0.9633 0.2581
vn -0.1931 0.9807 -0.0306
vn -0.3000 0.9273 -0.2240
vn -0.1677 -0.9664 -0.1948
vn -0.0748 -0.9972 0.0032
vn 0.1965 -0.9384 0.2842
vn 0.2984 -0.9485 0.1060
vn -0.1215 0.9921 -0.0298
vn 0.0070 -1.0000 -0.0023
vn 0.8355 0.5477 -0.0447
vn 0.8690 0.0980 -0.4851
vn 0.7193 -0.5840 0.3762
vn 0.2214 0.9672 -0.1246
vn 0.1502 0.9858 0.0753
vn -0.5238 0.8493 0.0662
vn -0.3918 0.9150 0.0967
vn -0.8453 -0.2029 -0.4943
vn -0.2712 -0.9547 0.1224
vn -0.4105 -0.9074 0.0903
vn -0.8635 0.0790 -0.4981
vn 0.3440 -0.9338 -0.0984
vn 0.2861 -0.9531 0.0982
vn 0.8752 0.0012 -0.4837
vn 0.8990 -0.4369 -0.0311
vn 0.6377 0.6817 0.3588
vn 0.7884 -0.1269 -0.6020
vn 0.2153 0.9630 -0.1621
vn 0.0774 0.9271 -0.3666
vn -0.1490 0.9887 0.0180
vn -0.1689 0.9450 0.2802
vn -0.0496 -0.9534 0.2976
vn -0.0208 -0.9988 0.0453
vn 0.1877 -0.9228 -0.3366
vn 0.3375 -0.9315 -0.1360
vn 0.7666 0.2105 -0.6066
vn -0.1659 0.9368 -0.3080
vn 0.0780 0.9226 -0.3779
vn -0.0336 0.9994 0.0052
vn -0.2000 0.9217 0.3325
vn 0.0950 -0.9949 0.0326
vn -0.0673 -0.9338 0.3514
vn -0.0437 -0.9585 -0.2819
vn 0.2027 -0.9190 -0.3381
vn -0.9536 0.2931 -0.0681
vn -0.5839 -0.6794 -0.4444
vn -0.3735 0.4592 -0.8060
vn -0.2918 0.9520 -0.0930
vn -0.1965 0.9384 -0.2842
vn 0.0206 0.9966 0.0795
vn -0.0706 0.9961 -0.0535
vn 0.5911 0.8050 -0.0503
vn 0.8258 -0.0806 0.5581
vn 0.0754 0.8931 0.4435
vn 0.8076 0.2013 0.5543
vn 0.7029 -0.7101 -0.0414
vn 0.1886 -0.8635 0.4677
vn 0.0459 -0.9984 -0.0342
vn 0.1576 -0.9824 0.1001
vn -0.0738 -0.9633 -0.2580
vn -0.1740 -0.9815 -0.0794
vn -0.6655 0.5863 -0.4619
vn -0.9184 -0.3897 -0.0692
vn -0.3100 -0.5253 -0.7924
vn 0.2981 0.9545 -0.0019
vn 0.4183 -0.9080 0.0238
vn -0.7379 -0.5337 0.4132
vn -0.3440 0.9338 0.0984
vn -0.2754 0.9559 -0.1020
vn 0.4495 0.8797 -0.1553
vn 0.5590 -0.8186 -0.1319
vn -0.2214 -0.9672 0.1246
vn -0.1612 -0.9843 -0.0715
vn -0.8010 0.4456 0.3997
vn 0.2098 0.9650 -0.1571
vn 0.2495 0.9020 -0.3523
vn 0.3708 -0.8696 -0.3261
vn 0.3323 -0.9340 -0.1309
vn -0.5946 -0.6628 0.4551
vn -0.3375 0.9315 0.1360
vn -0.2153 -0.9630 0.1621
vn -0.6756 0.5931 0.4378
vn -0.0747 0.9583 0.2759
vn -0.2524 0.8431 0.4748
vn -0.3082 0.9220 0.2345
vn -0.1350 -0.8571 0.4972
vn 0.0485 -0.9520 0.3022
vn -0.2024 -0.9427 0.2653
vn 0.1574 0.9760 0.1502
vn 0.1239 0.9215 0.3681
vn 0.2406 -0.8875 0.3930
vn 0.2701 -0.9459 0.1800
vn 0.9080 0.4150 0.0583
vn 0.6655 -0.5863 0.4619
vn 0.3100 0.5252 0.7925
vn 0.5839 0.6794 0.4444
vn 0.9607 -0.2665 0.0782
vn 0.3735 -0.4591 0.8061
vn 0.8011 -0.4456 -0.3997
vn 0.4837 0.8636 -0.1421
vn 0.6036 0.6137 -0.5090
vn 0.6492 0.7448 0.1546
vn -0.5238 0.8493 0.0661
vn -0.4105 -0.9074 0.0904
vn 0.6783 -0.5448 -0.4930
vn 0.5909 -0.7979 -0.1192
vn 0.7469 -0.6424 0.1716
vn 0.7379 0.5337 -0.4132
vn 0.6757 -0.5931 -0.4378
vn 0.1447 0.9189 -0.3670
vn 0.2534 -0.9066 -0.3374
vn 0.5947 0.6627 -0.4551
vn -0.2091 0.9345 -0.2881
vn 0.1252 0.9245 -0.3599
vn 0.0951 -0.9949 0.0327
vn -0.0869 -0.9612 -0.2620
vn 0.2492 -0.9143 -0.3194
vn -0.5607 0.8240 -0.0813
vn -0.2568 0.9248 -0.2808
vn -0.0706 0.9961 -0.0534
vn 0.1887 -0.8635 0.4677
vn -0.1354 -0.9575 -0.2548
vn -0.4614 -0.8843 -0.0718
vn -0.8990 0.4368 0.0311
vn -0.8752 -0.0013 0.4838
vn -0.6377 -0.6817 -0.3588
vn -0.7939 0.5641 0.2271
vn -0.6366 0.6279 -0.4478
vn 0.5591 -0.8186 -0.1319
vn -0.7153 -0.6549 0.2439
vn -0.5599 -0.7116 -0.4243
vn -0.8690 -0.0979 0.4851
vn -0.8355 -0.5476 0.0447
vn -0.7193 0.5840 -0.3762
vn -0.7665 -0.2107 0.6066
vn -0.7883 0.1270 0.6020
vn -0.3980 -0.8757 -0.2733
vn -0.3983 -0.8754 -0.2740
vn -0.4011 -0.8734 -0.2763
vn 0.8446 0.0618 0.5319
vn -0.3385 0.0971 0.9360
vn 0.0456 0.9955 0.0830
vn -0.0644 0.9978 -0.0152
vn -0.0632 0.9979 -0.0155
vn -0.0645 0.9978 -0.0151
vn 0.0656 -0.9978 0.0120
vn 0.0643 -0.9979 0.0123
vn 0.0642 -0.9979 0.0123
vn -0.0643 0.9979 -0.0123
vn -0.0656 0.9978 -0.0120
vn -0.0642 0.9979 -0.0123
vn 0.0632 -0.9979 0.0155
vn 0.0644 -0.9978 0.0152
vn 0.0645 -0.9978 0.0151
vn -0.0660 0.9977 -0.0123
vn -0.0658 0.9977 -0.0136
vn -0.0658 0.9977 -0.0137
vn 0.0629 -0.9979 0.0139
vn 0.0627 -0.9979 0.0151
vn 0.0629 -0.9979 0.0137
vn -0.5096 -0.0179 0.8602
vn -0.5014 -0.0665 0.8626
vn -0.5062 -0.0124 0.8623
vn -0.1007 -0.9909 -0.0897
vn -0.4958 -0.2850 0.8204
vn -0.7985 -0.3200 -0.5099
vn 0.4027 -0.9083 -0.1136
vn 0.3062 -0.9224 0.2354
vn 0.3197 -0.9270 0.1960
vn -0.2031 0.4784 0.8543
vn 0.0029 0.7296 0.6839
vn 0.4331 0.9013 -0.0053
vn 0.1820 -0.8287 0.5292
vn 0.3867 -0.8044 -0.4510
vn 0.4111 -0.7783 -0.4746
vn 0.3605 -0.8246 -0.4361
vn -0.3940 0.7967 0.4583
vn -0.4032 0.7877 0.4657
vn -0.4190 0.7720 0.4780
vn -0.7783 -0.0439 -0.6264
vn -0.7843 -0.0851 -0.6145
vn -0.7856 -0.0592 -0.6159
vn 0.3815 -0.7729 -0.5071
vn 0.3483 -0.7914 -0.5024
vn 0.4078 -0.7415 -0.5327
vn -0.3650 0.7688 0.5250
vn -0.3585 0.7743 0.5215
vn -0.3243 0.8017 0.5021
vn 0.8446 0.0618 0.5318
vn 0.4654 -0.5081 -0.7247
vn 0.7715 0.1400 -0.6206
vn 0.3384 -0.8282 0.4467
vn -0.2435 -0.3536 0.9031
vn 0.1135 0.7583 0.6419
vn 0.1726 0.9778 -0.1191
vn -0.0753 0.9970 -0.0202
vn -0.0758 0.9969 -0.0200
vn -0.0746 0.9970 -0.0203
vn -0.1104 0.9680 0.2252
vn 0.0984 0.9787 0.1801
vn 0.0790 0.9941 0.0739
vn 0.1170 -0.9910 -0.0654
vn 0.2063 -0.9308 -0.3017
vn 0.2262 -0.9116 -0.3432
vn 0.6736 -0.6317 0.3837
vn 0.9545 0.1305 -0.2679
vn 0.9526 0.1113 -0.2832
vn 0.9439 0.0564 -0.3254
vn 0.2724 -0.9193 -0.2841
vn 0.2584 -0.9246 -0.2800
vn 0.2791 -0.9099 -0.3068
vn 0.8829 0.4655 -0.0623
vn 0.7178 0.6904 -0.0897
vn 0.9676 0.1689 -0.1879
vn -0.0758 0.9957 -0.0527
vn -0.0762 0.9957 -0.0525
vn -0.0754 0.9958 -0.0528
vn -0.5295 -0.1793 -0.8291
vn -0.5018 -0.2008 -0.8413
vn 0.0759 -0.9957 0.0526
vn 0.0762 -0.9957 0.0525
vn 0.0769 -0.9957 0.0523
vn 0.2075 -0.9629 -0.1724
vn 0.1699 -0.9774 -0.1260
vn 0.5102 0.0485 0.8587
vn 0.5115 0.0225 0.8590
vn -0.1307 0.9906 -0.0401
vn -0.4832 -0.1406 -0.8641
vn -0.1640 -0.9843 0.0652
vn 0.0546 -0.9981 0.0302
vn 0.0528 -0.9982 0.0274
vn 0.0535 -0.9982 0.0274
vn 0.0393 -0.9954 0.0876
vn 0.0376 -0.9958 0.0839
vn 0.0398 -0.9948 0.0942
vn 0.0452 0.9377 -0.3445
vn -0.1055 0.9837 -0.1456
vn 0.1396 0.9736 -0.1809
vn 0.5486 0.6361 -0.5425
vn -0.1159 -0.8923 0.4364
vn -0.1622 -0.9517 0.2606
vn -0.3397 -0.9226 0.1830
vn 0.5946 0.6628 -0.4551
vn 0.9607 -0.2664 0.0782
vn 0.1992 0.9392 -0.2796
vn 0.2497 0.9672 -0.0462
vn 0.1941 0.9359 -0.2940
vn -0.4557 0.8760 0.1582
vn -0.3416 0.9398 0.0105
vn -0.2792 0.9344 0.2211
vn 0.3187 -0.9103 -0.2643
vn 0.3719 -0.9280 -0.0201
vn 0.3639 -0.9313 0.0176
vn -0.4495 -0.8797 0.1553
vn -0.6059 -0.7931 0.0621
vn -0.8258 0.0806 -0.5581
vn -0.2181 -0.9752 0.0369
vn -0.2324 -0.9662 -0.1113
vn 0.2412 0.9704 -0.0086
vn 0.1235 0.9794 0.1597
vn -0.3474 0.9287 -0.1296
vn -0.1331 0.9820 -0.1341
vn 0.2335 -0.9544 0.1858
vn 0.2346 -0.9576 0.1671
vn 0.9080 0.4149 0.0583
vn 0.3100 0.5253 0.7924
vn -0.6897 0.7235 0.0292
vn -0.8076 -0.2013 -0.5543
vn -0.1887 0.8635 -0.4677
vn -0.0075 -0.9954 -0.0957
vn 0.0250 -0.9992 -0.0310
vn -0.0392 0.9561 0.2904
vn -0.0755 0.9506 0.3010
vn -0.1035 0.9929 -0.0584
vn -0.0724 0.9919 -0.1040
vn -0.0754 -0.8931 -0.4435
vn 0.0152 -0.9425 -0.3338
vn 0.0835 -0.9449 0.3166
vn 0.3735 -0.4592 0.8060
vn -0.0548 -0.0384 0.9978
vn -0.3186 0.9132 0.2541
vn -0.3132 0.9109 0.2685
vn 0.1467 0.9605 -0.2365
vn 0.1895 0.9427 -0.2744
vn 0.0558 -0.9955 -0.0766
vn 0.2783 -0.9369 -0.2113
vn 0.0467 -0.9438 0.3271
vn -0.1996 -0.9361 0.2897
vn -0.2177 0.1686 0.9613
vn -0.7884 0.1269 0.6020
vn -0.8355 -0.5477 0.0447
vn -0.8690 -0.0980 0.4851
vn -0.3720 0.9280 0.0201
vn -0.0339 0.9994 0.0057
vn 0.0946 -0.9950 0.0333
vn 0.0259 -0.9993 0.0253
vn -0.2497 -0.9672 0.0462
vn -0.2412 -0.9704 0.0086
vn 0.3918 -0.9150 -0.0967
vn 0.5238 -0.8493 -0.0662
vn 0.8453 0.2029 0.4943
vn -0.4946 0.2863 -0.8206
vn -0.8990 0.4369 0.0311
vn -0.3639 0.9313 -0.0176
vn -0.2480 0.9507 -0.1863
vn -0.1153 0.9933 -0.0095
vn 0.0546 0.9979 0.0335
vn 0.8635 -0.0790 0.4981
vn 0.1885 0.7754 0.6027
vn 0.4105 0.9074 -0.0904
vn -0.1087 -0.9813 -0.1592
vn -0.1094 -0.9840 -0.1403
vn 0.1842 -0.9816 0.0495
vn 0.2251 -0.9162 0.3314
vn -0.0835 0.9449 -0.3165
vn -0.0467 0.9438 -0.3271
vn 0.1050 0.9463 0.3058
vn -0.0734 0.9530 0.2940
vn 0.2910 -0.7405 0.6058
vn 0.1440 -0.8362 0.5291
vn 0.0392 -0.9561 -0.2904
vn -0.4374 -0.3949 -0.8079
vn 0.0007 0.4798 -0.8774
vn 0.0491 -0.9461 0.3201
vn -0.2256 0.8802 0.4176
vn 0.0755 -0.9506 -0.3010
vn 0.0860 0.6256 -0.7754
vn 0.2996 0.8691 -0.3935
vn 0.1928 0.9697 -0.1503
vn 0.0536 0.9318 -0.3590
vn 0.7665 0.2107 -0.6067
vn 0.8990 -0.4368 -0.0311
vn 0.8752 0.0013 -0.4838
vn 0.4069 -0.8318 -0.3775
vn 0.3161 -0.9406 -0.1239
vn 0.4798 -0.8773 0.0121
vn 0.3631 0.9317 -0.0128
vn 0.1782 0.9787 0.1023
vn 0.4523 0.3698 0.8116
vn 0.8355 0.5476 -0.0447
vn 0.3040 -0.9423 0.1403
vn 0.4936 -0.6612 0.5650
vn 0.4058 0.7267 0.5543
vn 0.0617 0.8457 0.5301
vn 0.1688 -0.8159 0.5530
vn -0.1357 -0.5794 0.8037
vn 0.4830 -0.3132 0.8177
vn -0.0638 0.4995 0.8639
vn -0.2897 0.9040 0.3145
vn -0.2761 0.9123 0.3024
vn -0.1720 -0.9209 0.3497
vn -0.1670 0.6303 0.7582
vn -0.6757 0.5931 0.4378
vn -0.9183 -0.3897 -0.0692
vn -0.8011 0.4456 0.3997
vn -0.3728 0.9275 -0.0274
vn -0.0340 0.9994 0.0058
vn 0.0947 -0.9950 0.0333
vn -0.2505 -0.9681 -0.0013
vn -0.2653 -0.9630 -0.0480
vn -0.3867 0.9193 -0.0739
vn -0.3536 0.8246 -0.4415
vn 0.0546 0.9979 0.0336
vn 0.1885 0.7753 0.6028
vn -0.2263 -0.8816 -0.4143
vn -0.6083 -0.7190 -0.3361
vn -0.9536 0.2932 -0.0681
vn -0.0757 -0.6277 -0.7748
vn -0.3100 -0.5253 -0.7925
vn 0.0611 -0.0583 -0.9964
vn -0.1544 0.5913 -0.7915
vn 0.1754 -0.9317 -0.3181
vn 0.1960 0.1689 -0.9659
vn 0.0440 0.9978 0.0494
vn 0.2273 0.9654 0.1276
vn -0.0385 0.9988 -0.0288
vn -0.0404 0.9988 -0.0286
vn -0.0333 0.9990 -0.0293
vn -0.0657 0.9978 -0.0132
vn -0.0654 0.9978 -0.0119
vn -0.0654 0.9978 -0.0117
vn 0.0630 -0.9979 0.0143
vn 0.0633 -0.9979 0.0156
vn 0.0630 -0.9979 0.0142
vn -0.0630 0.9979 -0.0143
vn -0.0633 0.9979 -0.0156
vn -0.0633 0.9979 -0.0157
vn 0.0657 -0.9978 0.0132
vn 0.0654 -0.9978 0.0119
vn 0.0657 -0.9978 0.0133
vn 0.0651 -0.9978 0.0152
vn -0.0649 0.9978 -0.0151
vn -0.0638 0.9978 -0.0158
vn -0.0650 0.9978 -0.0150
vn 0.0639 -0.9979 0.0124
vn 0.0649 -0.9978 0.0117
vn 0.0650 -0.9978 0.0116
vn 0.5297 -0.2413 -0.8131
vn -0.2185 -0.8301 0.5130
vn -0.2278 -0.8048 0.5480
vn -0.2318 -0.8000 0.5534
vn 0.2220 0.8229 -0.5230
vn 0.2249 0.8145 -0.5348
vn 0.2128 0.8486 -0.4843
vn -0.2720 -0.8007 0.5338
vn -0.2865 -0.8202 0.4952
vn -0.2807 -0.8318 0.4789
vn 0.2954 0.7970 -0.5269
vn 0.2949 0.8021 -0.5193
vn 0.2985 0.7585 -0.5794
vn 0.7756 0.5017 -0.3830
vn 0.6448 -0.1930 -0.7396
vn -0.0419 0.9080 0.4168
vn 0.3871 -0.9156 0.1087
vn -0.2325 -0.8637 0.4471
vn -0.0683 0.2291 0.9710
vn -0.0750 0.9970 -0.0213
vn -0.0749 0.9970 -0.0208
vn -0.0747 0.9970 -0.0202
vn 0.0770 0.9940 0.0771
vn 0.1814 0.9822 0.0480
vn 0.1314 0.9783 -0.1599
vn 0.2216 0.9537 0.2036
vn 0.2655 0.9286 0.2592
vn -0.1886 -0.9293 0.3176
vn 0.6535 -0.6325 0.4157
vn 0.2503 0.2103 0.9451
vn -0.1329 -0.9275 0.3495
vn -0.1042 0.9945 -0.0068
vn 0.1045 -0.9945 0.0084
vn 0.1261 -0.9912 -0.0397
vn 0.9951 0.0430 0.0886
vn -0.1733 0.9784 -0.1125
vn 0.2293 -0.8948 -0.3830
vn 0.1734 -0.8907 -0.4202
vn 0.2413 -0.8722 -0.4255
vn 0.0818 -0.9965 -0.0151
vn -0.1985 0.9801 0.0016
vn -0.0007 -0.4798 0.8774
vn -0.0860 -0.6256 0.7754
vn -0.1670 0.6304 0.7581
vn -0.0638 0.4996 0.8639
vn 0.4830 -0.3131 0.8177
vn -0.2855 0.7279 -0.6234
vn -0.1440 0.8362 -0.5291
vn -0.0345 -0.8620 -0.5057
vn -0.1924 -0.7881 -0.5847
vn 0.0549 0.0384 -0.9978
vn 0.2178 -0.1687 -0.9613
vn 0.1960 0.1688 -0.9660
vn 0.0611 -0.0584 -0.9964
vn -0.0152 0.9425 0.3338
vn 0.1054 -0.9271 0.3596
vn -0.0612 0.0582 0.9964
vn -0.1960 -0.1690 0.9659
vn -0.2178 0.1688 0.9613
vn -0.0549 -0.0382 0.9978
vn -0.2855 0.7279 -0.6235
vn 0.0638 -0.4995 -0.8639
vn 0.1670 -0.6303 -0.7582
vn 0.0860 0.6255 -0.7755
vn 0.0007 0.4797 -0.8774
vn 0.3396 -0.9215 0.1886
vn 0.8321 -0.2007 0.5170
vn 0.7743 0.4203 0.4731
vn -0.0630 0.9979 -0.0156
vn 0.0657 -0.9978 0.0119
vn -0.0657 0.9978 -0.0119
vn 0.0630 -0.9979 0.0155
vn -0.0627 0.9979 -0.0137
vn 0.0660 -0.9977 0.0137
vn -0.0660 0.9977 -0.0122
vn 0.0627 -0.9979 0.0153
vn 0.4165 -0.7733 -0.4781
vn -0.3638 0.8241 0.4342
vn -0.5193 0.1398 -0.8431
vn 0.3290 -0.8059 -0.4923
vn -0.4100 0.7283 0.5491
vn -0.0766 0.9969 -0.0198
vn -0.1523 0.9609 0.2311
vn 0.2951 0.9425 0.1571
vn 0.9545 0.2403 -0.1767
vn 0.2384 -0.9332 -0.2690
vn 0.0176 0.9684 0.2486
vn 0.5974 0.7832 -0.1721
vn -0.0767 0.9957 -0.0523
vn 0.0752 -0.9958 0.0528
vn 0.1992 -0.9583 -0.2051
vn 0.0429 -0.9948 0.0928
vn 0.9791 0.0551 0.1959
vn 0.9725 0.0645 0.2239
vn 0.9735 0.0475 0.2236
vn -0.2001 0.9773 -0.0697
vn -0.2571 -0.8934 0.3684
vn -0.2814 -0.9101 0.3042
vn -0.2235 -0.9141 0.3383
vn 0.3788 0.4124 -0.8285
vn 0.6756 -0.5932 -0.4378
vn 0.8010 -0.4457 -0.3997
vn 0.3284 -0.9053 -0.2695
vn -0.5590 0.8186 0.1319
vn 0.1108 0.9822 0.1518
vn -0.0611 0.0584 0.9964
vn -0.1054 0.9271 -0.3596
vn -0.1960 -0.1688 0.9660
vn 0.3096 -0.9136 -0.2635
vn -0.2099 -0.9322 0.2948
vn -0.7666 -0.2106 0.6066
vn -0.8752 -0.0012 0.4837
vn 0.2712 0.9547 -0.1224
vn -0.2357 0.9553 -0.1785
vn 0.0639 -0.4996 -0.8639
vn 0.0345 0.8620 0.5057
vn 0.1670 -0.6304 -0.7581
vn 0.7883 -0.1271 -0.6020
vn 0.8690 0.0978 -0.4851
vn -0.0007 -0.4797 0.8774
vn -0.2104 0.5790 0.7877
vn -0.0860 -0.6255 0.7755
vn -0.1735 -0.9281 0.3295
vn -0.5947 -0.6627 0.4551
vn -0.6944 0.6199 -0.3655
vn 0.0549 0.0383 -0.9978
vn 0.2178 -0.1688 -0.9613
vn -0.4015 -0.8730 -0.2768
vn 0.6930 0.1410 -0.7070
vn -0.0456 0.9986 -0.0280
vn -0.0657 0.9978 -0.0133
vn 0.0633 -0.9979 0.0157
vn -0.0630 0.9979 -0.0142
vn 0.0654 -0.9978 0.0118
vn -0.0637 0.9979 -0.0123
vn -0.0637 0.9978 -0.0159
vn 0.0637 -0.9979 0.0125
vn 0.5532 0.0273 -0.8326
vn 0.5564 0.0329 -0.8303
vn 0.5601 -0.0214 -0.8282
vn -0.2159 -0.8491 0.4821
vn 0.2295 0.7996 -0.5550
vn -0.9881 0.1199 -0.0963
vn -0.9013 -0.0491 -0.4305
vn -0.8947 -0.0638 -0.4422
vn -0.8922 -0.0897 -0.4426
vn -0.2844 -0.7710 0.5698
vn 0.2917 0.8279 -0.4791
vn -0.8446 -0.0618 -0.5319
vn 0.8446 0.0621 0.5319
vn -0.0751 0.9969 -0.0222
vn 0.1187 0.9725 -0.2006
vn 0.0466 0.9989 -0.0013
vn 0.8882 -0.0678 0.4544
vn 0.0523 0.9983 -0.0260
vn -0.0613 -0.9978 0.0245
vn -0.7581 0.5769 -0.3041
vn -0.3034 -0.8946 -0.3282
vn -0.5955 0.7947 -0.1180
vn 0.5264 0.8204 0.2233
vn -0.7499 0.0980 -0.6543
vn -0.4684 0.0389 0.8827
vn 0.5899 0.0839 -0.8031
vn -0.5247 -0.0247 0.8509
vn 0.5384 0.0205 -0.8424
vn -0.5761 -0.7869 0.2213
vn -0.5994 -0.7734 0.2062
vn -0.9558 -0.1906 -0.2237
vn 0.1356 -0.8557 0.4995
vn 0.6669 0.6936 -0.2723
vn 0.8844 0.2524 -0.3925
vn -0.5742 0.7623 0.2985
vn -0.2662 0.3745 -0.8882
vn -0.9705 0.0915 0.2230
vn -0.8794 -0.0768 -0.4698
vn -0.8458 0.1945 0.4968
vn 0.7974 0.3191 0.5122
vn 0.6952 -0.5831 0.4204
vn 0.6529 0.6233 0.4304
vn -0.1103 0.9931 -0.0393
vn -0.7170 -0.3178 -0.6205
vn 0.7574 -0.5878 0.2845
vn -0.4944 -0.8458 -0.2003
vn -0.5644 -0.6653 -0.4888
vn -0.7249 0.6306 -0.2773
vn -0.7682 -0.3520 -0.5347
vn -0.1270 0.0920 -0.9876
vn -0.2088 0.1097 0.9718
vn -0.7017 0.6482 -0.2957
vn -0.7291 -0.2520 -0.6363
vn -0.2736 -0.9591 -0.0728
vn -0.8294 0.3231 -0.4557
vn -0.2442 -0.9442 -0.2211
vn -0.6859 -0.6073 -0.4008
vn -0.9168 -0.0836 0.3906
vn -0.2235 0.1232 -0.9669
vn 0.3214 -0.6537 0.6851
vn -0.3451 -0.2615 -0.9014
vn 0.8565 0.5132 0.0556
vn -0.9444 0.2318 0.2330
vn -0.0000 -0.0000 -0.0000
vn -0.8653 -0.3419 -0.3666
vn -0.7909 -0.5739 -0.2124
vn 0.1587 -0.9665 0.2018
vn 0.4380 0.8946 0.0883
vn -0.0538 0.9873 0.1494
vn 0.4321 0.5687 0.6999
vn -0.2609 -0.5860 0.7672
vn -0.6461 0.4542 0.6134
vn 0.2775 -0.4675 -0.8393
vn 0.6325 0.5223 -0.5720
vn 0.7578 0.3162 0.5707
vn 0.8779 0.0058 0.4789
vn -0.3484 0.8817 -0.3181
vn 0.7859 0.0756 0.6138
vn -0.2761 -0.9595 -0.0556
vn 0.5215 -0.8430 0.1322
vn 0.8002 0.3192 0.5077
vn 0.6564 0.6234 0.4248
vn 0.6948 -0.5831 0.4210
vn -0.1072 0.9933 -0.0442
vn 0.7466 0.0865 0.6596
vn -0.5534 0.8062 -0.2092
vn 0.1573 0.9875 -0.0119
vn -0.6694 -0.6698 -0.3214
vn -0.8069 -0.3537 -0.4730
vn -0.5800 0.6368 -0.5081
vn -0.0340 -0.9860 0.1632
vn -0.9465 0.0571 0.3177
vn 0.7276 0.2585 0.6354
vn 0.6181 -0.7405 0.2638
vn 0.3847 0.9166 0.1089
vn 0.7661 -0.4132 0.4922
vn 0.7491 -0.4926 0.4429
vn 0.5447 0.7562 0.3626
vn -0.8579 0.3135 0.4070
vn -0.5615 -0.4244 0.7103
vn 0.4444 -0.6851 -0.5772
vn 0.1290 -0.9823 -0.1356
vn -0.5244 -0.0291 0.8510
vn -0.5232 -0.0198 0.8520
vn -0.5227 -0.0161 0.8524
vn -0.5285 -0.0627 0.8466
vn 0.5695 -0.4435 -0.6921
vn 0.1559 -0.9779 -0.1392
vn 0.2069 0.1925 -0.9592
vn 0.0383 0.9988 0.0314
vn -0.6480 0.6152 -0.4491
vn -0.0324 -0.7637 -0.6447
vn -0.6125 -0.1760 -0.7706
vn -0.0564 -0.7503 -0.6586
vn 0.5291 -0.8389 -0.1274
vn 0.6699 0.4919 -0.5561
vn -0.3099 -0.7172 0.6242
vn -0.0424 -0.9896 0.1373
vn 0.5404 0.0291 -0.8409
vn 0.5399 0.0254 -0.8414
vn 0.5386 0.0162 -0.8424
vn 0.5337 -0.0175 -0.8455
vn 0.8710 0.0311 0.4903
vn -0.5114 0.3876 0.7670
vn 0.7431 0.4561 0.4896
vn 0.7560 0.4344 0.4897
vn 0.7516 0.4575 0.4752
vn -0.8103 0.2867 -0.5111
vn -0.8101 0.3015 -0.5029
vn -0.8146 0.3077 -0.4917
vn 0.7544 0.4356 0.4911
vn -0.8098 0.2764 -0.5175
vn 0.4587 0.4289 -0.7782
vt 0.000000 0.000000
s 1
usemtl col_master
f 1487/1/1 1766/1/1 1489/1/1
f 2/1/2 1503/1/3 1485/1/4
f 33/1/5 1536/1/6 34/1/5
f 1522/1/7 29/1/8 89/1/9
f 54/1/10 1555/1/11 61/1/12
f 73/1/13 69/1/13 1571/1/13
f 80/1/14 1576/1/14 1574/1/14
f 86/1/14 1582/1/14 81/1/14
f 42/1/15 1532/1/16 1553/1/17
f 1544/1/18 110/1/19 99/1/20
f 1747/1/14 1742/1/14 293/1/14
f 1728/1/21 297/1/22 1727/1/23
f 296/1/24 294/1/25 310/1/26
f 1723/1/14 319/1/14 1726/1/14
f 1795/1/27 348/1/27 345/1/27
f 1103/1/28 376/1/29 377/1/30
f 1891/1/31 550/1/31 1864/1/31
f 559/1/32 563/1/32 561/1/32
f 549/1/33 599/1/34 555/1/35
f 1864/1/36 1932/1/37 1891/1/38
f 547/1/39 556/1/40 597/1/41
f 598/1/42 1937/1/43 555/1/35
f 1946/1/44 612/1/45 605/1/46
f 603/1/14 1943/1/14 605/1/46
f 604/1/47 1948/1/48 1942/1/13
f 1569/1/49 1587/1/49 1567/1/49
f 688/1/50 693/1/50 1818/1/50
f 1802/1/51 2029/1/51 2028/1/51
f 687/1/52 1588/1/52 686/1/52
f 2540/1/53 2316/1/54 1757/1/55
f 1767/1/1 2053/1/1 1490/1/1
f 714/1/56 2063/1/57 2062/1/58
f 2095/1/59 751/1/60 752/1/60
f 773/1/61 2117/1/62 783/1/63
f 787/1/13 791/1/13 2130/1/13
f 2135/1/14 798/1/14 2133/1/14
f 2141/1/14 804/1/14 799/1/14
f 799/1/14 804/1/14 780/1/14
f 819/1/64 2107/1/65 2105/1/66
f 828/1/67 2103/1/68 817/1/69
f 2307/1/14 1011/1/14 2302/1/14
f 1015/1/70 2287/1/71 2286/1/72
f 2319/1/73 1768/1/74 812/1/75
f 1061/1/76 1060/1/77 2068/1/78
f 2334/1/79 1074/1/79 1071/1/79
f 1071/1/79 1074/1/79 2341/1/79
f 1258/1/80 499/1/80 500/1/80
f 1260/1/81 2066/1/81 1507/1/81
f 2377/1/14 2057/1/14 1493/1/14
f 1493/1/14 2057/1/14 1495/1/14
f 2057/1/14 2376/1/14 1495/1/14
f 1359/1/82 1360/1/83 1316/1/84
f 1311/1/85 2432/1/85 2406/1/85
f 1324/1/86 1320/1/86 1322/1/86
f 1319/1/87 2454/1/87 1321/1/87
f 2473/1/88 2406/1/88 2432/1/88
f 2478/1/89 1359/1/89 1316/1/89
f 1356/1/90 2480/1/91 1317/1/92
f 1373/1/93 2487/1/94 1366/1/95
f 2484/1/14 1364/1/14 1366/1/95
f 2489/1/96 1365/1/97 2483/1/13
f 1488/1/98 2540/1/53 1757/1/55
f 2558/1/49 2562/1/49 2559/1/49
f 2146/1/99 2128/1/99 2126/1/99
f 1457/1/100 1458/1/100 2367/1/100
f 1460/1/101 1455/1/101 2365/1/101
f 2124/1/51 2368/1/51 2125/1/51
f 2561/1/102 2354/1/102 2560/1/102
f 1452/1/52 1459/1/52 1451/1/52
f 2147/1/103 1454/1/103 1453/1/103
f 1487/1/1 1765/1/1 1766/1/1
f 4/1/104 3/1/105 92/1/106
f 2/1/2 1502/1/107 1503/1/3
f 64/1/108 44/1/109 106/1/110
f 64/1/108 106/1/110 53/1/111
f 55/1/112 1545/1/62 65/1/113
f 56/1/114 108/1/115 43/1/116
f 56/1/114 43/1/116 1801/1/117
f 1561/1/13 72/1/13 71/1/13
f 81/1/14 62/1/14 86/1/14
f 101/1/118 1547/1/119 1549/1/120
f 1747/1/14 293/1/14 291/1/14
f 293/1/14 1742/1/14 292/1/14
f 1768/1/74 1761/1/121 94/1/122
f 327/1/123 92/1/106 3/1/105
f 335/1/124 1509/1/125 334/1/126
f 1795/1/27 1788/1/27 348/1/27
f 377/1/30 1800/1/127 1103/1/28
f 1496/1/128 1838/1/128 507/1/128
f 504/1/129 1839/1/129 1837/1/129
f 505/1/130 1835/1/130 508/1/130
f 1835/1/131 1847/1/132 512/1/133
f 509/1/134 515/1/134 517/1/134
f 512/1/133 1847/1/132 518/1/27
f 555/1/35 599/1/34 598/1/42
f 1907/1/135 1912/1/136 1873/1/137
f 558/1/138 560/1/138 1913/1/138
f 1864/1/36 1933/1/139 1932/1/37
f 597/1/41 556/1/40 595/1/140
f 595/1/141 556/1/141 1939/1/141
f 604/1/47 1942/1/13 602/1/13
f 604/1/47 1951/1/142 1948/1/48
f 1943/1/14 1946/1/44 605/1/46
f 2026/1/99 2027/1/99 2030/1/99
f 690/1/143 1820/1/143 691/1/143
f 1565/1/144 1566/1/144 1821/1/144
f 685/1/103 684/1/103 692/1/103
f 1767/1/1 2321/1/1 2053/1/1
f 810/1/145 715/1/146 716/1/147
f 714/1/56 2051/1/148 2063/1/57
f 2081/1/149 807/1/150 747/1/151
f 779/1/152 2113/1/153 772/1/154
f 824/1/155 762/1/156 782/1/157
f 771/1/158 824/1/155 782/1/157
f 761/1/159 826/1/160 774/1/161
f 2353/1/162 761/1/159 774/1/161
f 789/1/13 790/1/13 2120/1/13
f 760/1/163 2111/1/164 2091/1/165
f 1009/1/14 1011/1/14 2307/1/14
f 1014/1/166 1028/1/167 1012/1/168
f 1010/1/14 2302/1/14 1011/1/14
f 2282/1/14 2285/1/14 1037/1/14
f 2319/1/73 1763/1/169 1768/1/74
f 715/1/146 810/1/145 1044/1/170
f 1258/1/80 1257/1/80 499/1/80
f 1268/1/171 2382/1/171 2059/1/171
f 2381/1/172 2383/1/172 1265/1/172
f 1269/1/173 2379/1/173 1266/1/173
f 1278/1/174 1276/1/174 1270/1/174
f 1316/1/84 1360/1/83 1310/1/175
f 2414/1/176 2453/1/177 2448/1/178
f 1358/1/179 1317/1/92 1308/1/180
f 2473/1/181 2474/1/181 2406/1/181
f 1317/1/92 1358/1/179 1356/1/90
f 1363/1/13 2483/1/13 1365/1/97
f 2489/1/96 2492/1/182 1365/1/97
f 1366/1/95 2487/1/94 2484/1/14
f 1488/1/98 2537/1/183 2540/1/53
usemtl col_1
f 27/1/184 1484/1/185 1/1/186
f 22/1/187 1491/1/188 6/1/189
f 624/1/190 626/1/191 623/1/192
f 1521/1/193 25/1/194 1524/1/195
f 25/1/194 1481/1/196 1501/1/197
f 1530/1/198 1513/1/199 1515/1/200
f 1497/1/201 101/1/118 26/1/202
f 1979/1/203 1980/1/204 1978/1/205
f 27/1/184 1525/1/206 1527/1/207
f 114/1/208 104/1/209 41/1/210
f 1534/1/211 106/1/110 44/1/109
f 1532/1/16 42/1/15 1538/1/212
f 1526/1/213 1547/1/119 101/1/118
f 38/1/214 1544/1/18 99/1/20
f 21/1/215 31/1/216 24/1/217
f 92/1/106 1594/1/218 1595/1/219
f 4/1/104 1591/1/220 93/1/221
f 92/1/106 1591/1/220 4/1/104
f 135/1/222 1636/1/223 125/1/224
f 136/1/225 1606/1/226 126/1/227
f 132/1/228 1621/1/229 1634/1/230
f 129/1/231 142/1/232 1604/1/233
f 143/1/234 1612/1/235 135/1/222
f 144/1/236 139/1/237 136/1/225
f 141/1/238 1646/1/239 1621/1/229
f 137/1/240 1618/1/241 142/1/232
f 144/1/236 152/1/242 139/1/237
f 149/1/243 1646/1/239 141/1/238
f 1631/1/244 1640/1/245 1611/1/246
f 143/1/234 1617/1/247 1647/1/248
f 148/1/249 1614/1/250 140/1/251
f 153/1/252 1642/1/253 1623/1/254
f 154/1/255 1618/1/241 145/1/256
f 155/1/257 147/1/258 146/1/259
f 1631/1/244 1625/1/260 1640/1/245
f 150/1/261 1610/1/262 1617/1/247
f 151/1/263 1613/1/264 152/1/242
f 160/1/265 1629/1/266 149/1/243
f 161/1/267 1630/1/268 154/1/255
f 1626/1/269 147/1/258 155/1/257
f 166/1/270 1610/1/262 157/1/271
f 167/1/272 1613/1/264 158/1/273
f 160/1/265 1603/1/274 1616/1/275
f 161/1/267 171/1/276 164/1/277
f 173/1/278 174/1/279 165/1/280
f 179/1/281 1605/1/282 166/1/270
f 175/1/283 168/1/284 167/1/272
f 176/1/285 1635/1/286 1643/1/287
f 172/1/288 1609/1/289 1608/1/290
f 169/1/291 177/1/292 1603/1/274
f 170/1/293 181/1/294 171/1/276
f 178/1/295 182/1/296 162/1/297
f 175/1/283 1644/1/298 168/1/284
f 180/1/299 177/1/292 169/1/291
f 173/1/278 183/1/300 174/1/279
f 179/1/281 1633/1/301 1632/1/302
f 176/1/285 1607/1/303 1635/1/286
f 127/1/304 1609/1/289 172/1/288
f 185/1/305 181/1/294 1638/1/306
f 186/1/307 182/1/296 178/1/295
f 184/1/308 1615/1/309 1644/1/298
f 128/1/310 1639/1/311 180/1/299
f 173/1/278 1619/1/312 183/1/300
f 187/1/313 1636/1/223 1633/1/301
f 129/1/231 188/1/314 185/1/305
f 124/1/315 182/1/296 186/1/307
f 1661/1/13 1656/1/13 1665/1/13
f 229/1/316 1710/1/317 224/1/318
f 228/1/319 1679/1/320 286/1/321
f 235/1/225 1681/1/226 225/1/227
f 232/1/228 1696/1/229 1708/1/230
f 238/1/322 1687/1/323 229/1/316
f 236/1/324 242/1/325 1679/1/320
f 1705/1/326 1686/1/327 234/1/328
f 244/1/236 239/1/237 235/1/225
f 241/1/238 1720/1/239 1696/1/229
f 246/1/329 243/1/330 237/1/331
f 244/1/236 251/1/242 239/1/237
f 249/1/243 1720/1/239 241/1/238
f 1705/1/326 1714/1/332 1686/1/327
f 247/1/333 1692/1/334 1721/1/335
f 248/1/336 1689/1/250 240/1/251
f 252/1/252 1716/1/337 1698/1/254
f 253/1/338 1693/1/339 245/1/340
f 254/1/341 243/1/330 246/1/329
f 1705/1/326 1700/1/342 1714/1/332
f 247/1/333 1685/1/343 1692/1/334
f 250/1/263 1688/1/264 251/1/242
f 259/1/265 1704/1/266 249/1/243
f 260/1/344 1693/1/339 253/1/338
f 1701/1/345 243/1/330 254/1/341
f 265/1/346 1685/1/343 256/1/347
f 266/1/272 1688/1/264 257/1/273
f 259/1/265 1678/1/348 1691/1/275
f 260/1/344 270/1/349 263/1/350
f 278/1/351 1680/1/352 265/1/346
f 273/1/283 267/1/353 266/1/272
f 274/1/285 1709/1/286 1717/1/287
f 271/1/288 1684/1/289 1683/1/354
f 268/1/291 275/1/292 1678/1/348
f 269/1/355 280/1/356 270/1/349
f 273/1/283 1718/1/298 267/1/353
f 279/1/299 275/1/292 268/1/291
f 277/1/357 282/1/358 272/1/359
f 278/1/351 1707/1/360 1706/1/361
f 274/1/285 1682/1/303 1709/1/286
f 226/1/362 1684/1/289 271/1/288
f 284/1/363 280/1/356 1712/1/364
f 285/1/365 281/1/366 276/1/367
f 283/1/308 1690/1/309 1718/1/298
f 227/1/310 1713/1/311 279/1/299
f 277/1/357 1694/1/368 282/1/358
f 224/1/318 1710/1/317 1707/1/360
f 228/1/319 286/1/321 284/1/363
f 223/1/369 281/1/366 285/1/365
f 1751/1/13 1739/1/13 1746/1/13
f 10/1/370 1039/1/371 718/1/372
f 2019/1/373 1042/1/373 1432/1/373
f 9/1/374 1760/1/374 11/1/374
f 3/1/105 326/1/375 327/1/123
f 1667/1/376 211/1/377 203/1/378
f 210/1/379 205/1/380 202/1/381
f 1668/1/382 215/1/383 207/1/384
f 214/1/385 209/1/386 206/1/387
f 1730/1/388 308/1/389 1741/1/390
f 309/1/391 298/1/392 306/1/393
f 93/1/221 1591/1/220 1594/1/218
f 91/1/394 328/1/395 90/1/396
f 98/1/79 97/1/79 401/1/79
f 1259/1/397 1832/1/397 1831/1/397
f 16/1/398 503/1/398 502/1/398
f 1053/1/399 1261/1/399 330/1/399
f 1887/1/373 1888/1/373 546/1/373
f 1871/1/400 545/1/401 1866/1/402
f 1855/1/403 544/1/404 1871/1/405
f 1866/1/402 545/1/401 544/1/406
f 615/1/407 617/1/408 618/1/409
f 1983/1/410 1985/1/411 1982/1/412
f 1989/1/413 1991/1/414 1990/1/415
f 657/1/416 650/1/417 651/1/418
f 1997/1/419 1999/1/420 1996/1/421
f 322/1/373 1042/1/373 2015/1/422
f 323/1/373 2015/1/422 2022/1/373
f 678/1/423 674/1/424 683/1/425
f 680/1/426 683/1/425 2025/1/427
f 679/1/428 674/1/424 678/1/423
f 2031/1/429 2037/1/430 2033/1/431
f 712/1/432 2045/1/433 2043/1/434
f 1480/1/14 1500/1/14 2047/1/14
f 745/1/435 2050/1/436 805/1/437
f 2070/1/438 2090/1/438 2069/1/438
f 2054/1/439 740/1/440 722/1/441
f 1388/1/442 1390/1/443 1389/1/444
f 2048/1/445 743/1/446 2061/1/447
f 2089/1/448 2072/1/449 2088/1/450
f 819/1/64 2060/1/451 744/1/452
f 2513/1/453 2514/1/454 2515/1/455
f 745/1/435 2084/1/456 713/1/457
f 2093/1/458 824/1/155 2092/1/459
f 2097/1/460 760/1/163 2091/1/165
f 2105/1/66 2085/1/461 819/1/64
f 2103/1/68 756/1/462 817/1/69
f 2159/1/463 2161/1/464 2157/1/465
f 749/1/466 739/1/467 742/1/468
f 2049/1/14 806/1/14 1483/1/14
f 810/1/145 2153/1/469 2149/1/470
f 2150/1/471 716/1/147 811/1/472
f 2150/1/471 810/1/145 716/1/147
f 846/1/473 2193/1/474 850/1/475
f 2187/1/476 856/1/477 851/1/341
f 2195/1/478 853/1/479 843/1/480
f 2165/1/481 854/1/482 844/1/483
f 847/1/484 860/1/485 855/1/486
f 2181/1/487 2183/1/488 2182/1/489
f 850/1/475 2180/1/490 859/1/491
f 851/1/341 856/1/477 864/1/329
f 2171/1/492 861/1/493 853/1/479
f 857/1/494 862/1/495 854/1/482
f 855/1/486 2177/1/496 863/1/497
f 852/1/498 2170/1/327 2190/1/499
f 848/1/500 858/1/501 866/1/502
f 2205/1/503 867/1/504 859/1/491
f 861/1/493 2176/1/505 868/1/506
f 862/1/495 870/1/507 869/1/508
f 2201/1/509 871/1/510 2182/1/489
f 2177/1/496 872/1/511 863/1/497
f 865/1/512 873/1/513 864/1/329
f 868/1/506 2169/1/514 875/1/515
f 869/1/508 2172/1/516 876/1/517
f 2188/1/518 878/1/519 867/1/504
f 2189/1/520 879/1/521 872/1/511
f 865/1/512 2185/1/522 873/1/513
f 874/1/523 880/1/524 2204/1/525
f 2169/1/514 884/1/526 875/1/515
f 2172/1/516 885/1/527 876/1/517
f 878/1/519 2162/1/528 887/1/529
f 879/1/521 889/1/530 888/1/531
f 877/1/532 2167/1/533 890/1/534
f 2204/1/525 880/1/524 896/1/367
f 892/1/359 891/1/535 883/1/536
f 2164/1/537 897/1/538 884/1/526
f 886/1/539 893/1/540 885/1/527
f 2194/1/541 894/1/542 2202/1/543
f 888/1/531 899/1/544 2197/1/545
f 895/1/546 898/1/547 887/1/529
f 897/1/538 2192/1/548 905/1/549
f 893/1/540 2203/1/550 902/1/551
f 2168/1/552 845/1/553 890/1/534
f 899/1/544 903/1/554 2197/1/545
f 900/1/555 904/1/556 896/1/367
f 2198/1/557 846/1/473 898/1/547
f 905/1/549 2195/1/478 843/1/480
f 902/1/551 2174/1/558 844/1/483
f 906/1/559 847/1/484 903/1/554
f 900/1/555 842/1/560 904/1/556
f 2220/1/13 2215/1/13 2216/1/13
f 2269/1/561 947/1/562 942/1/563
f 945/1/473 2267/1/474 950/1/475
f 2262/1/564 955/1/565 951/1/566
f 2240/1/481 953/1/482 943/1/483
f 946/1/567 2238/1/568 954/1/569
f 2246/1/570 956/1/571 947/1/562
f 2256/1/487 2258/1/488 2257/1/489
f 950/1/475 2255/1/490 959/1/491
f 951/1/566 955/1/565 964/1/259
f 2245/1/246 2264/1/572 952/1/573
f 957/1/494 962/1/495 953/1/482
f 954/1/569 960/1/574 963/1/575
f 956/1/571 2280/1/576 965/1/577
f 948/1/500 958/1/501 966/1/502
f 2279/1/503 967/1/504 959/1/491
f 962/1/495 969/1/507 968/1/508
f 2275/1/509 970/1/510 2257/1/489
f 2252/1/578 971/1/579 963/1/575
f 961/1/580 972/1/581 964/1/259
f 965/1/577 2244/1/582 974/1/583
f 968/1/508 2247/1/516 975/1/517
f 2263/1/518 977/1/519 967/1/504
f 2252/1/578 978/1/584 971/1/579
f 961/1/580 2260/1/585 972/1/581
f 973/1/586 979/1/587 2278/1/588
f 2244/1/582 983/1/589 974/1/583
f 2247/1/516 984/1/590 975/1/517
f 977/1/519 2237/1/591 986/1/529
f 978/1/584 988/1/592 987/1/593
f 976/1/532 2242/1/533 989/1/534
f 2278/1/588 979/1/587 994/1/295
f 2239/1/594 996/1/595 983/1/589
f 985/1/539 991/1/596 984/1/590
f 2268/1/541 992/1/597 2276/1/543
f 987/1/593 998/1/598 2271/1/599
f 982/1/600 990/1/279 995/1/280
f 993/1/546 997/1/547 986/1/529
f 991/1/596 2277/1/550 1001/1/551
f 2243/1/552 944/1/553 989/1/534
f 998/1/598 1002/1/601 2271/1/599
f 999/1/602 1003/1/603 994/1/295
f 996/1/595 2266/1/604 942/1/563
f 2272/1/557 945/1/473 997/1/547
f 1001/1/551 2249/1/558 943/1/483
f 1004/1/605 946/1/567 1002/1/601
f 999/1/602 941/1/606 1003/1/603
f 2299/1/13 2311/1/13 2306/1/13
f 1044/1/170 1046/1/607 1045/1/608
f 1048/1/609 18/1/610 736/1/611
f 2226/1/612 929/1/613 2231/1/614
f 923/1/615 928/1/616 920/1/617
f 2227/1/618 933/1/619 2235/1/620
f 927/1/621 932/1/622 924/1/623
f 1031/1/624 1028/1/167 1014/1/166
f 1026/1/625 2289/1/626 2301/1/627
f 1027/1/628 1016/1/629 1018/1/630
f 734/1/631 1264/1/631 2067/1/631
f 1379/1/632 1381/1/633 1380/1/634
f 2517/1/635 2519/1/636 2518/1/637
f 1421/1/638 1414/1/639 1420/1/640
f 2531/1/641 2533/1/642 2532/1/643
f 730/1/183 2537/1/183 1488/1/98
f 1450/1/644 1447/1/645 1446/1/646
f 1447/1/645 2557/1/647 1445/1/648
f 1440/1/649 1446/1/646 1445/1/648
f 2569/1/650 2563/1/651 2565/1/652
f 2575/1/653 2577/1/654 1479/1/655
f 325/1/656 3/1/105 1759/1/657
f 1498/1/14 1500/1/14 1480/1/14
f 27/1/184 87/1/658 1484/1/185
f 1511/1/659 1510/1/659 1531/1/659
f 22/1/187 1512/1/660 1491/1/188
f 624/1/190 625/1/661 626/1/191
f 25/1/194 1521/1/193 1481/1/196
f 1530/1/198 1529/1/662 1513/1/199
f 1497/1/201 1526/1/213 101/1/118
f 1979/1/203 1981/1/663 1980/1/204
f 27/1/184 1/1/186 1525/1/206
f 21/1/215 1528/1/664 31/1/216
f 1534/1/211 1533/1/665 106/1/110
f 1538/1/212 1597/1/666 1532/1/16
f 1599/1/667 121/1/668 1548/1/669
f 1598/1/670 1602/1/670 1600/1/670
f 806/1/14 88/1/14 1483/1/14
f 92/1/106 1590/1/671 1594/1/218
f 93/1/221 1594/1/218 1590/1/671
f 92/1/106 1595/1/219 1591/1/220
f 134/1/572 1641/1/672 1620/1/673
f 126/1/227 1606/1/226 1615/1/309
f 128/1/310 132/1/228 1634/1/230
f 1628/1/674 133/1/675 138/1/676
f 135/1/222 1612/1/235 1636/1/223
f 129/1/231 137/1/240 142/1/232
f 134/1/572 1611/1/246 1641/1/672
f 136/1/225 139/1/237 1606/1/226
f 130/1/677 140/1/251 131/1/678
f 1622/1/679 1623/1/254 1624/1/680
f 132/1/228 141/1/238 1621/1/229
f 133/1/675 146/1/259 138/1/676
f 143/1/234 1647/1/248 1612/1/235
f 137/1/240 145/1/256 1618/1/241
f 134/1/572 1631/1/244 1611/1/246
f 130/1/677 148/1/249 140/1/251
f 1623/1/254 1642/1/253 1624/1/680
f 146/1/259 147/1/258 138/1/676
f 143/1/234 150/1/261 1617/1/247
f 144/1/236 151/1/263 152/1/242
f 149/1/243 1629/1/266 1646/1/239
f 154/1/255 1630/1/268 1618/1/241
f 150/1/261 157/1/271 1610/1/262
f 151/1/263 158/1/273 1613/1/264
f 160/1/265 1616/1/275 1629/1/266
f 161/1/267 164/1/277 1630/1/268
f 165/1/280 1637/1/681 1627/1/682
f 156/1/683 1645/1/684 162/1/297
f 166/1/270 1605/1/282 1610/1/262
f 167/1/272 168/1/284 1613/1/264
f 160/1/265 169/1/291 1603/1/274
f 161/1/267 170/1/293 171/1/276
f 165/1/280 174/1/279 1637/1/681
f 1643/1/287 1635/1/286 163/1/685
f 159/1/686 172/1/288 1608/1/290
f 1645/1/684 178/1/295 162/1/297
f 179/1/281 1632/1/302 1605/1/282
f 170/1/293 1638/1/306 181/1/294
f 179/1/281 187/1/313 1633/1/301
f 175/1/283 184/1/308 1644/1/298
f 180/1/299 1639/1/311 177/1/292
f 185/1/305 188/1/314 181/1/294
f 187/1/313 125/1/224 1636/1/223
f 184/1/308 126/1/227 1615/1/309
f 128/1/310 1634/1/230 1639/1/311
f 129/1/231 1604/1/233 188/1/314
f 1661/1/13 1657/1/13 1656/1/13
f 234/1/328 1715/1/687 1695/1/688
f 225/1/227 1681/1/226 1690/1/309
f 227/1/310 232/1/228 1708/1/230
f 1703/1/689 233/1/690 237/1/331
f 229/1/316 1687/1/323 1710/1/317
f 228/1/319 236/1/324 1679/1/320
f 234/1/328 1686/1/327 1715/1/687
f 235/1/225 239/1/237 1681/1/226
f 230/1/691 240/1/251 231/1/678
f 1697/1/679 1698/1/254 1699/1/680
f 232/1/228 241/1/238 1696/1/229
f 233/1/690 246/1/329 237/1/331
f 238/1/322 1721/1/335 1687/1/323
f 236/1/324 245/1/340 242/1/325
f 238/1/322 247/1/333 1721/1/335
f 230/1/691 248/1/336 240/1/251
f 1698/1/254 1716/1/337 1699/1/680
f 245/1/340 1693/1/339 242/1/325
f 244/1/236 250/1/263 251/1/242
f 249/1/243 1704/1/266 1720/1/239
f 247/1/333 256/1/347 1685/1/343
f 250/1/263 257/1/273 1688/1/264
f 259/1/265 1691/1/275 1704/1/266
f 260/1/344 263/1/350 1693/1/339
f 264/1/535 1711/1/692 1702/1/693
f 255/1/694 1719/1/695 261/1/555
f 265/1/346 1680/1/352 1685/1/343
f 266/1/272 267/1/353 1688/1/264
f 259/1/265 268/1/291 1678/1/348
f 260/1/344 269/1/355 270/1/349
f 264/1/535 272/1/359 1711/1/692
f 1717/1/287 1709/1/286 262/1/685
f 258/1/686 271/1/288 1683/1/354
f 1719/1/695 276/1/367 261/1/555
f 278/1/351 1706/1/361 1680/1/352
f 269/1/355 1712/1/364 280/1/356
f 264/1/535 277/1/357 272/1/359
f 276/1/367 281/1/366 261/1/555
f 273/1/283 283/1/308 1718/1/298
f 279/1/299 1713/1/311 275/1/292
f 278/1/351 224/1/318 1707/1/360
f 284/1/363 286/1/321 280/1/356
f 283/1/308 225/1/227 1690/1/309
f 227/1/310 1708/1/230 1713/1/311
f 1751/1/13 1755/1/13 1739/1/13
f 666/1/696 1482/1/696 717/1/696
f 3/1/105 325/1/656 326/1/375
f 725/1/697 1499/1/697 1262/1/697
f 719/1/698 1769/1/698 324/1/698
f 1667/1/376 1672/1/699 211/1/377
f 210/1/379 213/1/700 205/1/380
f 1668/1/382 1676/1/701 215/1/383
f 214/1/385 217/1/702 209/1/386
f 1727/1/23 297/1/22 312/1/703
f 313/1/704 296/1/24 310/1/26
f 1730/1/388 301/1/705 308/1/389
f 309/1/391 300/1/706 298/1/392
f 1596/1/27 1808/1/27 1592/1/27
f 16/1/398 1508/1/398 503/1/398
f 615/1/407 616/1/707 617/1/408
f 1983/1/410 1984/1/708 1985/1/411
f 1986/1/709 1987/1/709 1988/1/709
f 657/1/416 656/1/710 650/1/417
f 1997/1/419 1998/1/711 1999/1/420
f 323/1/373 322/1/373 2015/1/422
f 2019/1/373 1432/1/373 2022/1/373
f 679/1/428 680/1/426 2025/1/427
f 2024/1/373 682/1/373 681/1/373
f 680/1/426 678/1/423 683/1/425
f 679/1/428 2025/1/427 674/1/424
f 2031/1/429 2035/1/712 2037/1/430
f 2043/1/434 2041/1/713 712/1/432
f 1045/1/608 325/1/656 1759/1/657
f 1045/1/608 1759/1/657 2317/1/714
f 2317/1/714 715/1/146 1045/1/608
f 745/1/435 713/1/457 2050/1/436
f 2054/1/439 2071/1/715 740/1/440
f 1388/1/442 1387/1/716 1390/1/443
f 2080/1/717 2083/1/718 743/1/446
f 2048/1/445 2080/1/717 743/1/446
f 2089/1/448 2074/1/719 2072/1/449
f 819/1/64 2085/1/461 2060/1/451
f 2513/1/453 2512/1/720 2514/1/454
f 745/1/435 2086/1/721 2084/1/456
f 749/1/466 2087/1/722 739/1/467
f 832/1/723 759/1/724 822/1/725
f 2093/1/458 762/1/156 824/1/155
f 2091/1/165 2156/1/726 2097/1/460
f 2106/1/727 839/1/728 2158/1/729
f 810/1/145 2154/1/730 2153/1/469
f 2149/1/470 2153/1/469 811/1/472
f 2150/1/471 2154/1/730 810/1/145
f 2179/1/731 2200/1/732 852/1/498
f 2174/1/558 2165/1/481 844/1/483
f 2195/1/478 2171/1/492 853/1/479
f 850/1/475 2193/1/474 2180/1/490
f 847/1/484 2163/1/733 860/1/485
f 2200/1/732 2170/1/327 852/1/498
f 2165/1/481 857/1/494 854/1/482
f 849/1/734 858/1/501 848/1/500
f 2171/1/492 2206/1/735 861/1/493
f 859/1/491 2180/1/490 2205/1/503
f 855/1/486 860/1/485 2177/1/496
f 862/1/495 857/1/494 870/1/507
f 2183/1/488 2201/1/509 2182/1/489
f 856/1/477 865/1/512 864/1/329
f 2190/1/499 2170/1/327 2199/1/736
f 861/1/493 2206/1/735 2176/1/505
f 866/1/502 858/1/501 2173/1/737
f 2205/1/503 2188/1/518 867/1/504
f 2177/1/496 2189/1/520 872/1/511
f 2190/1/499 2199/1/736 2184/1/738
f 868/1/506 2176/1/505 2169/1/514
f 869/1/508 870/1/507 2172/1/516
f 2188/1/518 2175/1/739 878/1/519
f 2189/1/520 882/1/740 879/1/521
f 2186/1/741 2196/1/742 883/1/536
f 2169/1/514 2164/1/537 884/1/526
f 2172/1/516 886/1/539 885/1/527
f 878/1/519 2175/1/739 2162/1/528
f 879/1/521 882/1/740 889/1/530
f 2196/1/742 892/1/359 883/1/536
f 881/1/743 2194/1/541 2202/1/543
f 2164/1/537 2191/1/744 897/1/538
f 890/1/534 2167/1/533 2168/1/552
f 887/1/529 2162/1/528 895/1/546
f 888/1/531 889/1/530 899/1/544
f 896/1/367 880/1/524 900/1/555
f 893/1/540 886/1/539 2203/1/550
f 891/1/535 892/1/359 901/1/745
f 897/1/538 2191/1/744 2192/1/548
f 894/1/542 2194/1/541 2166/1/746
f 895/1/546 2198/1/557 898/1/547
f 899/1/544 906/1/559 903/1/554
f 902/1/551 2203/1/550 2174/1/558
f 891/1/535 901/1/745 2178/1/747
f 905/1/549 2192/1/548 2195/1/478
f 2198/1/557 2193/1/474 846/1/473
f 906/1/559 2163/1/733 847/1/484
f 2220/1/13 2224/1/13 2215/1/13
f 2254/1/748 2274/1/749 952/1/573
f 2249/1/558 2240/1/481 943/1/483
f 946/1/567 1004/1/605 2238/1/568
f 2269/1/561 2246/1/570 947/1/562
f 950/1/475 2267/1/474 2255/1/490
f 2274/1/749 2245/1/246 952/1/573
f 2240/1/481 957/1/494 953/1/482
f 949/1/734 958/1/501 948/1/500
f 954/1/569 2238/1/568 960/1/574
f 2246/1/570 2280/1/576 956/1/571
f 959/1/491 2255/1/490 2279/1/503
f 964/1/259 955/1/565 961/1/580
f 962/1/495 957/1/494 969/1/507
f 2258/1/488 2275/1/509 2257/1/489
f 960/1/574 2252/1/578 963/1/575
f 2264/1/572 2245/1/246 2273/1/750
f 965/1/577 2280/1/576 2251/1/751
f 966/1/502 958/1/501 2248/1/737
f 2279/1/503 2263/1/518 967/1/504
f 2264/1/572 2273/1/750 2259/1/752
f 965/1/577 2251/1/751 2244/1/582
f 968/1/508 969/1/507 2247/1/516
f 2263/1/518 2250/1/739 977/1/519
f 2252/1/578 981/1/753 978/1/584
f 2261/1/754 2270/1/300 982/1/600
f 2244/1/582 2239/1/594 983/1/589
f 2247/1/516 985/1/539 984/1/590
f 977/1/519 2250/1/739 2237/1/591
f 978/1/584 981/1/753 988/1/592
f 2270/1/300 990/1/279 982/1/600
f 980/1/743 2268/1/541 2276/1/543
f 2239/1/594 2265/1/755 996/1/595
f 989/1/534 2242/1/533 2243/1/552
f 986/1/529 2237/1/591 993/1/546
f 987/1/593 988/1/592 998/1/598
f 991/1/596 985/1/539 2277/1/550
f 979/1/587 999/1/602 994/1/295
f 995/1/280 990/1/279 1000/1/756
f 996/1/595 2265/1/755 2266/1/604
f 992/1/597 2268/1/541 2241/1/746
f 993/1/546 2272/1/557 997/1/547
f 1001/1/551 2277/1/550 2249/1/558
f 998/1/598 1004/1/605 1002/1/601
f 995/1/280 1000/1/756 2253/1/757
f 942/1/563 2266/1/604 2269/1/561
f 2272/1/557 2267/1/474 945/1/473
f 2299/1/13 2314/1/13 2311/1/13
f 1039/1/371 1430/1/758 718/1/372
f 2552/1/373 1432/1/373 1042/1/373
f 1431/1/696 666/1/696 717/1/696
f 728/1/759 729/1/759 2318/1/759
f 715/1/146 1044/1/170 1045/1/608
f 1048/1/609 1047/1/760 18/1/610
f 725/1/697 1262/1/697 2375/1/697
f 2226/1/612 921/1/761 929/1/613
f 923/1/615 931/1/762 928/1/616
f 2227/1/618 925/1/763 933/1/619
f 927/1/621 935/1/764 932/1/622
f 1030/1/765 1015/1/70 2286/1/72
f 1026/1/625 1019/1/766 2289/1/626
f 1027/1/628 1024/1/767 1016/1/629
f 2151/1/79 2355/1/79 2155/1/79
f 811/1/472 2153/1/469 2150/1/471
f 809/1/768 808/1/769 1051/1/770
f 816/1/27 1133/1/27 815/1/27
f 1832/1/397 1259/1/397 2374/1/397
f 734/1/631 1263/1/631 1264/1/631
f 2378/1/399 1261/1/399 1053/1/399
f 2428/1/373 1307/1/373 2429/1/373
f 1379/1/632 1382/1/771 1381/1/633
f 2517/1/635 2516/1/772 2519/1/636
f 2522/1/773 2521/1/773 2520/1/773
f 2523/1/774 2524/1/775 2525/1/776
f 1421/1/638 1415/1/777 1414/1/639
f 2531/1/641 2530/1/778 2533/1/642
f 2011/1/779 2546/1/779 2010/1/779
f 2552/1/373 1042/1/373 1041/1/373
f 1043/1/373 2552/1/373 1041/1/373
f 1043/1/780 2022/1/373 2555/1/780
f 2022/1/373 1432/1/373 2555/1/780
f 2557/1/647 1440/1/649 1445/1/648
f 1440/1/649 1450/1/644 1446/1/646
f 1450/1/644 2557/1/647 1447/1/645
f 2569/1/650 2567/1/781 2563/1/651
f 1479/1/655 2573/1/782 2575/1/653
usemtl col_3
f 1492/1/783 2055/1/784 812/1/75
f 2426/1/779 2427/1/779 2425/1/779
f 1492/1/783 1768/1/74 94/1/122
f 94/1/122 1506/1/785 1492/1/783
f 1885/1/779 1884/1/779 1886/1/779
f 812/1/75 1768/1/74 1492/1/783
usemtl uv__tex_blury
f 1136/1/786 1140/1/787 1137/1/788
f 1170/1/789 1172/1/790 1168/1/791
f 1812/1/792 435/1/792 430/1/792
f 429/1/793 442/1/793 424/1/793
f 459/1/794 468/1/794 458/1/794
f 466/1/795 449/1/795 448/1/795
f 1829/1/796 1830/1/797 382/1/798
f 380/1/799 1830/1/797 1829/1/796
f 494/1/27 493/1/27 492/1/27
f 498/1/800 495/1/801 497/1/802
f 1876/1/803 576/1/803 573/1/803
f 585/1/804 582/1/804 1880/1/804
f 591/1/805 1880/1/805 1862/1/805
f 1160/1/806 1161/1/806 1159/1/806
f 1180/1/807 2359/1/808 2360/1/809
f 1180/1/807 2360/1/809 2358/1/810
f 1179/1/793 2361/1/793 1174/1/793
f 1191/1/811 1199/1/812 1190/1/813
f 1206/1/814 1210/1/815 2362/1/816
f 1200/1/817 1209/1/817 1201/1/817
f 1216/1/818 1217/1/818 1214/1/818
f 1197/1/794 1215/1/794 1195/1/794
f 1226/1/819 1224/1/820 1815/1/821
f 1119/1/822 2356/1/823 1121/1/824
f 1255/1/825 1256/1/825 1254/1/825
f 1343/1/826 1346/1/826 2421/1/826
f 2421/1/803 1352/1/803 1355/1/803
f 2579/1/827 2582/1/828 2580/1/829
f 2580/1/829 2582/1/828 2581/1/830
f 2580/1/829 2581/1/830 2579/1/827
f 2585/1/831 2583/1/831 2584/1/831
f 2585/1/831 2584/1/831 2583/1/831
f 2590/1/832 2591/1/833 2588/1/834
f 2587/1/835 2590/1/836 2589/1/837
f 2589/1/837 2595/1/838 2588/1/834
f 2590/1/836 2594/1/839 2589/1/837
f 2588/1/834 2595/1/838 2590/1/832
f 2590/1/832 2592/1/840 2591/1/833
f 2587/1/835 2593/1/841 2590/1/836
f 2588/1/834 2593/1/841 2587/1/835
f 2591/1/833 2592/1/840 2588/1/834
f 1144/1/842 1136/1/786 1134/1/843
f 1140/1/787 1144/1/842 2357/1/844
f 1162/1/845 1166/1/846 1165/1/847
f 1166/1/846 1170/1/789 1168/1/791
f 1170/1/789 1162/1/845 1172/1/790
f 436/1/848 1811/1/849 1810/1/850
f 436/1/848 1809/1/851 1811/1/849
f 1813/1/852 1190/1/813 1199/1/812
f 1190/1/813 1194/1/853 1191/1/811
f 1194/1/853 1813/1/852 1196/1/854
f 457/1/855 1814/1/856 461/1/857
f 453/1/858 1814/1/856 457/1/855
f 451/1/859 452/1/859 460/1/859
f 450/1/817 444/1/817 443/1/817
f 1219/1/860 1815/1/821 1221/1/861
f 1226/1/819 1219/1/860 1228/1/862
f 1125/1/863 1121/1/824 1123/1/864
f 1119/1/865 1125/1/863 1123/1/864
f 496/1/866 498/1/800 497/1/802
f 1855/1/403 1866/1/867 544/1/404
f 1907/1/135 1873/1/137 534/1/868
f 1870/1/869 1904/1/869 532/1/869
f 1893/1/870 1868/1/871 526/1/872
f 1893/1/870 1899/1/873 1868/1/871
f 1864/1/31 550/1/31 524/1/31
f 1136/1/786 1137/1/788 1134/1/843
f 1140/1/787 2357/1/844 1137/1/788
f 1144/1/842 1134/1/843 2357/1/844
f 1159/1/874 1161/1/874 1158/1/874
f 1166/1/846 1168/1/791 1165/1/847
f 1162/1/845 1165/1/847 1172/1/790
f 1173/1/792 1163/1/792 1186/1/792
f 1194/1/853 1196/1/854 1191/1/811
f 1813/1/852 1199/1/812 1196/1/854
f 1206/1/814 2362/1/816 1202/1/875
f 1208/1/795 1207/1/795 1218/1/795
f 1214/1/876 1217/1/876 1213/1/876
f 1187/1/859 1188/1/859 1198/1/859
f 1219/1/860 1221/1/861 1228/1/862
f 1815/1/821 1224/1/820 1221/1/861
f 1226/1/819 1228/1/862 1224/1/820
f 1121/1/824 2356/1/823 1123/1/864
f 1119/1/865 1118/1/877 2356/1/878
f 1119/1/865 1123/1/864 1118/1/877
f 2372/1/879 1108/1/880 2373/1/881
f 1106/1/882 2372/1/879 2373/1/881
f 1252/1/79 1250/1/79 1251/1/79
f 1255/1/883 1253/1/883 1256/1/883
f 1295/1/884 2414/1/176 2448/1/178
f 1293/1/885 2445/1/885 2412/1/885
f 1287/1/886 2409/1/887 2434/1/888
f 2409/1/887 2440/1/889 2434/1/888
f 1285/1/85 1311/1/85 2406/1/85
f 2417/1/805 2404/1/805 1337/1/805
f 2579/1/827 2581/1/830 2582/1/828
f 2586/1/890 2587/1/835 2589/1/837
f 2589/1/837 2588/1/834 2586/1/890
f 2588/1/834 2587/1/835 2586/1/890
f 2590/1/836 2595/1/838 2594/1/839
f 2589/1/837 2594/1/839 2595/1/838
f 2590/1/832 2593/1/841 2592/1/840
f 2588/1/834 2592/1/840 2593/1/841
usemtl col_4
f 342/1/891 1775/1/891 1774/1/891
f 15/1/892 1104/1/893 378/1/894
f 2007/1/98 2008/1/98 2006/1/98
f 19/1/895 738/1/896 737/1/897
f 733/1/898 1104/1/893 15/1/892
f 2544/1/98 2543/1/98 2542/1/98
f 1774/1/891 1773/1/891 342/1/891
f 2007/1/98 2009/1/98 2008/1/98
f 19/1/895 20/1/899 738/1/896
f 2325/1/900 2326/1/900 2327/1/900
f 2327/1/900 1068/1/900 2325/1/900
f 2544/1/98 2545/1/98 2543/1/98
l 1757 1758
l 32 1535
l 46 1572
l 1584 1563
l 59 116
l 190 222
l 339 341
l 1776 1777
l 347 363
l 1655 1669
l 1937 606
l 652 653
l 1965 1967
l 784 2100
l 912 2221
l 1020 1021
l 1059 2322
l 732 735
l 726 727
l 2331 2339
l 1086 1090
l 1086 1095
l 1826 2370
l 2376 2377
l 1271 1280
l 1325 2456
l 1378 2489
l 1397 2076
l 1391 1392
l 765 2121
l 837 838
l 778 1105
l 2564 2566
l 39 102
l 1673 1675
l 14 335
l 1796 1797
l 1837 1846
l 1935 1936
l 552 559
l 568 581
l 611 609
l 614 1958
l 1976 1977
l 658 660
l 2229 2230
l 912 914
l 2208 2236
l 907 938
l 1009 1010
l 721 1069
l 2335 1077
l 1075 1076
l 1318 1323
l 1369 2493
l 1655 1663
l 195 1658
l 1737 1738
l 644 646
l 662 663
l 700 2040
l 2211 2218
l 2309 2310
l 1822 2369
l 1330 1345
l 1401 1402
l 2539 2541
l 1439 1444
l 1467 2572
l 1733 1736
l 208 216
l 311 295
l 307 299
l 1032 1034
l 671 2016
l 1437 2550
l 415 411
l 408 402
l 423 421
l 409 410
l 441 439
l 439 440
l 472 473
l 478 479
l 475 469
l 480 482
l 476 477
l 470 471
l 384 385
l 391 392
l 394 397
l 388 387
l 1857 1863
l 527 1898
l 535 1911
l 1128 1805
l 1154 1146
l 1238 1231
l 1297 2418
l 1289 2408
l 1314 2437
l 1151 1153
l 1205 1207
l 1239 2363
l 1232 1233
l 1537 1570
l 66 1541
l 196 1660
l 17 334
l 362 370
l 1783 1785
l 368 372
l 373 375
l 510 519
l 564 1915
l 608 1952
l 659 661
l 47 1562
l 707 709
l 766 2132
l 2098 2102
l 2142 2145
l 909 2209
l 908 940
l 1063 1066
l 2343 2347
l 1091 1093
l 1091 1097
l 2392 2394
l 1272 1275
l 1331 1348
l 2528 2529
l 2148 2366
l 1468 1470
l 1474 1476
l 1564 1580
l 121 122
l 287 318
l 354 356
l 364 367
l 557 562
l 1519 635
l 629 631
l 60 379
l 701 703
l 1069 727
l 1095 1098
l 2482 2485
l 1406 1407
l 1753 1756
l 2004 2005
l 673 2018
l 2300 2304
l 2496 2497
l 315 317
l 1505 1486
l 569 584
l 645 647
l 913 2217
l 2291 2290
l 672 677
l 1438 1443
l 2012 2014
l 396 1804
l 422 423
l 424 425
l 427 428
l 433 434
l 430 431
l 484 481
l 528 1867
l 553 1896
l 2358 2359
l 1163 1164
l 1169 1171
l 1176 1177
l 1188 1189
l 1234 1235
l 2416 2424
l 1298 2415
l 2401 2433
l 1290 2443
l 1283 2402
l 536 1877
l 1192 1193
l 1309 2400
l 1343 2417
l 1349 2421
l 48 1573
l 288 1722
l 344 1792
l 1787 1789
l 355 357
l 365 370
l 331 1056
l 1659 1674
l 1493 1834
l 1849 1851
l 511 514
l 570 587
l 1514 1516
l 689 695
l 1577 1578
l 785 823
l 767 788
l 914 2219
l 732 1061
l 720 723
l 1273 2379
l 2506 2508
l 792 797
l 800 801
l 1469 1471
l 1475 2574
l 1557 1558
l 362 371
l 331 333
l 1941 1944
l 630 632
l 1994 1995
l 654 1993
l 702 704
l 708 2042
l 839 840
l 2219 2221
l 1005 1036
l 1072 2337
l 2444 2455
l 2077 2079
l 1456 1462
l 197 1653
l 1023 2293
l 1332 1351
l 1735 1748
l 1249 1828
l 1962 1963
l 664 2002
l 1033 1035
l 421 422
l 403 404
l 412 413
l 465 467
l 445 446
l 449 450
l 459 460
l 454 455
l 489 487
l 397 389
l 389 390
l 1875 1883
l 548 1858
l 1859 1892
l 582 1876
l 529 1902
l 594 1862
l 522 1860
l 1155 1148
l 1204 1205
l 1210 1202
l 1213 1216
l 1299 1300
l 1291 2410
l 1315 2441
l 537 1874
l 588 1880
l 1155 1152
l 1156 1157
l 1201 1203
l 1115 1116
l 1282 2407
l 1338 2435
l 1350 2449
l 67 105
l 49 70
l 1546 1550
l 109 112
l 304 1729
l 1791 1793
l 369 359
l 360 1781
l 1494 1836
l 655 1992
l 82 83
l 2032 2034
l 746 755
l 2143 2122
l 768 781
l 753 758
l 1006 2281
l 1064 2323
l 721 726
l 2328 2329
l 2348 2349
l 1078 1079
l 1274 2389
l 793 796
l 2576 2578
l 1551 1552
l 1542 1601
l 320 1504
l 1972 1974
l 619 622
l 12 1758
l 74 79
l 786 835
l 2232 2234
l 2214 2228
l 2385 2387
l 2395 2396
l 1354 2403
l 1416 1417
l 1422 1424
l 198 200
l 1752 1754
l 332 1058
l 665 2003
l 2214 2222
l 915 2212
l 2292 2296
l 2297 2298
l 1827 2371
l 2502 2504
l 1426 1427
l 1040 321
l 398 399
l 571 590
l 12 1488
l 2534 2535
l 926 934
l 1029 1013
l 1025 1017
l 1305 1306
l 1408 1410
l 2553 2554
l 407 408
l 417 409
l 414 416
l 405 406
l 456 458
l 447 448
l 474 475
l 483 476
l 469 470
l 477 478
l 393 394
l 388 381
l 383 381
l 495 496
l 386 387
l 538 539
l 530 1869
l 554 1900
l 583 1901
l 1152 1148
l 1135 1138
l 1142 1143
l 1150 1151
l 1185 1184
l 1171 1173
l 1243 1244
l 1227 1229
l 1049 1052
l 2457 2458
l 2459 2460
l 1284 2431
l 2461 2462
l 2463 2464
l 2465 2466
l 2467 2468
l 1292 2447
l 2469 2470
l 2471 2472
l 521 1865
l 577 1894
l 1153 1154
l 1139 1141
l 1138 1139
l 1178 1179
l 1189 1192
l 1197 1198
l 1237 1238
l 1110 1111
l 1114 1113
l 28 37
l 1581 1585
l 68 117
l 50 63
l 35 40
l 1648 218
l 192 219
l 333 1770
l 5 343
l 5 7
l 1778 1780
l 1798 1799
l 1495 1833
l 593 1861
l 1948 1959
l 620 621
l 694 1568
l 75 78
l 710 711
l 769 2119
l 2096 2129
l 794 2138
l 2123 2139
l 754 818
l 827 830
l 1022 2288
l 1065 1067
l 1073 1088
l 2336 2338
l 1055 1056
l 1055 1059
l 1267 1277
l 1368 2486
l 2078 1399
l 1393 1395
l 802 803
l 2568 2570
l 1477 1478
l 1554 1556
l 1724 1725
l 336 1772
l 361 365
l 349 350
l 361 358
l 1841 1843
l 1852 1853
l 640 641
l 648 649
l 696 1817
l 2388 2393
l 1279 1273
l 1361 2481
l 1423 1425
l 1461 2127
l 2000 2001
l 1651 1654
l 199 1664
l 1743 1745
l 636 639
l 1968 1970
l 673 676
l 916 918
l 2065 2052
l 1306 2411
l 1326 1333
l 1245 1823
l 1130 1131
l 1409 1411
l 667 2017
l 1433 2551
l 1050 1764
l 432 433
l 426 427
l 481 1816
l 479 480
l 471 472
l 380 382
l 383 384
l 392 393
l 390 391
l 385 386
l 1916 1917
l 1918 1919
l 523 1890
l 1920 1921
l 1922 1923
l 1924 1925
l 1926 1927
l 531 1906
l 1928 1929
l 1930 1931
l 1175 1176
l 1243 1242
l 1126 1127
l 1253 1254
l 1301 2422
l 2398 2413
l 2451 1353
l 2404 1355
l 1149 1147
l 1241 1240
l 1122 1124
l 343 8
l 51 1560
l 123 1540
l 111 113
l 289 290
l 1779 1786
l 1782 351
l 366 371
l 1824 1825
l 513 1845
l 600 1940
l 607 1945
l 633 1517
l 84 85
l 748 2082
l 770 2118
l 910 937
l 2340 2342
l 1080 1082
l 1089 1092
l 1093 1098
l 1099 1102
l 2218 2233
l 1357 2475
l 1327 1336
l 1362 2479
l 1394 1396
l 2136 2137
l 775 2134
l 76 1579
l 36 100
l 1670 1671
l 212 204
l 1649 1677
l 14 17
l 337 340
l 366 368
l 1844 1850
l 506 516
l 627 628
l 2115 2116
l 1087 1096
l 2478 1367
l 2490 2491
l 2073 2075
l 741 1398
l 1418 2527
l 2503 2505
l 1652 1659
l 1749 1750
l 95 400
l 13 501
l 565 572
l 697 699
l 917 2223
l 2294 2308
l 1246 1248
l 2494 2495
l 2498 2500
l 1428 2536
l 1448 1449
l 1464 1466
l 637 638
l 668 2013
l 1434 2548
l 418 411
l 455 456
l 461 453
l 464 467
l 446 447
l 452 454
l 444 445
l 484 1816
l 329 395
l 1856 1872
l 1910 592
l 1803 1807
l 1160 1158
l 1141 1142
l 1185 1183
l 1183 1184
l 1193 1195
l 1233 1234
l 1220 1222
l 1129 1115
l 1124 1129
l 2419 2420
l 1302 2423
l 2442 1344
l 1294 2450
l 329 1806
l 540 1881
l 1143 1145
l 1146 1147
l 1164 1167
l 1229 1230
l 1235 1237
l 1231 1232
l 1334 2404
l 1286 2436
l 1340 2417
l 30 1523
l 193 221
l 191 1650
l 1790 1794
l 596 1934
l 1903 1914
l 566 575
l 1946 1955
l 642 643
l 2044 2046
l 724 2056
l 2109 2110
l 2104 2108
l 763 825
l 2101 2160
l 829 831
l 1007 1008
l 1038 2064
l 1057 2322
l 1070 2345
l 2344 2346
l 1081 1083
l 1090 1096
l 1100 2352
l 2391 2397
l 2384 2386
l 1281 2390
l 1312 1319
l 2507 2509
l 1383 1386
l 730 2316
l 776 795
l 52 1559
l 1539 1543
l 1583 1586
l 115 118
l 1057 1770
l 7 8
l 358 372
l 346 1784
l 601 1938
l 1949 1950
l 23 634
l 1969 1971
l 1589 1819
l 57 1575
l 760 821
l 841 2099
l 930 922
l 1087 1097
l 1371 2488
l 1953 2487
l 1419 2526
l 201 1666
l 1740 1744
l 1732 1731
l 1960 1961
l 1964 1966
l 705 706
l 2312 2313
l 1429 2538
l 1465 2571
l 96 1593
l 698 2039
l 813 1132
l 1374 1376
l 1472 1473
l 2020 2021
l 1435 2556
l 669 2023
l 2547 2549
l 402 403
l 416 417
l 404 405
l 406 407
l 413 414
l 1809 1810
l 434 435
l 441 440
l 428 429
l 464 465
l 482 483
l 488 489
l 473 474
l 1878 1879
l 541 1882
l 573 1862
l 525 1895
l 533 1909
l 1762 2320
l 1239 1236
l 1052 1126
l 1117 1120
l 1109 1107
l 1116 1117
l 1112 1113
l 1303 1304
l 2438 1341
l 1328 1339
l 579 1876
l 1181 1182
l 1177 1178
l 1174 1175
l 1212 1211
l 1114 1107
l 1120 1122
l 1335 2430
l 1347 2446
l 42 103
l 45 107
l 194 1662
l 302 303
l 352 353
l 1848 1854
l 1840 1842
l 520 1846
l 551 558
l 610 1947
l 1973 1975
l 119 120
l 58 77
l 2036 2038
l 750 2094
l 764 2131
l 2140 2144
l 757 820
l 833 836
l 777 834
l 2207 936
l 911 939
l 735 1060
l 1062 2324
l 2330 2332
l 1094 1084
l 1085 2333
l 374 1101
l 2058 2380
l 1313 1320
l 1329 1342
l 1412 1413
l 1384 1385
l 1463 2364
l 1660 1662
l 194 196
l 189 220
l 291 292
l 338 1771
l 1833 1834
l 1518 1520
l 2112 2114
l 2283 2284
l 2350 2351
l 2381 2390
l 2476 2477
l 1372 1370
l 1375 1377
l 2510 2511
l 1404 1405
l 2499 2501
l 305 1734
l 490 491
l 613 1956
l 676 2018
l 2210 2213
l 2303 2305
l 2315 2295
l 814 2152
l 731 1054
l 2411 1305
l 1442 1439
l 1442 1444
l 314 316
l 919 2225
l 1954 1957
l 1400 1403
l 670 675
l 1436 1441
l 418 415
l 412 410
l 425 426
l 437 438
l 431 432
l 488 487
l 395 1247
l 586 1905
l 1908 589
l 1145 1135
l 1149 1150
l 1208 1209
l 1203 1204
l 1225 1227
l 1236 2363
l 1230 1220
l 1244 1242
l 1106 1108
l 1111 1112
l 2399 2405
l 1288 2439
l 1296 2452
l 419 420
l 462 463
l 485 486
l 542 543
l 574 1889
l 580 1897
l 567 578
l 1167 1169
l 1222 1223
l 1223 1225
l 1109 1110
