# Blender 5.0.0
# www.blender.org
mtllib drone_costum_0_0_5.mtl
o drone_costum
v 1.453675 0.321439 1.857030
v -2.520639 0.176975 -0.441076
v 1.297714 1.125708 1.915631
v -2.760940 0.567835 -0.803246
v -1.111049 0.337159 0.464957
v -1.224769 0.996547 0.394355
v 0.217871 0.395784 1.292189
v 0.173034 1.087237 1.283360
v 1.434643 0.333698 1.818069
v -2.806857 0.155425 -0.916627
v 1.416057 1.126954 1.729011
v -2.802666 0.755139 -0.832645
v -0.958511 0.155705 0.310911
v -0.978345 1.155797 0.313728
v 0.208197 1.240752 1.069052
v 0.325925 0.252571 1.119857
v -0.755381 1.480030 0.318312
v 0.088705 1.606395 0.869349
v -1.023273 1.137628 0.301755
v -0.811001 1.612749 0.223319
v -1.646052 0.386023 0.505893
v -1.640908 0.580787 0.818713
v -2.363356 0.571505 0.096906
v -2.465884 0.304294 -0.011168
v 0.295964 0.688395 2.084765
v -0.066582 0.983046 1.363754
v 0.293329 0.253642 1.454724
v -2.041165 0.615222 1.071997
v -2.084722 0.480700 1.268125
v -2.307419 0.583936 0.636813
v -2.568113 0.268240 0.517999
v 0.424264 0.979960 2.429470
v 0.420504 0.397735 2.552726
v -0.163435 0.347861 2.200008
v -2.126488 0.722046 1.004738
v -1.990270 0.203404 1.044136
v -2.586615 0.564352 0.720547
v -2.568420 0.462541 0.949863
v 0.381112 0.355556 2.540866
v -4.295723 0.510836 2.172925
v -4.313691 0.225247 1.847923
v -4.414170 0.498638 2.009552
v -4.796692 0.126604 1.779182
v 0.281447 -0.329226 5.017869
v -0.239171 -0.240534 4.699492
v -4.628679 0.497116 2.563838
v -4.470274 -0.125683 2.626251
v -4.802742 0.484378 2.454218
v -0.192582 0.334600 5.339455
v -0.032553 -0.344527 5.401703
v -0.363697 0.322079 5.231695
v -0.417004 -0.372650 5.159609
v -0.285358 0.747543 5.036233
v -4.746932 0.898065 2.205975
v -0.039755 0.757623 5.157351
v -4.533928 0.922837 2.375141
v -4.555724 -0.546311 2.137976
v -4.421175 -0.537316 2.160772
v -4.373243 -0.101016 2.033956
v -4.716897 -0.142167 2.584455
v -4.680867 -0.545654 2.208878
v -0.049669 -0.730956 4.919839
v -0.274976 -0.360729 5.360618
v -0.027173 -0.450318 5.393705
v 0.084121 -0.727997 5.195428
v -4.582548 0.969551 2.108754
v -0.147749 0.807144 4.891937
v -0.030104 0.815752 4.966027
v -4.732649 0.959562 2.481451
v -0.209176 0.808129 5.251261
v -0.058159 0.812470 5.241593
v -0.392432 0.789249 5.120998
v -4.662764 0.958444 2.073024
v -4.611434 -0.545411 2.463837
v -4.690266 -0.552027 2.352269
v -4.397939 -0.589080 2.274223
v -4.342350 -0.530695 2.272341
v -4.527599 -0.598574 2.192575
v -4.476883 -0.536419 2.486639
v -4.352500 -0.505407 2.339942
v -0.171181 -0.759102 5.242085
v -0.248663 -0.765610 5.132417
v -0.059587 -0.805710 5.212568
v 0.093323 -0.744637 5.053848
v -0.108845 -0.730008 5.265746
v -2.520639 0.176975 -0.441076
v -0.967865 0.158149 0.323108
v -2.496702 0.069000 0.752557
v -1.594757 1.110081 -0.560469
v -0.945630 1.222875 -0.069163
v -1.025604 1.132786 0.269697
v -2.566621 0.888764 -1.194507
v -0.878927 1.094171 -0.070037
v -1.716672 0.992703 -0.369820
v -2.546967 0.813791 -0.757424
v -2.427475 0.805426 -0.959488
v -2.284772 1.001050 -0.864674
v -2.020195 0.667379 1.037745
v -0.146993 0.877594 2.220052
v 0.347848 0.871300 2.533762
v -4.430767 0.502718 2.032449
v -0.103231 0.333167 4.816787
v 0.142973 0.347901 5.015504
v -0.272028 0.268885 4.692474
v -2.507526 0.071569 0.731221
v -0.059659 0.320856 2.286445
v -4.511975 -0.136050 2.000917
v -0.124194 -0.269107 4.801099
v -2.196486 0.432012 0.672510
v 0.398219 0.199195 2.514714
v -4.255105 -0.091093 2.201170
v 0.067896 0.345688 4.924558
v 0.205920 -0.403906 4.924200
v -4.368157 -0.127321 2.028947
v -4.614783 -0.143804 1.987150
v 0.091247 -0.295658 4.859876
v 0.174151 -0.294459 5.022599
v -2.101245 0.253698 0.980464
v -5.165789 0.980180 3.139462
v -4.961549 1.130522 3.191273
v -4.596986 1.420536 3.170158
v -4.972944 0.944618 2.847346
v -4.946443 0.896316 3.194499
v -4.328448 1.223168 2.912399
v -4.965366 1.070858 2.855474
v -4.282827 0.745989 2.958646
v -5.141176 0.981987 3.154948
v -4.156276 0.978463 3.239462
v -4.209308 1.174981 3.178528
v -4.194701 0.948509 3.181647
v -4.167457 1.151807 3.237074
v -4.322320 1.358308 2.950214
v -3.704225 1.198569 2.648715
v -3.782099 1.265661 2.619078
v -3.689835 0.975464 2.651788
v -3.751571 1.020389 2.834121
v -3.551997 1.127800 2.070134
v -4.047349 1.230497 2.203078
v -3.842762 0.885314 2.029185
v -3.733009 1.190510 1.908060
v -3.866361 1.251217 2.024145
v -4.253347 0.975726 1.735888
v -3.718106 0.959440 1.911243
v -4.066145 1.027722 1.442561
v -4.090761 1.025921 1.427061
v -4.287925 1.149111 1.387022
v -4.345266 1.188486 1.532982
v -4.268999 0.974576 1.726042
v -4.324887 0.872521 1.537334
v -4.272820 0.914917 1.390248
v -4.884353 1.030308 1.231088
v -4.277067 1.099670 1.724319
v -4.879290 0.951810 1.232169
v -5.039668 1.096927 1.399871
v -5.022792 1.180497 1.575203
v -4.997901 0.794578 1.580519
v -5.025061 0.870449 1.402992
v -4.781070 0.832212 1.731810
v -5.661500 0.868324 2.291550
v -5.482789 1.025041 1.747401
v -5.475973 1.147297 1.957378
v -5.319757 1.150633 2.288124
v -5.452268 0.779769 1.962440
v -5.474358 0.894332 1.749202
v -5.544534 1.069973 1.929730
v -5.281217 0.717943 2.581288
v -5.530144 0.846859 1.932804
v -5.672680 1.041664 2.289163
v -5.448290 1.159803 2.638505
v -5.501359 0.854922 2.673457
v -5.516263 1.085994 2.670274
v -4.637795 0.924611 2.381190
v -4.562150 0.928908 2.338925
v -4.521251 0.930253 2.245038
v -4.665937 0.921059 2.255105
v -4.590297 0.925356 2.212840
v -4.773402 1.282819 2.178607
v -4.837842 1.390151 2.083639
v -4.504723 1.299996 2.167531
v -4.522044 1.373570 2.030316
v -4.776425 1.308919 2.539218
v -4.804266 1.419684 2.521527
v -4.446351 1.329646 2.498417
v -4.452226 1.420726 2.497162
v -4.817245 1.321069 2.063913
v -4.820379 1.369674 2.063244
v -4.525430 1.363795 2.027313
v -4.523862 1.339492 2.027648
v -4.463816 1.350130 2.518802
v -4.466951 1.398736 2.518133
v -4.758766 1.356010 2.554734
v -4.757198 1.331707 2.555068
v -5.044297 1.281732 0.064197
v -5.047065 1.324657 0.063606
v -4.806939 1.317888 0.012770
v -4.785614 1.298383 0.032231
v -4.237103 1.395144 4.518350
v -4.239872 1.438077 4.517759
v -4.490174 1.401160 4.574882
v -4.495914 1.379297 4.550314
v -4.589835 1.310392 2.254591
v -4.703199 1.330915 2.224886
v -4.693941 1.265658 2.485331
v -4.578225 1.267798 2.099254
v -4.577891 1.340829 2.357826
v -0.724561 0.751967 5.921525
v -0.821663 0.837551 5.806979
v -0.155763 1.192325 5.952223
v -0.531720 0.716402 5.629413
v -0.812084 0.689029 5.809026
v -0.089785 0.882893 6.051569
v 0.112776 0.994955 5.694463
v -0.524143 0.842642 5.637542
v 0.158398 0.517775 5.740715
v -0.699951 0.753773 5.937014
v 0.091207 0.786904 6.132489
v -0.080876 0.744789 6.053473
v 0.086143 0.865413 6.131408
v 0.577911 0.909726 5.723178
v 0.118904 1.130096 5.732279
v 0.868360 0.948892 5.072031
v 0.659125 1.037449 5.401144
v 0.585316 0.794938 5.724759
v 0.689653 0.792173 5.616189
v 0.862977 0.878067 4.857880
v 0.393874 1.002282 4.985148
v 0.598462 0.657098 4.811252
v 0.574861 1.023005 4.806211
v 0.187877 0.747511 4.517955
v 0.652421 0.701190 4.724756
v 0.375077 0.799508 4.224630
v 0.350463 0.797707 4.209130
v 0.153299 0.920896 4.169089
v 0.095958 0.960271 4.315049
v 0.172225 0.746362 4.508105
v 0.116337 0.644306 4.319402
v 0.168404 0.686702 4.172315
v -0.636865 0.838750 4.124117
v 0.164157 0.871453 4.506382
v -0.625685 0.665415 4.126505
v -0.598445 0.868711 4.181939
v -0.581568 0.952280 4.357270
v -0.556678 0.566367 4.362586
v -0.583837 0.642234 4.185059
v -0.339848 0.603998 4.513879
v -1.041567 0.796827 4.529468
v -1.034749 0.919083 4.739445
v -0.878533 0.922419 5.070189
v -1.011044 0.551555 4.744507
v -1.033136 0.666115 4.531268
v -1.241134 0.689412 5.293450
v -1.235168 0.749137 4.876101
v -0.839995 0.489729 5.363355
v -1.231873 0.698033 4.876805
v -1.246198 0.767923 5.292368
v -1.007066 0.931589 5.420572
v -0.986108 0.605151 5.424793
v -0.187186 1.080545 5.156734
v -0.094721 0.702377 5.123395
v -0.229373 1.097010 5.069900
v -0.165580 0.697328 5.088602
v -0.040809 1.073418 4.962268
v -0.282387 1.058075 4.979543
v -0.210606 1.066736 5.272182
v 2.104600 1.262786 5.222601
v 2.122337 1.283718 5.231963
v 2.099192 1.257537 4.975018
v 2.096475 1.299652 4.974437
v -2.411950 0.966019 4.964386
v -2.438822 0.985897 4.968067
v -2.412798 0.969969 5.225613
v -2.415515 1.012093 5.225033
v -2.428878 0.986941 4.997320
v -2.429505 0.989583 5.192020
v 2.112466 1.282679 5.202691
v 2.123153 1.280283 4.978768
v -0.403108 1.092562 4.951681
v -0.404675 1.116865 4.951346
v -0.407198 1.145186 5.247171
v -0.404063 1.096580 5.247840
v 0.089833 1.128451 5.249001
v 0.088266 1.152754 5.248666
v 0.087654 1.173039 4.952171
v 0.090789 1.124434 4.952840
v -0.368721 1.123775 5.284632
v -0.367529 1.118752 4.914393
v 0.051117 1.150867 5.285618
v 0.052311 1.145844 4.915380
v -0.147845 0.699802 5.181797
v -0.129858 0.698643 5.014023
v -3.019771 0.112316 -0.640081
v -2.932777 0.410346 -0.978179
v 1.758897 0.529403 1.888034
v 1.744524 1.025354 1.853242
v 1.589680 1.254998 1.481593
v 1.616636 1.172774 1.521306
v 0.405595 1.249253 0.741335
v 0.200256 1.237943 1.068419
v -1.556433 1.053714 -0.620851
v -0.316265 0.205580 0.715439
v 1.546965 1.400745 1.409078
v 0.098545 1.523756 0.550436
v 1.014454 1.393484 1.128054
v 0.070526 1.539153 0.833761
v 0.200252 1.251651 1.069079
v -0.949821 1.175569 0.329095
v -0.703589 1.467354 0.339362
v -0.713990 1.469397 0.338827
v 0.059816 1.526019 0.826134
v 0.058249 1.524969 0.823141
v 0.190897 1.262160 1.036960
v 0.185932 1.263530 1.027996
v -1.149894 0.943644 0.456466
v -0.968053 0.395123 0.538317
v -0.980734 0.405488 0.557250
v -0.986983 0.404942 0.546876
v 0.063577 0.991682 1.211068
v -1.012278 0.895131 0.550528
v -1.001197 0.908999 0.531238
v -1.018788 0.896786 0.519868
v -1.011570 0.897568 0.549097
v 0.086551 0.984262 1.216128
v 0.067576 0.993581 1.204465
v 0.068330 0.983097 1.224825
v 0.118716 0.485571 1.222998
v 0.100488 0.484515 1.231692
v 0.101126 0.473358 1.211629
v -0.968523 0.382748 0.511074
v -0.966428 0.385800 0.514616
v -0.987046 0.404659 0.526648
v -0.997215 0.395770 0.493410
v -0.454858 0.960529 0.848985
v -0.996961 0.907446 0.524692
v -0.998471 0.914383 0.512911
v -1.029945 0.903332 0.486421
v 0.120668 0.994252 1.211197
v 0.080939 0.997286 1.192789
v 0.153843 0.479996 1.218285
v 0.110390 0.471996 1.201517
v -1.002786 0.920657 0.503935
v 0.091266 1.007239 1.193086
v 0.126712 0.462661 1.200789
v 1.528091 1.192794 1.358535
v 0.564541 1.388032 0.771547
v 0.592193 1.389593 0.776243
v 0.599062 1.233808 0.782603
v 1.497298 1.143215 1.379722
v 0.141685 1.625279 0.804235
v -4.861378 -0.154303 2.379954
v 0.756202 1.319701 0.830821
v 0.768375 1.353149 0.866562
v 0.693251 1.349268 0.788305
v 0.744419 1.389808 0.846943
v 0.673877 1.396183 0.807865
v 0.623301 1.316684 0.770344
v 0.648599 1.237941 0.785065
v 0.713076 1.210634 0.827329
v 0.775946 1.266965 0.862648
v 0.800455 1.354514 0.815462
v 0.771495 1.390960 0.803814
v 0.705488 1.397529 0.757513
v 0.651630 1.317890 0.725220
v 0.677776 1.239182 0.738589
v 0.744518 1.211972 0.777246
v -1.502394 1.146154 -0.626150
v -0.871889 1.284136 -0.360734
v 0.802297 1.268086 0.820673
v -2.613562 0.995296 -0.932811
v -2.541970 1.120618 -0.884518
v -2.372533 1.069221 -0.779520
v 0.987017 1.256510 0.935956
v 0.939370 1.226170 0.901983
v 0.877466 1.253938 0.866613
v 0.853353 1.322889 0.847057
v 0.871706 1.387864 0.866096
v 0.943150 1.414733 0.910068
v 1.012341 1.345974 0.945678
v 0.977942 1.344510 1.000472
v 0.960329 1.255374 0.978467
v 0.948332 1.283797 0.897905
v 0.909756 1.224910 0.949154
v 0.850329 1.252783 0.909840
v 0.820581 1.321494 0.899259
v 0.913355 1.340480 0.878116
v 0.844137 1.386691 0.910009
v 0.914143 1.413498 0.956272
v 0.951455 1.358952 0.916885
v 0.933923 1.333529 0.995501
v 0.844637 1.305589 0.938701
v 1.008439 1.353944 0.983079
v 0.880245 1.214266 0.889968
v 0.840636 1.396566 0.885319
v 1.204422 1.272148 1.064668
v 1.155196 1.209196 1.034673
v 1.069520 1.230921 0.980090
v 1.046494 1.312149 0.972164
v 1.074947 1.370483 0.995711
v 1.143596 1.389030 1.032196
v 1.170361 1.270699 1.118924
v 1.123467 1.207846 1.085214
v 1.036551 1.229518 1.032605
v 1.017450 1.310913 1.018429
v 1.049617 1.369405 1.036059
v 1.111868 1.387680 1.082736
v 1.139180 1.303945 1.013788
v 1.127349 1.315226 1.116444
v 1.038797 1.276106 1.059806
v 1.148114 1.401443 1.075333
v 1.146756 1.185686 1.063994
v 1.022800 1.344387 0.985694
v 1.201367 1.341650 1.069684
v 1.401636 1.268704 1.197248
v 1.403597 1.234254 1.193787
v 1.334198 1.186183 1.149458
v 1.280697 1.206016 1.119718
v 1.252577 1.282296 1.096756
v 1.264199 1.337936 1.107919
v 1.373533 1.359706 1.178326
v 1.407062 1.304242 1.199861
v 1.375553 1.267594 1.238796
v 1.374118 1.233000 1.240742
v 1.363533 1.273550 1.203894
v 1.305191 1.184949 1.195663
v 1.254676 1.204908 1.161166
v 1.219943 1.280908 1.148739
v 1.324779 1.261984 1.136384
v 1.233708 1.336638 1.156488
v 1.344109 1.358453 1.225194
v 1.379410 1.303066 1.243907
v 1.321553 1.326144 1.185411
v 1.324708 1.312236 1.240264
v 1.251763 1.245938 1.192698
v 1.322692 1.165161 1.173897
v 1.230927 1.338268 1.118194
v 1.307415 1.377819 1.136511
v 1.391365 1.350082 1.224669
v 1.277280 1.376537 1.184512
v 1.544359 1.192876 1.284919
v 1.510910 1.172714 1.262967
v 1.461968 1.185817 1.232707
v 1.434827 1.243518 1.215433
v 1.471067 1.314980 1.231480
v 1.532419 1.311472 1.278097
v 1.564062 1.253255 1.296194
v 1.540565 1.252256 1.333622
v 1.523299 1.191980 1.318465
v 1.489478 1.171801 1.297107
v 1.440639 1.184909 1.266681
v 1.411899 1.242542 1.251956
v 1.455463 1.279864 1.269467
v 1.440385 1.313674 1.280353
v 1.509114 1.310480 1.315220
v 1.507457 1.281520 1.320633
v 1.477476 1.287913 1.318376
v 1.454113 1.204154 1.301471
v 1.542156 1.179390 1.305518
v 1.417356 1.204617 1.227283
v 1.495477 1.335756 1.283306
v -1.521772 1.062562 -0.623304
v -1.475794 1.141203 -0.627810
v 0.722674 1.342064 0.863109
v 0.657963 1.270084 0.820561
v 0.790301 1.229420 0.839960
v 0.632771 1.257137 0.744987
v 0.719156 1.423906 0.801915
v -2.204343 0.900625 -1.032478
v -1.573919 1.043449 -0.632887
v -0.300482 0.130949 0.723354
v 0.318594 -0.145736 0.977065
v -0.143277 -0.179533 0.686204
v 0.246636 -0.155869 0.578403
v 0.131435 -0.160771 0.761905
v 0.103116 -0.433447 0.608864
v 0.355118 -0.635225 0.652025
v 0.260959 -0.631782 0.810157
v 0.110385 -0.546150 0.610417
v -0.436114 -0.472903 0.269286
v -0.385448 -0.527508 0.176660
v -0.444892 -0.541527 0.389919
v -0.524852 -0.489630 0.314809
v -0.492219 -0.534625 0.159980
v -0.555230 -0.584710 0.303533
v -0.294199 -0.462519 0.358656
v -0.454525 -0.581484 0.142811
v -0.764668 0.147622 0.207578
v -0.774764 0.161964 0.073646
v -0.649467 0.152525 0.024077
v 0.024991 1.465201 1.855981
v -1.565663 1.414800 0.738784
v -1.675309 1.320131 0.923895
v -0.021059 1.364620 1.940793
v -1.689602 1.144095 0.967046
v -0.012088 1.225530 1.942708
v -1.631619 0.988474 0.893053
v 0.046649 1.129408 1.860606
v -1.535325 0.944428 0.745263
v 0.120745 1.132561 1.742580
v -1.457128 1.037759 0.610246
v 0.166795 1.233142 1.657768
v -1.442835 1.213795 0.567096
v 0.157824 1.372233 1.655852
v -1.500818 1.369416 0.641087
v -1.602528 1.268030 0.853004
v -1.557064 1.307278 0.776243
v -1.616559 1.177336 0.885819
v -1.590937 1.088327 0.855475
v -1.540670 1.053141 0.779748
v -1.495203 1.092398 0.702989
v -1.481172 1.183096 0.670170
v -1.506794 1.272105 0.700514
v 0.041070 1.386746 1.801774
v 0.031164 1.223965 1.833403
v 0.112142 1.386443 1.924449
v -0.713637 1.454948 1.281678
v -0.849692 1.398930 1.140464
v -1.537799 1.207367 1.007125
v -0.875789 1.103263 1.341278
v -0.741413 1.113096 1.425901
v -0.902130 1.059983 1.263116
v -0.828034 1.063136 1.145090
v -0.824583 1.449625 1.211633
v -0.777737 0.939005 1.354236
v -0.831038 0.952635 1.274705
v -0.684971 0.963323 1.366690
v -0.782771 1.040374 1.156638
v -0.608650 1.053115 1.266291
v -0.458349 0.576942 0.889137
v -0.377779 0.677941 0.943275
v -0.552683 0.668689 0.834459
v -1.492934 1.369424 0.907893
v -1.543136 1.259784 1.000337
v -1.533357 1.108170 1.002426
v -1.469321 1.003390 0.912938
v -1.388564 1.006829 0.784277
v -1.338361 1.116467 0.691831
v -1.348138 1.268084 0.689743
v -1.538369 1.448561 0.921453
v -1.452358 1.351394 0.953642
v -1.655763 1.362822 0.887897
v -1.610929 1.290082 1.055083
v -1.699687 1.283587 0.999187
v -1.693410 1.203131 0.966232
v -1.596794 1.070928 1.058101
v -1.685552 1.064433 1.002206
v -1.656549 1.029273 0.927901
v -1.504243 0.919475 0.928742
v -1.415315 1.007930 0.915231
v -1.566774 0.943090 0.795358
v -1.387499 0.924445 0.742775
v -1.476258 0.917950 0.686879
v -1.476674 0.995068 0.646244
v -1.314939 1.082923 0.609144
v -1.403702 1.076428 0.553246
v -1.439027 1.154759 0.567909
v -1.329074 1.302078 0.606125
v -1.417837 1.295583 0.550227
v -1.475888 1.328618 0.606239
v -1.421622 1.453530 0.735488
v -1.510384 1.447035 0.679590
v -0.680145 1.896506 1.205645
v -0.879445 1.909867 1.217750
v -0.762320 1.919875 1.408558
v -0.785827 1.888773 1.139092
v -0.934370 1.907096 1.300201
v -0.728338 1.815173 1.173988
v -0.708701 1.644141 1.162679
v -0.456885 2.169610 0.642392
v -0.445148 2.058192 0.628472
v -0.319600 2.155685 0.343660
v -0.187015 2.128046 0.426157
v -0.259131 2.124977 0.541030
v -0.329270 2.108049 0.656772
v 0.479866 2.178771 1.025738
v 0.418839 2.190579 1.123379
v 0.461638 2.136979 1.073957
v -0.046544 2.140532 0.674906
v 0.166043 2.156088 0.808782
v -2.418215 0.667060 -0.211216
v -1.510793 0.782494 0.365450
v -2.572827 0.178172 -0.387791
v -2.521942 0.697493 -0.443425
v -2.387599 0.550598 -0.033463
v -2.540396 0.275298 -0.031390
v -2.455574 0.577073 -0.352652
v -1.178175 0.276176 0.403948
v -1.650746 0.381789 0.504499
v -2.268916 0.503266 0.372401
v -2.317149 0.261142 0.390048
v -1.825688 0.704446 0.461984
v -2.338914 0.648386 0.138053
v -1.989321 0.690476 0.846546
v -2.451971 0.639371 0.554496
v -1.778578 0.635338 0.465730
v -2.487510 0.561637 0.554210
v -1.958258 0.619965 0.888028
v -1.291001 0.936141 0.369071
v -2.504678 0.752294 -0.397778
v -2.354817 0.583519 0.048110
v -1.750883 0.649444 0.429016
v -2.452453 0.313385 0.016626
v -2.387306 0.595025 0.065049
v -2.552577 0.275187 0.516288
v -2.517960 0.584641 0.546288
v -2.504776 0.206089 -0.417788
v -2.540670 0.762573 -0.425453
v -2.455412 0.320877 -0.030193
v -2.391977 0.595115 0.016958
v 1.219972 1.133997 1.955987
v 0.289849 1.124631 1.372500
v 0.848365 0.885179 2.072095
v 0.270402 0.833066 1.706687
v 1.240702 1.088536 1.957675
v 0.262919 1.077656 1.343539
v 0.271615 0.807911 1.707811
v 0.850118 0.858703 2.072347
v 1.240993 1.116500 1.955199
v 0.266412 1.096681 1.333988
v -2.496220 0.329043 0.028640
v -2.439324 0.575045 0.070934
v -2.583680 0.295677 0.465100
v -2.553451 0.565975 0.491302
v -2.794009 0.724630 -0.844713
v -2.583027 0.733609 -1.180783
v -2.848274 0.468331 -0.983230
v -2.681161 0.475443 -1.249423
v 1.745461 0.468383 1.916485
v 2.005102 0.677171 1.479930
v 1.780246 0.667602 1.838099
v 1.919993 0.972832 1.580724
v 1.947217 0.550740 1.586539
v 1.854079 0.546777 1.734897
v 1.826854 0.968869 1.729083
v 2.038900 0.713200 1.880060
v 2.175206 0.898955 1.851389
v 2.206138 0.569686 1.749594
v 2.050577 0.815754 1.755156
v 2.085775 0.987815 1.892138
v 2.150620 0.689731 1.913660
v 2.267262 0.734328 1.690374
v 2.120240 0.866171 1.700118
v 2.041405 0.693983 1.845310
v -0.045444 -0.414233 4.770900
v -0.361909 -0.427698 5.274998
v 0.162472 -0.399010 4.901860
v -4.352224 0.046161 2.431007
v -0.153978 -0.412485 5.405948
v -0.105047 -0.789192 5.266839
v -0.045834 -0.790145 4.920376
v 0.067601 -0.781841 4.991824
v -4.631678 -0.460967 2.242021
v -4.412333 -0.444918 2.380153
v 0.024608 -0.660810 5.159861
v 0.822535 0.866521 2.092892
v 0.252847 0.816503 1.733909
v 0.449607 0.845187 2.417658
v -0.065975 0.799170 2.092751
v 0.260878 0.834648 1.750270
v 0.798703 0.881832 2.089279
v -0.045551 0.817973 2.095164
v 0.440267 0.861343 2.401421
v 0.252848 0.816503 1.733909
v -0.065975 0.799170 2.092751
v 0.289973 1.011431 2.552141
v -0.083741 0.925291 2.308918
v 0.074968 0.453650 4.887845
v -0.154559 0.298063 4.711203
v 0.025679 0.308646 4.739837
v 0.244395 0.474267 2.353796
v 2.296083 0.357289 0.515171
v -1.497482 0.220518 -2.070848
v 2.261873 1.166991 0.379644
v -1.930301 0.620622 -2.121756
v 2.252440 0.368501 0.515413
v -1.963190 0.061035 -2.066608
v 2.023062 1.272542 0.850660
v -1.406695 1.085112 -0.854121
v -0.072747 0.381346 -1.188939
v -0.201613 1.040090 -1.235414
v -0.729804 1.180580 -0.426624
v -0.958361 0.157114 0.311042
v 1.143722 0.287374 -0.182799
v 1.248414 0.439641 -0.349347
v 1.204338 1.131126 -0.359388
v 2.252439 0.368501 0.515413
v 2.145113 1.157980 0.567709
v -1.986512 0.789872 -2.132684
v -0.140714 0.190508 -0.991745
v -0.170855 1.190162 -0.972510
v 1.023553 1.275571 -0.228635
v 1.143722 0.287374 -0.182799
v -0.077563 1.508876 -0.761373
v 0.776641 1.597278 -0.221992
v -0.200087 1.176803 -1.008682
v -0.257613 1.641019 -0.627596
v -0.269737 0.444594 -1.686418
v 0.009406 0.651019 -1.810047
v -0.954297 0.631470 -2.147562
v -1.089743 0.362858 -2.203202
v 1.988788 0.760437 -0.611708
v 1.175007 1.035884 -0.613954
v 1.430957 0.302056 -0.357385
v 0.062511 0.704748 -2.278915
v 0.223351 0.578925 -2.408368
v -0.444264 0.663226 -2.330977
v -0.656996 0.349571 -2.526190
v 2.347862 1.061822 -0.634601
v 2.471181 0.485006 -0.713765
v 1.900931 0.435714 -1.088287
v -0.037708 0.810938 -2.322446
v 0.069469 0.291060 -2.236789
v -0.489836 0.653584 -2.619379
v -0.273052 0.560224 -2.706392
v 2.444388 0.443363 -0.745694
v 0.075568 0.696865 -4.790038
v -0.217932 0.399550 -4.676147
v -0.122712 0.681269 -4.826246
v -0.487488 0.309991 -5.084883
v 4.647227 -0.143431 -1.936314
v 4.132094 -0.054507 -2.263428
v 0.282989 0.706141 -5.259881
v 0.423036 0.082562 -5.168226
v 0.108921 0.693404 -5.369493
v 4.714596 0.543434 -2.477112
v 4.856556 -0.136462 -2.386083
v 4.543480 0.530913 -2.584871
v 4.472116 -0.164584 -2.628195
v 4.391368 0.946570 -2.413251
v -0.100217 1.095815 -5.195705
v 4.606960 0.955373 -2.244329
v 0.144098 1.121919 -5.076412
v -0.043537 -0.354286 -5.049416
v 0.035280 -0.347663 -4.937845
v -0.068523 0.082180 -4.822964
v 0.278557 0.070424 -5.372725
v -0.034152 -0.347904 -5.192802
v 4.424649 -0.540542 -2.207232
v 4.714537 -0.148391 -2.587099
v 4.854240 -0.242580 -2.381823
v 4.730836 -0.530247 -2.206252
v -0.117963 1.159550 -5.002814
v 4.319888 0.997273 -2.224493
v 4.437537 1.005881 -2.150408
v 0.152489 1.167459 -5.300010
v 4.616602 1.013499 -2.435646
v 4.673470 1.013834 -2.295345
v 4.420104 0.994056 -2.544814
v -0.184743 1.149015 -5.059945
v 0.225543 -0.339564 -5.240908
v 0.090989 -0.348552 -5.263718
v 0.148755 -0.395586 -4.968134
v 0.169832 -0.338671 -4.915042
v 0.019099 -0.405080 -5.049790
v 0.304367 -0.332943 -5.129338
v 0.225660 -0.310574 -4.952539
v 4.662558 -0.553393 -2.457501
v 4.530299 -0.562232 -2.479917
v 4.685638 -0.603768 -2.346027
v 4.607793 -0.552515 -2.137181
v 4.710265 -0.524921 -2.410540
v -1.497482 0.220518 -2.070848
v -0.132982 0.193705 -1.004831
v -0.410008 0.157804 -2.571306
v -1.224745 1.125828 -1.149855
v -0.502907 1.241717 -0.774370
v -0.224177 1.164931 -1.001735
v -2.212809 0.903822 -1.758088
v -0.416903 1.188138 -0.691856
v -1.103325 1.018805 -1.346810
v -1.809012 0.845196 -1.932901
v -1.938737 0.826225 -1.737992
v -1.796034 1.021849 -1.643178
v 0.039543 0.755035 -2.243180
v 1.913384 0.965278 -1.061890
v 2.411124 0.959107 -0.752799
v -0.109416 0.686622 -4.850964
v 4.283000 0.519832 -2.169972
v 4.568594 0.536241 -2.033999
v 4.099237 0.454912 -2.270446
v -0.433982 0.159813 -2.571695
v 2.024518 0.409552 -1.033408
v -0.157753 0.049252 -4.934855
v 4.274246 -0.081923 -2.205107
v -0.360235 0.510157 -2.252427
v 2.432048 0.285748 -0.724939
v 0.133135 0.095657 -4.788787
v 4.454131 0.532353 -2.062207
v 4.531860 -0.219807 -1.966523
v -0.070188 0.055587 -4.817222
v -0.214669 0.043452 -5.021723
v 4.421485 -0.111376 -2.037694
v 4.603989 -0.105939 -2.033619
v -0.037318 0.341533 -2.307134
v 0.555947 1.223680 -5.974603
v 0.687791 1.370941 -5.807472
v 0.820352 1.651081 -5.459035
v 0.377715 1.172325 -5.675635
v 0.702897 1.136734 -5.804245
v 0.709855 1.437583 -5.113036
v 0.385290 1.298566 -5.667504
v 0.782801 0.961567 -5.110313
v 0.580549 1.225486 -5.959097
v 1.085026 1.201517 -5.109326
v 1.002386 1.396775 -5.123098
v 1.016993 1.170303 -5.119979
v 1.073845 1.374860 -5.111714
v 0.743309 1.573886 -5.118748
v 0.744552 1.387895 -4.437672
v 0.682394 1.455657 -4.492342
v 0.758942 1.164791 -4.434598
v 0.895143 1.218138 -4.567557
v 0.291637 1.291374 -4.052330
v 0.193418 1.410971 -4.551973
v 0.134158 1.054560 -4.305589
v 0.065516 1.352163 -4.142550
v 0.110559 1.420463 -4.310629
v -0.310588 1.143518 -4.544470
v 0.080420 1.121094 -4.139368
v -0.494471 1.179722 -4.246703
v -0.519085 1.177921 -4.262205
v -0.643833 1.304192 -4.417595
v -0.538328 1.350497 -4.531029
v -0.326231 1.142368 -4.554332
v -0.517949 1.034533 -4.526677
v -0.628727 1.069998 -4.414369
v -1.040718 1.193881 -4.891376
v -0.334299 1.267462 -4.556055
v -1.035655 1.115383 -4.890295
v -0.957932 1.270633 -5.101863
v -0.794775 1.360429 -5.159540
v -0.769884 0.974510 -5.154223
v -0.943324 1.044155 -5.098743
v -0.540306 1.012686 -5.023237
v -0.420199 1.091377 -6.057235
v -0.836074 1.222791 -5.654277
v -0.647037 1.352801 -5.734559
v -0.281455 1.365048 -5.737309
v -0.623331 0.985273 -5.729496
v -0.827644 1.092082 -5.652477
v -0.699881 1.276147 -5.787243
v 0.009608 0.943104 -5.846384
v -0.685490 1.053033 -5.784169
v -0.431379 1.264718 -6.059623
v -0.022171 1.390722 -6.004674
v -0.006455 1.088768 -6.079289
v -0.021359 1.319840 -6.082472
v 0.104329 1.126422 -5.172466
v 0.099078 1.127276 -5.085872
v 0.032318 1.124039 -5.008269
v -0.021321 1.118720 -5.143232
v -0.026575 1.119574 -5.056641
v -0.145617 1.479763 -5.192920
v -0.261708 1.584897 -5.205612
v -0.039156 1.490036 -4.945601
v -0.133316 1.619017 -4.878689
v 0.177051 1.519724 -5.351096
v 0.192403 1.576086 -5.342508
v 0.283368 1.530929 -5.035479
v 0.277493 1.622008 -5.036733
v -0.268846 1.514635 -5.181159
v -0.271981 1.563240 -5.181828
v -0.175914 1.548897 -4.900961
v -0.174347 1.524594 -4.900626
v 0.293630 1.552593 -5.059259
v 0.290496 1.601198 -5.059929
v 0.197565 1.566936 -5.340127
v 0.199132 1.542633 -5.339792
v -2.166717 1.404193 -4.519454
v -2.169486 1.447118 -4.520045
v -2.110656 1.432634 -4.282096
v -2.083395 1.413381 -4.272090
v 2.191066 1.668707 -5.720979
v 2.188297 1.711640 -5.721570
v 2.131753 1.682969 -5.973082
v 2.107667 1.660326 -5.968426
v 0.001949 1.505804 -5.059590
v -0.074584 1.527894 -5.147962
v 0.165454 1.472458 -5.255124
v -0.131807 1.457024 -4.983376
v 0.099339 1.539878 -5.092461
v 4.997169 0.995467 -3.192530
v 4.849772 1.078910 -3.226963
v 5.261573 1.422870 -2.676967
v 4.818938 0.944110 -2.893568
v 4.859353 0.930388 -3.224917
v 5.387136 1.115974 -2.672532
v 5.151076 1.209370 -2.330967
v 4.826515 1.070350 -2.885438
v 5.224027 0.733353 -2.328245
v 5.021770 0.997272 -3.177028
v 5.540996 1.018830 -2.548394
v 5.396044 0.977870 -2.670629
v 5.535933 1.097339 -2.549476
v 5.381253 1.114142 -1.927991
v 5.184531 1.345674 -2.336679
v 4.920483 1.121338 -1.382532
v 5.123617 1.227444 -1.710274
v 5.388658 0.999353 -1.926409
v 5.336368 0.989923 -1.785490
v 4.727074 1.042511 -1.297180
v 4.634644 1.182756 -1.769907
v 4.575381 0.826344 -1.523521
v 4.551781 1.192250 -1.528562
v 4.130635 0.915302 -1.762403
v 4.519927 0.865779 -1.435733
v 3.946754 0.951508 -1.464638
v 3.922140 0.949706 -1.480139
v 3.797391 1.075977 -1.635528
v 3.902896 1.122283 -1.748962
v 4.114990 0.914154 -1.772262
v 3.923275 0.806318 -1.744610
v 3.812496 0.841783 -1.632301
v 3.415256 1.011196 -2.330442
v 4.106922 1.039245 -1.773986
v 3.426435 0.837861 -2.328054
v 3.483292 1.042418 -2.319796
v 3.646449 1.132212 -2.377471
v 3.671339 0.746298 -2.372156
v 3.497899 0.815940 -2.316676
v 3.900918 0.784472 -2.241172
v 3.605147 0.994577 -2.872212
v 3.794187 1.124587 -2.952491
v 4.159768 1.136834 -2.955240
v 3.817892 0.757060 -2.947429
v 3.613578 0.863865 -2.870411
v 4.208653 0.921338 -3.387431
v 3.834129 0.964871 -3.198701
v 4.450830 0.714890 -3.064318
v 3.837424 0.913767 -3.197998
v 4.203589 0.999849 -3.388512
v 4.419052 1.162508 -3.222607
v 4.439817 0.836062 -3.218078
v 4.534525 1.281486 -2.364404
v 4.553820 0.900205 -2.281193
v 4.437616 1.295623 -2.364075
v 4.491806 0.895532 -2.330076
v 4.423301 1.263397 -2.148542
v 4.334162 1.254541 -2.374085
v 4.628593 1.272677 -2.436103
v 5.586092 1.410948 -0.323013
v 5.601729 1.431790 -0.310306
v 5.361000 1.396350 -0.220665
v 5.358283 1.438464 -0.221246
v 3.396621 1.213214 -4.287995
v 3.387770 1.233859 -4.313020
v 3.631305 1.227188 -4.401943
v 3.628588 1.269312 -4.402523
v 3.418402 1.235784 -4.316721
v 3.593328 1.245896 -4.401657
v 5.571112 1.429868 -0.306532
v 5.374249 1.418640 -0.199852
v 4.255752 1.290829 -2.469345
v 4.254185 1.315132 -2.469680
v 4.518698 1.354817 -2.599212
v 4.521832 1.306211 -2.598543
v 4.736898 1.326216 -2.153236
v 4.735331 1.350519 -2.153571
v 4.467682 1.359440 -2.024708
v 4.470817 1.310834 -2.024038
v 4.569667 1.333937 -2.581650
v 4.237030 1.314708 -2.420137
v 4.752484 1.350943 -2.203116
v 4.419848 1.331713 -2.041602
v 4.583350 0.901147 -2.354450
v 4.440176 0.893130 -2.265513
v -1.892128 0.160305 -2.436286
v -2.165807 0.442984 -2.199872
v 2.472961 0.499343 0.757661
v 1.905041 0.480637 1.661656
v 2.408849 1.016457 0.799369
v 2.011411 1.191482 0.810385
v 0.905564 1.010978 -0.044359
v -0.775871 1.551769 0.329099
v -0.082850 1.552497 -0.771461
v -1.408760 1.060001 -0.856088
v -0.776956 1.244956 -0.454505
v -1.261076 1.066283 -1.091319
v 0.501531 0.240383 -0.587216
v 0.517315 0.165752 -0.579301
v 1.907465 1.416087 0.834843
v 1.772322 1.369204 1.149230
v 0.671512 1.425926 0.459666
v 0.514777 1.525872 -0.082029
v 1.423092 1.410875 0.477141
v 0.744178 1.567822 -0.239288
v 1.019333 1.286509 -0.235621
v -0.145093 1.209816 -0.952743
v -0.035786 1.495774 -0.724370
v -0.040840 1.498044 -0.733422
v 0.732970 1.554666 -0.246123
v 0.729620 1.553541 -0.246275
v 0.986099 1.296001 -0.229705
v 0.975838 1.297146 -0.230233
v -0.111869 0.987819 -1.196988
v 0.054082 0.438622 -1.089825
v 1.134539 0.528241 -0.435746
v 0.053318 0.449214 -1.110203
v 1.093961 1.035532 -0.430214
v 0.033816 0.939650 -1.115779
v 0.020937 0.952498 -1.096904
v 0.003347 0.940285 -1.108273
v 0.032777 0.942012 -1.114428
v 1.108685 1.027761 -0.412014
v 1.089710 1.037080 -0.423677
v 1.108617 1.027368 -0.432233
v 1.140851 0.529070 -0.405144
v 1.140775 0.528786 -0.425365
v 1.123260 0.516857 -0.416513
v 0.039365 0.432361 -1.079050
v 0.035089 0.448158 -1.101494
v 0.000960 0.438249 -1.096568
v 0.543317 1.003008 -0.740992
v 0.016924 0.950593 -1.090310
v 0.005497 0.957109 -1.086292
v -0.031771 0.945812 -1.103554
v 1.118843 1.036731 -0.378781
v 1.084922 1.040012 -0.406440
v 1.152018 0.522475 -0.371692
v 1.120512 0.511471 -0.398201
v 0.030904 0.424625 -1.078133
v -0.004612 0.963136 -1.086041
v 1.089441 1.049718 -0.396892
v 1.126302 0.506088 -0.388275
v 1.858761 1.206866 0.831815
v 1.550912 1.298918 1.397593
v 0.904884 1.297982 0.219878
v 0.922863 1.403666 0.249524
v 0.870879 1.246076 0.253190
v 0.730904 1.682901 -0.133845
v 0.031932 0.053942 -5.414522
v 1.044998 1.331992 0.370802
v 1.081660 1.366482 0.367535
v 0.978639 1.361413 0.333715
v 1.052700 1.402927 0.355887
v 0.986693 1.409496 0.309586
v 0.932835 1.329857 0.277293
v 0.958981 1.251149 0.290662
v 1.025722 1.223939 0.329319
v 1.083502 1.280054 0.372747
v 1.049580 1.365116 0.418635
v 1.025624 1.401775 0.399017
v 0.955082 1.408151 0.359939
v 0.982948 1.406830 0.368164
v 0.705001 1.404973 0.766639
v 0.904506 1.328652 0.322417
v 0.663070 1.254552 0.736297
v 0.929804 1.249908 0.337138
v 1.068499 1.266566 0.418125
v 0.994281 1.222601 0.379402
v 0.804175 1.261197 0.825059
v -1.244569 1.157126 -1.036835
v -1.373491 1.151646 -0.831498
v -0.734773 1.289971 -0.579144
v 1.057150 1.278932 0.414721
v -2.000215 1.021398 -1.909801
v -1.928623 1.146720 -1.861508
v -1.759186 1.095323 -1.756510
v 1.266226 1.328587 0.543913
v 1.241534 1.267342 0.530540
v 0.936337 1.229947 0.907194
v 1.157966 1.239031 0.473556
v 1.190961 1.236877 0.501227
v 1.131533 1.264750 0.461913
v 0.855149 1.383128 0.860317
v 1.101786 1.333461 0.451332
v 1.125342 1.398658 0.462082
v 1.195348 1.425466 0.508346
v 1.007755 1.340614 0.954987
v 1.259146 1.356477 0.552545
v 1.293546 1.357941 0.497751
v 1.268222 1.268477 0.488029
v 1.189802 1.294073 0.513271
v 1.220575 1.238137 0.454056
v 1.158671 1.265905 0.418686
v 1.134558 1.334856 0.399130
v 1.155415 1.350782 0.492543
v 1.152911 1.399832 0.418169
v 1.224355 1.426700 0.462141
v 1.206438 1.369804 0.510727
v 1.270192 1.347840 0.459863
v 1.180906 1.319900 0.403063
v 1.296377 1.317457 0.535237
v 1.124415 1.256864 0.429222
v 1.192739 1.443611 0.472975
v 1.197623 1.295402 1.072976
v 1.451566 1.282666 0.670997
v 1.404672 1.219813 0.637287
v 1.428376 1.232247 0.643136
v 1.112852 1.202185 1.017267
v 1.317756 1.241485 0.584679
v 1.290753 1.329842 0.559345
v 1.298655 1.322880 0.570502
v 1.069018 1.391270 0.994801
v 1.330822 1.381372 0.588132
v 1.421511 1.386019 0.642935
v 1.393072 1.399647 0.634809
v 1.485627 1.284115 0.616741
v 1.436401 1.221164 0.586746
v 1.350725 1.242888 0.532163
v 1.327699 1.324116 0.524237
v 1.356152 1.382450 0.547785
v 1.424801 1.400997 0.584269
v 1.376628 1.314050 0.635561
v 1.463619 1.329536 0.580805
v 1.375067 1.290416 0.524168
v 1.433569 1.413592 0.620636
v 1.427961 1.197653 0.616067
v 1.299754 1.356173 0.544537
v 1.453081 1.352362 0.668732
v 1.656758 1.279561 0.790869
v 1.655323 1.244967 0.792816
v 1.586396 1.196916 0.747736
v 1.275487 1.203471 1.119402
v 1.505403 1.266519 0.692408
v 1.535881 1.216876 0.713239
v 1.501148 1.292875 0.700812
v 1.276067 1.350287 1.123689
v 1.514913 1.348605 0.708561
v 1.593327 1.382862 0.750715
v 1.625314 1.370421 0.777267
v 1.660615 1.315033 0.795980
v 1.656294 1.237672 0.786366
v 1.682841 1.280671 0.749321
v 1.684802 1.246221 0.745860
v 1.646053 1.285574 0.753872
v 1.615403 1.198151 0.701532
v 1.561901 1.217983 0.671791
v 1.533782 1.294264 0.648829
v 1.568708 1.272365 0.747833
v 1.545404 1.349903 0.659992
v 1.654738 1.371673 0.730399
v 1.688267 1.316210 0.751934
v 1.609894 1.338415 0.726117
v 1.588033 1.260249 0.657060
v 1.660977 1.326547 0.704625
v 1.514539 1.218142 0.676245
v 1.607900 1.402238 0.732197
v 1.558485 1.388504 0.736585
v 1.664125 1.207646 0.763172
v 1.588620 1.389786 0.688584
v 1.563815 1.266855 1.301555
v 1.799567 1.203737 0.878402
v 1.798344 1.203668 0.875186
v 1.765746 1.183559 0.857043
v 1.716907 1.196666 0.826618
v 1.690225 1.229575 0.808001
v 1.688167 1.254299 0.811892
v 1.442837 1.291847 1.226274
v 1.716654 1.325431 0.840289
v 1.787233 1.327487 0.871518
v 1.785382 1.322237 0.875157
v 1.816833 1.264013 0.893558
v 1.840330 1.265013 0.856131
v 1.820627 1.204634 0.844855
v 1.787178 1.184471 0.822904
v 1.738236 1.197574 0.792644
v 1.711096 1.255275 0.775369
v 1.744907 1.292182 0.808416
v 1.747336 1.326737 0.791417
v 1.808688 1.323229 0.838033
v 1.813536 1.294545 0.833084
v 1.774949 1.217808 0.790416
v 1.798313 1.301567 0.807321
v 1.843075 1.248806 0.884576
v 1.734342 1.178691 0.813389
v 1.710658 1.330770 0.801615
v -1.385098 1.068379 -0.841010
v -1.248424 1.074195 -1.058715
v -1.373491 1.151646 -0.831498
v -1.234376 1.151477 -1.012360
v -1.349062 1.108898 -0.817304
v 0.994233 1.284395 0.284922
v 1.058944 1.356375 0.327470
v 1.095173 1.302746 0.409954
v 0.960253 1.217271 0.322969
v 0.936849 1.411489 0.313465
v -1.909694 0.913164 -1.501822
v -1.279269 1.055989 -1.102231
v -0.958075 0.152689 0.311103
v -0.291064 0.124428 0.729092
v -0.143277 -0.179533 0.686204
v 0.318594 -0.145736 0.977065
v 1.021576 -0.115820 -0.142705
v 0.559706 -0.149616 -0.433566
v 0.631665 -0.139483 -0.034904
v 0.746866 -0.134581 -0.218406
v 0.603346 -0.412158 -0.187945
v 0.756643 -0.618138 0.012443
v 0.857956 -0.606376 -0.140791
v 0.610615 -0.524861 -0.186392
v 0.064117 -0.451615 -0.527523
v 0.004085 -0.510931 -0.443821
v 0.170539 -0.515336 -0.590392
v 0.066906 -0.464447 -0.627793
v -0.057192 -0.516111 -0.532968
v 0.045832 -0.559131 -0.653889
v 0.206032 -0.441231 -0.438153
v -0.055127 -0.564487 -0.493383
v -0.149237 0.173813 -0.772732
v -0.274534 0.183252 -0.723163
v -0.264437 0.168911 -0.589231
v 1.646321 1.534200 -0.726610
v -0.049878 1.479307 -1.675686
v 0.071346 1.394463 -1.858325
v 1.705058 1.438078 -0.808712
v 0.108207 1.220604 -1.896656
v 1.714029 1.298988 -0.806796
v 0.070560 1.060914 -1.818320
v 1.667979 1.198406 -0.721984
v -0.019540 1.008935 -1.669207
v 1.593883 1.195253 -0.603958
v -0.109316 1.095118 -1.536663
v 1.535146 1.291375 -0.521856
v -0.146176 1.268977 -1.498332
v 1.526175 1.430465 -0.523772
v -0.108530 1.428668 -1.576667
v 0.040437 1.337950 -1.764049
v -0.009833 1.373124 -1.688317
v 0.066054 1.248942 -1.794390
v 0.052023 1.158246 -1.761571
v 0.006562 1.118990 -1.684818
v -0.043704 1.154169 -1.609082
v -0.069326 1.243180 -1.578737
v -0.055295 1.333877 -1.611557
v 1.548379 1.459029 -0.628179
v 1.654378 1.343624 -0.783065
v 1.646424 1.368565 -0.509820
v 0.838852 1.524752 -1.123209
v 0.623446 1.461622 -1.206074
v 0.208779 1.281696 -1.774972
v 0.799973 1.174579 -1.328018
v 0.934350 1.184411 -1.243395
v 0.719200 1.128982 -1.319475
v 0.645104 1.125828 -1.201449
v 0.728266 1.513859 -1.193177
v 0.858229 1.008627 -1.251668
v 0.763130 1.020478 -1.264621
v 0.909198 1.031166 -1.172636
v 0.675731 1.102444 -1.166588
v 0.849853 1.115184 -1.056935
v 0.587167 0.621436 -0.776249
v 0.668510 0.722468 -0.723342
v 0.494717 0.713263 -0.833928
v 0.135068 1.438707 -1.685326
v 0.199088 1.333927 -1.774824
v 0.208879 1.182313 -1.772732
v 0.158671 1.072675 -1.680287
v 0.077902 1.069238 -1.551634
v 0.013882 1.174015 -1.462134
v 0.004103 1.325631 -1.464221
v 0.125612 1.519375 -1.729077
v 0.036849 1.512880 -1.784974
v 0.046415 1.435261 -1.823477
v 0.218157 1.367922 -1.858440
v 0.129399 1.361428 -1.914335
v 0.104399 1.279640 -1.897469
v 0.232296 1.148768 -1.855420
v 0.143534 1.142274 -1.911317
v 0.090106 1.103605 -1.854318
v 0.159735 0.990290 -1.721790
v 0.184122 1.075997 -1.632488
v 0.011909 1.010274 -1.719302
v 0.042988 0.985322 -1.535825
v -0.045771 0.978827 -1.591721
v -0.084385 1.054320 -1.571511
v -0.049558 1.136773 -1.406461
v -0.138321 1.130278 -1.462359
v -0.142368 1.209940 -1.497519
v -0.063693 1.355928 -1.409479
v -0.152456 1.349433 -1.465378
v -0.128076 1.385976 -1.540669
v 0.008865 1.514407 -1.543111
v 0.094878 1.417239 -1.510922
v 0.743886 1.957108 -1.062672
v 0.667789 1.975713 -1.246815
v 0.889130 1.989932 -1.224486
v 0.638204 1.949375 -1.129225
v 0.717056 1.977530 -1.332848
v 0.696388 1.875805 -1.095435
v 0.698860 1.704043 -1.079404
v 0.327390 2.202986 -0.606866
v 0.322643 2.090867 -0.594530
v 0.118042 2.136954 -0.355511
v 0.251104 2.146691 -0.271715
v 0.323220 2.149760 -0.386588
v 0.397312 2.138970 -0.500588
v 1.079621 2.204295 0.070398
v 1.140690 2.221299 -0.026448
v 1.116104 2.164831 0.031468
v 0.535807 2.165315 -0.252712
v 0.748394 2.180871 -0.118835
v 0.258399 1.939470 0.214037
v 0.470986 1.955026 0.347914
v 0.356784 2.002682 0.277492
v -1.257813 0.716443 -2.059602
v -0.346872 0.832027 -1.488542
v -1.472241 0.225010 -2.140898
v -1.512680 0.740445 -2.051061
v -1.081691 0.606173 -2.113624
v -1.139653 0.334910 -2.262612
v -1.399212 0.622028 -2.035315
v -0.155390 0.319702 -1.225230
v -0.272931 0.440424 -1.690201
v -0.663594 0.571584 -2.184691
v -0.662862 0.331544 -2.245040
v -0.395041 0.765330 -1.816872
v -0.908477 0.709261 -2.140467
v -0.119697 0.770041 -2.131549
v -0.582560 0.718927 -2.423260
v -0.369519 0.695303 -1.778737
v -0.596403 0.642117 -2.458105
v -0.067151 0.700445 -2.124287
v -0.251723 0.980370 -1.286378
v -1.465401 0.796522 -2.053226
v -0.994797 0.641397 -2.118245
v -0.390863 0.707322 -1.737338
v -1.059101 0.372681 -2.202822
v -0.993955 0.654322 -2.154399
v -0.651946 0.356072 -2.511197
v -0.617329 0.665526 -2.481197
v -1.470320 0.250112 -2.065557
v -1.506212 0.806597 -2.073224
v -1.102713 0.378444 -2.184885
v -1.039278 0.652682 -2.137735
v 2.263985 1.178427 0.292994
v 1.334481 1.169087 -0.291478
v 2.212880 0.943248 -0.101420
v 1.633860 0.891091 -0.465143
v 2.275614 1.132579 0.309181
v 1.297830 1.121699 -0.304953
v 1.636004 0.865976 -0.465502
v 2.214507 0.916768 -0.100965
v 2.272839 1.160412 0.311588
v 1.290294 1.140254 -0.296937
v -1.067697 0.389837 -2.246832
v -1.010798 0.635839 -2.204542
v -0.712043 0.375328 -2.516202
v -0.681812 0.645626 -2.490004
v -1.992877 0.758724 -2.120825
v -2.203859 0.749745 -1.784754
v -2.135000 0.498685 -2.119393
v -2.302114 0.491574 -1.853201
v -2.181479 0.209849 -2.219312
v 2.472961 0.499343 0.757661
v 2.160304 0.871195 1.210935
v 2.187882 0.684950 1.188782
v 2.412738 0.694519 0.830614
v 2.234490 0.986217 1.079766
v 2.261714 0.564124 1.085580
v 2.354853 0.568088 0.937222
v 2.327628 0.990180 0.931408
v 2.430731 0.798331 1.084851
v 2.520636 0.583070 1.248635
v 2.462101 0.778218 1.317316
v 2.586549 1.009126 1.094462
v 2.469907 0.856144 1.143685
v 2.657688 0.807735 1.096817
v 2.563621 0.623246 1.232684
v 2.539994 0.874770 1.273098
v 2.419325 0.837487 1.228522
v 2.551819 0.744755 1.028904
v 4.284800 -0.229951 -2.126678
v 4.601270 -0.216481 -2.630772
v 4.492739 -0.214727 -1.995753
v 0.294490 0.243911 -4.970670
v 4.809206 -0.201267 -2.499830
v 4.714324 -0.584094 -2.409862
v 4.428225 -0.599743 -2.206281
v 4.541670 -0.591438 -2.134851
v 0.015037 -0.263218 -5.159658
v 0.234382 -0.247168 -5.021527
v 4.671323 -0.463060 -2.241819
v 2.220817 0.926028 -0.134409
v 1.651128 0.876009 -0.493390
v 2.351492 0.926125 -0.611827
v 1.835911 0.880109 -0.936734
v 1.668911 0.894570 -0.492564
v 2.206831 0.941758 -0.153708
v 1.846514 0.898494 -0.918676
v 2.332427 0.941867 -0.612570
v 1.651128 0.876009 -0.493390
v 1.835911 0.880108 -0.936734
v 2.399130 1.101190 -0.807502
v 2.019738 1.014809 -1.041681
v 4.421562 0.638628 -2.035778
v 4.166479 0.481954 -2.171711
v 4.270383 0.489287 -2.021486
v 2.213684 0.558074 -0.783053
v 1.434644 0.333698 1.818069
v 1.183286 0.420470 1.758908
v 1.434643 0.333698 1.818069
v -2.715516 0.029018 -0.868239
v -2.680674 0.075775 -0.832275
v -2.715516 0.029018 -0.868240
v 1.559213 1.191780 1.495398
v -2.466651 0.787767 -1.352109
v -2.574554 0.778036 -1.184338
v -2.308773 0.794486 -1.603591
v -1.178244 0.275202 0.404293
v -0.912190 1.105270 0.268473
v 0.058286 -0.169651 0.459791
v 0.085858 -0.165870 0.605178
v 0.434985 -0.142087 0.697016
v 0.292213 -0.150770 0.735130
v 0.044379 0.486111 1.358567
v 0.325925 0.252571 1.119857
v 0.325925 0.252571 1.119857
v 1.143722 0.287374 -0.182799
v 1.277091 1.128745 1.748842
v -2.560450 0.794218 -0.449580
v -2.795908 0.773831 -0.827126
v -3.025416 0.443475 -0.712619
v 0.530908 1.386620 0.726164
v -1.041865 1.111914 0.272067
v -0.316265 0.205580 0.715439
v 0.183146 1.396653 0.978698
v -2.166135 0.454195 0.407649
v -2.137723 0.176085 0.331621
v -2.484900 0.521167 0.554767
v -2.487510 0.561637 0.554210
v -1.955648 0.579495 0.888586
v -1.958258 0.619965 0.888028
v -2.363355 0.571505 0.096906
v -2.339683 0.648550 0.138412
v -1.778578 0.635338 0.465730
v -1.825610 0.704620 0.462635
v -2.569292 0.266078 0.520009
v -2.206507 0.148811 0.621023
v 0.379391 0.389054 2.409377
v 0.534486 0.481174 2.485813
v -0.046069 0.415145 2.053811
v -0.158169 0.430594 2.049618
v -1.825762 0.343900 0.986753
v -2.360745 0.531035 0.097464
v -1.775968 0.594868 0.466288
v -2.367927 0.203679 0.888073
v -0.249004 0.555052 2.506426
v -0.098777 0.940243 2.097741
v -4.363744 0.508386 2.141810
v -4.309054 0.512542 2.160556
v -4.223676 -0.115186 2.233449
v -4.291113 0.019474 2.163881
v -4.537797 0.495649 2.032212
v -4.394279 -0.096989 2.039633
v -4.368157 -0.127321 2.028948
v -4.448307 0.217344 2.240934
v -0.174599 -0.362338 4.773491
v -0.109802 -0.310898 4.775117
v 0.002029 0.129707 4.679822
v 0.067824 -0.346136 4.814574
v 0.067823 -0.346139 4.814578
v 0.209842 -0.334211 5.015594
v -4.647374 0.480391 2.012210
v -4.473824 0.493133 2.124646
v -4.436304 -0.088594 2.132661
v -0.044121 -0.301548 5.370346
v -0.396006 -0.316148 5.202539
v -0.274983 -0.360721 5.360625
v -0.326815 0.799521 5.177177
v -0.060945 0.807379 4.885023
v -4.716900 -0.142165 2.584455
v -0.088890 -0.810873 4.975164
v -0.116417 -0.759987 4.921771
v -4.483461 -0.195642 1.984563
v -4.271934 -0.180177 2.117735
v -4.754270 0.016741 2.177822
v -4.462891 0.978308 2.184101
v -4.405005 0.978565 2.326819
v -4.645029 0.970559 2.474236
v -4.764692 0.961803 2.398875
v -4.557054 -0.521374 2.138535
v -4.421172 -0.537319 2.160778
v -4.612514 -0.520487 2.462656
v -4.611422 -0.545420 2.463830
v -4.690247 -0.552040 2.352261
v -4.476875 -0.536406 2.486654
v 0.015842 -0.751148 4.944185
v 0.015846 -0.751141 4.944177
v -0.171180 -0.759102 5.242085
v -0.248659 -0.765613 5.132416
v 0.093328 -0.744633 5.053845
v -0.038921 -0.750263 5.264500
v -4.368530 -0.568400 2.209240
v -0.218488 -0.797492 5.195396
v -0.191094 -0.676593 5.024024
v -0.838065 1.159288 -0.030958
v -2.466141 0.492433 -0.853884
v -2.552084 0.800123 -0.761002
v -2.422359 0.819093 -0.955911
v -1.654368 0.995354 -0.469063
v -1.778976 0.990051 -0.270577
v -2.409380 0.995747 -0.666187
v -2.488832 0.078333 0.769583
v -0.097859 0.693081 2.436677
v -4.316148 -0.091031 2.047209
v -4.358537 -0.117985 2.005870
v -2.111322 0.105708 1.007300
v -4.981012 1.069713 2.845623
v -5.297503 0.805598 2.292876
v -3.760002 1.151106 2.832320
v -4.261415 1.100810 1.734165
v -5.168209 1.017702 3.138945
v -5.143595 1.019497 3.154432
v -4.547614 0.655056 3.180701
v -4.957298 0.945762 2.857197
v -4.025228 0.887519 2.207802
v -4.306194 0.878137 2.917151
v -4.068566 1.065263 1.442044
v -4.093182 1.063461 1.426544
v -3.546934 1.049301 2.071216
v -4.803191 1.175189 1.727086
v -5.424413 0.789610 2.643604
v -5.315376 1.247531 2.573994
v -3.758394 0.898137 2.624141
v -4.539359 0.929428 2.269436
v -4.688735 0.920553 2.324594
v -4.706844 0.919714 2.348993
v -4.501895 1.319813 2.044093
v -4.484235 1.366896 2.059603
v -4.479928 1.300121 2.060523
v -4.831969 1.299086 2.084894
v -4.815372 1.345118 2.029097
v -4.671925 1.422156 2.081351
v -4.507769 1.410878 2.042839
v -4.467227 1.368998 2.553912
v -4.502178 1.303434 2.405280
v -4.620883 1.431199 2.498858
v -4.770858 1.286258 2.416356
v -4.799960 1.352908 2.522447
v -4.762152 1.346234 2.551732
v -4.782300 1.399999 2.537964
v -4.526998 1.388097 2.026979
v -4.760333 1.380312 2.554399
v -5.050960 1.302487 0.037261
v -5.014630 1.304930 0.044569
v -4.821756 1.317042 0.020728
v -4.788330 1.340497 0.031651
v -4.269565 1.414873 4.537479
v -4.236077 1.421200 4.544405
v -4.462439 1.402762 4.561320
v -4.498631 1.421422 4.549734
v -4.687633 1.305107 2.328894
v -0.539789 0.841498 5.627689
v -0.856278 0.577382 5.074943
v 0.681222 0.922890 5.614389
v 0.179809 0.872595 4.516232
v 0.634190 0.983852 4.720862
v 0.865484 0.839200 4.858415
v -0.726981 0.789485 5.921009
v -0.702371 0.791281 5.936497
v -0.106391 0.426842 5.962770
v -0.516075 0.717547 5.639266
v 0.415996 0.659303 4.989872
v 0.135030 0.649919 5.699216
v 0.372655 0.837045 4.224113
v 0.348042 0.835245 4.208613
v 0.879540 0.775555 5.074419
v -1.027719 0.866288 4.741495
v -1.004339 0.887812 5.420899
v -0.361969 0.946973 4.509154
v -1.010857 0.604850 4.745096
v -0.983189 0.561395 5.425672
v -0.874151 1.019317 5.356060
v 0.682830 0.669921 5.406207
v -0.082823 1.107304 5.131011
v -0.130498 0.701332 5.212252
v -0.122397 1.083181 5.044735
v -0.112464 0.699995 5.030195
v 0.086698 1.177057 5.248331
v 2.102075 1.301934 5.222062
v 2.113095 1.280037 5.007991
v -2.414719 1.008952 4.963795
v -2.439638 0.989331 5.221227
v -0.405631 1.120883 5.247506
v -0.384253 1.076776 5.266696
v 0.089221 1.148736 4.952503
v 0.073707 1.101748 4.934570
v -0.383179 1.072255 4.933497
v -0.363222 1.051976 4.915313
v -0.401683 1.126523 4.947630
v -0.372432 1.188039 5.098593
v -0.389055 1.163359 4.932242
v -0.406243 1.141168 4.951011
v -0.364415 1.056999 5.285552
v -0.390129 1.167880 5.265441
v -0.402661 1.130638 5.250978
v 0.055423 1.084092 5.286538
v 0.072633 1.106268 5.267769
v 0.085273 1.143096 5.252381
v 0.046810 1.217643 5.284698
v 0.047407 1.215131 5.099579
v 0.066758 1.197353 5.266515
v 0.056617 1.079069 4.916300
v 0.067833 1.192833 4.933315
v 0.085029 1.157930 4.948773
v -2.701571 0.443866 -1.273181
v -2.881321 0.450861 -0.974076
v 1.708770 1.037615 1.908606
v 1.745461 0.468383 1.916485
v -0.750565 1.202875 -0.439062
v -0.776956 1.244956 -0.454506
v -0.711171 1.213130 -0.560746
v -0.924856 1.238662 -0.218919
v -2.151791 0.899987 -1.150553
v -1.993111 0.906740 -1.403313
v -0.613315 1.164497 -0.353923
v 0.551369 1.430680 0.786758
v -0.931769 1.180011 0.329949
v 0.189244 1.262617 1.033971
v -0.731277 1.418171 0.338312
v 0.050417 1.519723 0.808174
v -0.975322 0.396631 0.549685
v 0.089527 0.481951 1.229048
v -0.993232 0.404396 0.536503
v -0.987046 0.404659 0.526648
v -0.978931 0.400561 0.551224
v -0.968053 0.395123 0.538317
v 0.060582 0.989555 1.216062
v -1.011310 0.902565 0.544308
v -1.018725 0.897069 0.540097
v -1.024975 0.896523 0.529724
v -1.018788 0.896786 0.519868
v 0.060833 0.987431 1.219632
v 0.056293 0.982194 1.223696
v 0.080364 0.983999 1.225983
v 0.086551 0.984262 1.216128
v 0.093604 0.479041 1.226649
v 0.101126 0.473358 1.211629
v 0.112529 0.485307 1.232853
v 0.118716 0.485571 1.222998
v 0.088445 0.483722 1.230561
v -0.953070 0.407230 0.495671
v -0.984676 0.897721 0.488863
v 0.099794 0.983164 1.171460
v 0.131784 0.486612 1.178854
v 1.918661 1.155727 0.857828
v -4.837757 -0.265935 2.379945
v -4.805392 -0.209361 2.497332
v -1.365600 1.145571 -0.826706
v -1.439407 1.155564 -0.720452
v -1.302291 1.161399 -0.938862
v -1.408760 1.060001 -0.856088
v -1.395612 1.067609 -0.847631
v 1.047696 1.306597 1.033708
v 1.083474 1.240320 1.033499
v 1.171876 1.340395 1.116659
v 1.418027 1.294735 1.211326
v 1.475647 1.175035 1.243751
v 1.505591 1.235494 1.250733
v 0.083672 -0.177169 5.209861
v -0.311699 -0.206098 4.960879
v -4.483932 -0.576838 2.136584
v -1.385098 1.068379 -0.841010
v -1.521772 1.062562 -0.623304
v -1.475794 1.141203 -0.627810
v -1.355085 1.146340 -0.820085
v -1.355085 1.146340 -0.820085
v -1.349062 1.108898 -0.817304
v -1.477754 1.103422 -0.612314
v 0.705322 1.272786 0.780103
v -0.265863 0.043277 0.742745
v 0.551934 0.078080 -0.559910
v 0.276603 -0.149479 0.901973
v -0.057510 -0.173927 0.691566
v 0.180949 -0.509502 0.528933
v 0.103116 -0.433447 0.608864
v 0.070865 -0.515468 0.703009
v 0.254058 -0.638211 0.807800
v 0.356450 -0.626678 0.657921
v 0.125599 -0.574702 0.619205
v 0.166037 -0.650594 0.642564
v 0.174072 -0.665673 0.647206
v 0.275019 -0.642619 0.711195
v -0.496145 -0.532219 0.352988
v -0.433324 -0.485735 0.169015
v -0.329691 -0.536624 0.206418
v -0.294199 -0.462519 0.358656
v -0.553849 -0.537097 0.269038
v -0.557422 -0.537399 0.263840
v -0.485994 -0.534210 0.160952
v -0.761994 0.145830 0.209209
v -0.646793 0.150733 0.025708
v -0.634023 0.134600 0.161271
v 0.099087 1.468355 1.737955
v -1.479305 1.422082 0.863068
v -1.410413 1.357901 0.787352
v -1.484508 1.354748 0.905378
v -1.447855 1.423420 0.812973
v -1.412165 1.372862 0.779239
v -1.517348 1.324814 0.731745
v -1.597112 1.413461 0.788879
v -0.869162 1.406764 1.445063
v -0.677095 1.413828 1.413844
v -0.655437 1.078034 1.418469
v -0.726992 0.998042 1.500036
v -0.581342 1.081187 1.300443
v -0.786626 1.151338 1.343679
v 0.144096 1.276703 1.683422
v -0.603000 1.416981 1.295818
v -0.407027 1.608852 0.940188
v -1.602530 1.268023 0.853001
v -1.557062 1.307288 0.776247
v -1.614574 1.118379 0.904013
v -1.616559 1.177333 0.885823
v -1.590937 1.088322 0.855482
v -1.540670 1.053141 0.779750
v -1.462521 1.124851 0.661808
v -1.495204 1.092397 0.702990
v -1.481172 1.183094 0.670170
v -1.506795 1.272106 0.700515
v -1.527550 1.303506 0.794675
v -1.512987 1.077718 0.797785
v 0.219041 1.211506 1.775027
v -1.537956 1.371442 0.962086
v -1.557501 1.328751 0.998084
v -0.923788 1.395777 1.258490
v -1.534808 1.161003 1.007763
v -1.575602 1.211751 1.040422
v -1.571794 1.152715 1.041235
v -1.462850 1.018954 0.910003
v -1.538741 1.037893 1.002090
v -1.513811 0.997095 0.967242
v -0.936534 0.982710 1.368078
v -1.388754 1.022107 0.791977
v -1.448966 0.951710 0.869547
v -1.417517 0.953049 0.819452
v -0.695711 1.046745 1.211464
v -1.335464 1.169487 0.690231
v -1.358866 1.003688 0.720433
v -1.339320 1.046380 0.684435
v -1.338454 1.215850 0.689592
v -1.321219 1.163379 0.642098
v -1.325027 1.222415 0.641285
v -1.358080 1.337238 0.680429
v -1.383010 1.378036 0.715277
v -0.633826 1.592256 0.797362
v -0.551901 0.665200 0.833622
v -0.472878 0.773178 0.889407
v -0.378561 0.681430 0.944111
v -1.627001 1.431880 0.860423
v -1.532752 1.438777 0.919776
v -1.696794 1.279440 0.988963
v -1.602545 1.286336 1.048316
v -1.683197 1.068636 0.991867
v -1.588948 1.075533 1.051220
v -1.594176 0.922955 0.867433
v -1.499927 0.929851 0.926786
v -1.481877 0.927734 0.688555
v -1.387628 0.934631 0.747908
v -1.412084 1.080174 0.560015
v -1.317835 1.087070 0.619368
v -1.425681 1.290978 0.557111
v -1.331432 1.297874 0.616464
v -1.514702 1.436659 0.681544
v -1.420453 1.443556 0.740897
v -0.937282 1.907291 1.299780
v -0.761251 1.920007 1.409372
v -0.713076 1.922041 1.322520
v -0.828684 1.857975 1.128273
v -0.648928 1.871128 1.241474
v -0.562466 2.071922 0.725050
v -0.464097 2.061981 0.725712
v -0.340723 2.142772 0.682824
v -0.471567 2.172393 0.724745
v -0.320077 2.118309 0.342362
v -0.260441 2.179421 0.434843
v -0.250375 2.068133 0.438189
v -0.187015 2.128046 0.426157
v -0.259131 2.124977 0.541030
v 0.067658 2.092877 0.745328
v 0.166043 2.156088 0.808782
v 0.051841 2.203743 0.738360
v 0.466208 2.178419 1.024439
v 0.418054 2.176369 1.101142
v 0.441238 2.223019 1.083819
v -0.046544 2.140532 0.674906
v 0.372601 1.891815 0.284459
v 0.258399 1.939470 0.214037
v 0.372601 1.891815 0.284459
v 0.258399 1.939470 0.214037
v 0.470986 1.955026 0.347914
v 0.470986 1.955026 0.347914
v 0.356784 2.002682 0.277492
v -1.291001 0.936141 0.369071
v -2.504678 0.752294 -0.397778
v -2.354817 0.583519 0.048110
v -1.750883 0.649444 0.429016
v -2.504775 0.206084 -0.417801
v -2.467184 0.240055 -0.355658
v -2.540668 0.762574 -0.425467
v -2.499513 0.753354 -0.360885
v -2.455412 0.320872 -0.030192
v -2.522835 0.333236 -0.010831
v -2.391977 0.595116 0.016959
v -2.455726 0.588684 0.030092
v -2.452458 0.313384 0.016641
v -2.387312 0.595025 0.065063
v -2.552583 0.275187 0.516303
v -2.517966 0.584642 0.546302
v -2.452123 0.639523 0.553843
v -1.988625 0.690651 0.846186
v -2.364689 0.689629 0.367231
v -1.944138 0.735755 0.632481
v -1.697236 1.124645 0.618058
v -2.584044 0.984128 0.034019
v -1.942999 0.358039 0.170533
v -2.010006 0.326556 0.629592
v -3.448016 0.596035 -0.103586
v -2.877776 0.526700 0.044048
v 1.240702 1.088536 1.957675
v 0.262919 1.077656 1.343539
v 0.271615 0.807911 1.707811
v 0.850118 0.858703 2.072347
v 1.274390 0.515672 1.721646
v 0.533326 0.428544 1.214988
v -3.310379 0.585201 -0.131721
v -2.906193 0.528897 -0.020763
v -2.794019 0.724621 -0.844718
v -2.583037 0.733601 -1.180789
v -2.848274 0.468331 -0.983232
v -2.681161 0.475443 -1.249424
v -2.806117 0.590439 -0.914782
v -2.626143 0.598098 -1.201459
v -2.955666 0.230856 -0.991779
v 2.027890 0.861384 1.998746
v 2.039167 0.686548 2.001154
v 1.768969 0.842438 1.835691
v 2.113000 0.565723 1.897952
v 2.264023 0.696117 1.642985
v 2.131284 0.667927 1.738620
v 2.033470 0.766036 1.424557
v 1.993825 0.852007 1.477522
v 2.252746 0.870953 1.640577
v 2.178913 0.991778 1.743779
v -4.593858 -0.193872 2.630515
v -4.659566 -0.584321 2.416336
v -4.544161 -0.575872 2.488997
v 0.269812 0.843609 1.767029
v 0.261235 0.834657 1.750081
v 0.775209 0.887937 2.085497
v 0.798778 0.881828 2.088806
v -0.024224 0.827593 2.097976
v -0.045616 0.817977 2.095631
v 0.431267 0.868292 2.385017
v 0.439921 0.861338 2.401606
v 0.822535 0.866521 2.092892
v 0.449606 0.845187 2.417658
v 0.283632 0.952129 2.537116
v -0.013626 0.354922 4.670117
v 0.033861 0.426231 4.742782
v -0.017626 0.355408 4.830996
v 2.252439 0.368501 0.515413
v 2.087787 0.458963 0.318141
v -1.963190 0.061035 -2.066608
v -1.916788 0.108284 -2.049057
v -1.963190 0.061035 -2.066608
v 1.995519 1.210348 0.800412
v -0.155086 0.318744 -1.225478
v -0.261404 1.020256 -1.021566
v -0.140374 0.188967 -0.991573
v 0.631665 -0.139483 -0.034904
v 0.586088 -0.144582 -0.191631
v 0.792443 -0.129482 -0.061679
v 1.230544 0.536590 -0.530857
v 2.102486 1.163871 0.434081
v -1.537294 0.837760 -2.079350
v -1.979055 0.808594 -2.128280
v -1.967844 0.488482 -2.397210
v 0.851203 1.400250 0.215971
v 0.526732 0.159231 -0.573563
v 0.501531 0.240383 -0.587216
v 0.927048 1.428311 -0.206252
v -0.585988 0.521441 -2.109343
v -0.635381 0.240020 -2.061437
v -0.593793 0.601647 -2.457548
v -0.596403 0.642117 -2.458105
v -0.064541 0.659975 -2.123729
v -0.067151 0.700445 -2.124287
v -0.954297 0.631471 -2.147562
v -0.908493 0.709457 -2.141309
v -0.369519 0.695304 -1.778738
v -0.394425 0.765527 -1.817077
v -0.655647 0.347517 -2.528206
v -0.404128 0.225515 -2.249958
v 2.324473 0.471831 -0.688913
v 2.458510 0.563055 -0.578936
v 1.818751 0.494506 -0.916633
v 1.765855 0.512475 -1.015130
v 0.085977 0.425258 -2.058426
v -0.951686 0.591000 -2.147004
v -0.366909 0.654833 -1.778180
v -0.235258 0.294439 -2.509023
v 2.134563 0.656489 -1.290319
v 1.822745 1.022017 -0.963021
v 0.018039 0.694862 -4.837862
v 0.058596 0.698416 -4.796606
v 0.176439 0.072070 -4.775424
v 0.081250 0.205549 -4.800788
v -0.156004 0.682124 -4.947477
v -0.072658 0.086926 -4.844209
v -0.070187 0.055587 -4.817221
v 0.077491 0.409948 -4.968138
v 4.229716 -0.174904 -2.242074
v 4.258122 -0.125013 -2.182482
v 4.210378 0.308802 -2.023592
v 4.371735 -0.162975 -2.041057
v 4.371737 -0.162978 -2.041060
v 4.614161 -0.146776 -1.999975
v -0.221296 0.668752 -5.038020
v -0.044917 0.681614 -4.930089
v -0.007395 0.099887 -4.922078
v 4.822265 -0.094450 -2.381245
v 4.518534 -0.107000 -2.625754
v 4.714540 -0.148382 -2.587109
v 4.498963 1.004891 -2.509728
v 4.351409 0.995155 -2.143346
v 0.278556 0.070426 -5.372729
v 4.459316 -0.617315 -2.269602
v 4.398059 -0.567865 -2.269267
v -0.158642 -0.011591 -4.904375
v 0.052854 0.003872 -4.771150
v -0.107555 0.214491 -5.223858
v 0.001689 1.168307 -4.927457
v 0.155325 1.172639 -4.937261
v 0.183836 1.176061 -5.217587
v 0.064169 1.167304 -5.292943
v -0.044212 -0.329321 -5.049901
v 0.035286 -0.347666 -4.937845
v 0.223411 -0.314684 -5.240412
v 0.225542 -0.339573 -5.240894
v 0.090991 -0.348566 -5.263698
v 0.304383 -0.332931 -5.129336
v 4.475540 -0.561357 -2.159597
v 4.475534 -0.561350 -2.159590
v 4.662559 -0.553393 -2.457500
v 4.530300 -0.562235 -2.479912
v 4.607793 -0.552511 -2.137176
v 4.740040 -0.546885 -2.347831
v 0.102551 -0.378125 -4.912675
v 4.600880 -0.592394 -2.481299
v 4.455622 -0.478843 -2.377657
v -0.420208 1.177071 -0.696555
v -1.852963 0.518528 -1.830605
v -1.814129 0.831528 -1.936479
v -1.933620 0.839893 -1.734415
v -1.165630 1.016153 -1.247567
v -1.041021 1.021456 -1.446054
v -1.671425 1.027152 -1.841664
v -0.391509 0.168205 -2.571283
v 2.134187 0.788070 -1.118715
v -0.033489 0.126784 -4.778972
v -0.087002 0.063798 -4.798191
v -0.013984 0.194964 -2.333517
v 0.369646 1.297421 -5.677358
v -0.259201 1.020013 -5.732556
v 0.886712 1.348856 -4.569357
v -0.318656 1.268602 -4.546193
v 0.553527 1.261202 -5.975120
v 0.578129 1.262996 -5.959613
v 0.869722 0.885601 -5.448490
v 0.393359 1.173469 -5.665781
v 0.215539 1.067993 -4.547248
v 0.732109 1.092552 -5.108283
v -0.496893 1.217262 -4.247220
v -0.521507 1.215460 -4.262722
v 0.296700 1.212875 -4.051248
v -0.562427 1.355663 -5.027961
v 0.001705 1.020529 -5.999575
v -0.024550 1.472692 -5.853680
v 0.706099 1.088132 -4.487280
v 0.046424 1.124585 -5.035187
v 0.031328 1.121425 -5.193921
v 0.045437 1.121957 -5.220840
v -0.149517 1.505037 -4.888741
v -0.129009 1.552241 -4.877769
v -0.170752 1.539746 -4.898581
v -0.255835 1.493832 -5.204358
v -0.299951 1.537281 -5.163447
v -0.192383 1.612792 -5.054040
v -0.155391 1.596102 -4.889996
v 0.323298 1.572868 -5.076839
v 0.175881 1.502519 -5.046328
v 0.205421 1.636592 -5.188888
v 0.069420 1.492245 -5.293648
v 0.150661 1.563591 -5.363319
v 0.154968 1.496816 -5.362400
v 0.171176 1.610804 -5.352351
v -0.177482 1.573199 -4.901296
v 0.195997 1.591239 -5.340462
v -2.194361 1.424055 -4.512971
v -2.172042 1.425902 -4.483345
v -2.109917 1.432449 -4.298918
v -2.086112 1.455496 -4.272670
v 2.193694 1.689930 -5.757744
v 2.214339 1.695710 -5.730361
v 2.131568 1.683382 -5.942170
v 2.104950 1.702450 -5.969007
v 0.026430 1.505723 -5.180063
v 4.810870 1.069206 -2.895291
v 4.182022 0.791797 -2.950487
v 5.327936 1.120641 -1.787291
v 4.122568 1.040387 -1.764126
v 4.501696 1.148442 -1.439627
v 4.729581 1.003645 -1.296643
v 4.994750 1.032984 -3.193048
v 5.019351 1.034780 -3.177545
v 5.310947 0.657387 -2.666424
v 4.834584 0.945255 -2.883715
v 4.656765 0.839777 -1.765183
v 5.173330 0.864334 -2.326214
v 3.944333 0.989045 -1.465156
v 3.919719 0.987245 -1.480656
v 4.931663 0.948001 -1.380144
v 3.800359 1.071757 -2.949076
v 4.421586 1.118723 -3.221971
v 3.878797 1.127447 -2.245896
v 3.817222 0.810318 -2.945474
v 4.442929 0.792315 -3.217508
v 4.416673 1.244479 -3.071611
v 5.147322 0.859916 -1.705212
v 4.556112 1.304723 -2.258276
v 4.618271 0.903425 -2.351989
v 4.461819 1.278271 -2.257390
v 4.462266 0.894682 -2.256819
v 4.733763 1.374822 -2.153906
v 5.583567 1.450096 -0.323552
v 5.396186 1.419755 -0.221595
v 3.393852 1.256147 -4.288587
v 3.615219 1.247007 -4.423459
v 4.520266 1.330514 -2.598878
v 4.547897 1.286673 -2.589649
v 4.469247 1.335137 -2.024372
v 4.447488 1.287883 -2.032356
v 4.465067 1.325330 -2.025914
v 4.248539 1.269367 -2.444293
v 4.241337 1.247932 -2.419217
v 4.251909 1.324565 -2.465003
v 4.399042 1.391098 -2.501813
v 4.242663 1.360471 -2.445549
v 4.252617 1.339435 -2.470014
v 4.573974 1.267162 -2.580730
v 4.542022 1.377777 -2.590904
v 4.524447 1.340321 -2.597337
v 4.756790 1.284168 -2.202196
v 4.746846 1.305189 -2.177712
v 4.737606 1.341086 -2.158247
v 4.748177 1.417718 -2.204035
v 4.581859 1.408104 -2.123279
v 4.740972 1.396274 -2.178967
v 4.441613 1.378968 -2.033611
v 4.415542 1.398489 -2.042522
v -2.140712 0.482379 -2.153782
v 2.436246 1.068574 0.749818
v 2.472961 0.499343 0.757661
v -0.629057 1.251250 -0.690092
v 0.913586 1.446095 0.209788
v -0.136581 1.213852 -0.936694
v 0.982679 1.296383 -0.229879
v -0.131835 1.216094 -0.927787
v -0.030738 1.493504 -0.715315
v 0.712867 1.547915 -0.247032
v 0.061118 0.440739 -1.101243
v 1.133690 0.526388 -0.434183
v 0.041276 0.448421 -1.111349
v 0.035089 0.448158 -1.101494
v 0.060838 0.444811 -1.105009
v 0.054082 0.438622 -1.089825
v 0.065361 0.450006 -1.109057
v 1.097205 1.033671 -0.435158
v 0.028459 0.946814 -1.111925
v 0.021576 0.941341 -1.116983
v 0.009534 0.940548 -1.118128
v 0.003347 0.940285 -1.108273
v 1.100579 1.031680 -0.436562
v 1.102388 1.026713 -0.442613
v 1.114872 1.028024 -0.421869
v 1.108685 1.027761 -0.412014
v 1.133373 0.523291 -0.429584
v 1.123260 0.516857 -0.416513
v 1.147038 0.529333 -0.414999
v 1.140851 0.529070 -0.405144
v 0.021918 0.448723 -1.057372
v -0.009752 0.939211 -1.064079
v 1.074262 1.024635 -0.380755
v 1.106771 0.528105 -0.374189
v 1.893323 1.208874 0.836554
v 0.044881 -0.058145 -5.397532
v 0.163263 0.002090 -5.417161
v 0.906908 1.289595 0.317295
v 1.149336 1.422518 0.473040
v 1.354711 1.319662 0.544669
v 1.371676 1.252585 0.574427
v 1.482572 1.353617 0.621758
v 1.750910 1.245934 0.859969
v 4.730386 0.020581 -2.191818
v 4.335017 -0.008348 -2.440802
v -0.012835 -0.386562 -4.985357
v -1.248424 1.074195 -1.058715
v -1.234376 1.151477 -1.012360
v -1.220371 1.114375 -1.022295
v 0.978344 1.284406 0.345210
v -0.140279 0.187492 -0.991552
v 1.021576 -0.115820 -0.142705
v 0.935810 -0.121425 -0.148067
v 0.601697 -0.145873 -0.358474
v 0.559706 -0.149616 -0.433566
v 0.567072 -0.493070 -0.086117
v 0.603346 -0.412158 -0.187945
v 0.676039 -0.489713 -0.260964
v 0.852988 -0.612722 -0.146226
v 0.762323 -0.609406 0.011411
v 0.625829 -0.553413 -0.177604
v 0.666268 -0.629305 -0.154245
v 0.674303 -0.644384 -0.149603
v 0.775249 -0.621331 -0.085614
v 0.114782 -0.506220 -0.620149
v -0.024622 -0.468342 -0.482000
v 0.055339 -0.520239 -0.406890
v 0.206032 -0.441231 -0.438153
v 0.014236 -0.512921 -0.635856
v 0.008010 -0.513336 -0.636828
v -0.053619 -0.515809 -0.527771
v -0.146563 0.172021 -0.771102
v -0.261764 0.167119 -0.587600
v -0.133793 0.155888 -0.635539
v 1.572225 1.531047 -0.608584
v 0.099379 1.489266 -1.651592
v 0.062725 1.420593 -1.559186
v 0.136821 1.423746 -1.677212
v 0.067930 1.487927 -1.601497
v 0.054300 1.435270 -1.556671
v 0.029885 1.390660 -1.732820
v -0.018429 1.480645 -1.725781
v 0.888980 1.481585 -1.355454
v 0.944234 1.482827 -1.168747
v 0.965892 1.147033 -1.164121
v 1.010122 1.071968 -1.266985
v 0.891796 1.143880 -1.046095
v 1.557354 1.252376 -0.602178
v 0.839754 1.220552 -1.246956
v 0.870138 1.479674 -1.050721
v 0.630624 1.653011 -0.712669
v 0.040433 1.337943 -1.764049
v -0.009829 1.373129 -1.688318
v 0.084714 1.190696 -1.802756
v 0.066058 1.248940 -1.794392
v 0.052027 1.158246 -1.761574
v 0.006561 1.118991 -1.684816
v -0.067342 1.184225 -1.560552
v -0.043704 1.154172 -1.609085
v -0.069326 1.243178 -1.578737
v -0.055295 1.333874 -1.611561
v 0.019684 1.369352 -1.669891
v 0.034247 1.143564 -1.666780
v 1.781275 1.374304 -0.724622
v 0.164223 1.443882 -1.749287
v 0.189154 1.403083 -1.784135
v 0.697542 1.464776 -1.324100
v 0.211770 1.235333 -1.774334
v 0.222207 1.288260 -1.823280
v 0.226014 1.229224 -1.822467
v 0.158479 1.087952 -1.672587
v 0.207914 1.112225 -1.780129
v 0.188368 1.069534 -1.744131
v 0.800580 1.056636 -1.398943
v 0.084383 1.084799 -1.554561
v 0.129717 1.018894 -1.645113
v 0.098268 1.017556 -1.595018
v 0.762792 1.108814 -1.111761
v 0.012426 1.226849 -1.456801
v 0.033423 1.062940 -1.497321
v 0.008492 1.103738 -1.462474
v 0.009435 1.273213 -1.457440
v -0.024560 1.218561 -1.423330
v -0.028368 1.277597 -1.424143
v -0.010268 1.394597 -1.466480
v 0.009278 1.437288 -1.502478
v 0.403824 1.636415 -0.855496
v 0.494388 0.709727 -0.832995
v 0.576372 0.817831 -0.781928
v 0.668839 0.726004 -0.724275
v 0.032532 1.502505 -1.783020
v 0.126781 1.509401 -1.723667
v 0.121553 1.356823 -1.907453
v 0.215802 1.363719 -1.848100
v 0.135150 1.146019 -1.904550
v 0.229399 1.152916 -1.845197
v 0.065357 0.993580 -1.776010
v 0.159606 1.000476 -1.716657
v -0.046942 0.988800 -1.597131
v 0.047307 0.995697 -1.537778
v -0.135964 1.134482 -1.472698
v -0.041715 1.141378 -1.413345
v -0.149560 1.345286 -1.475601
v -0.055311 1.352182 -1.416248
v -0.079767 1.497726 -1.604141
v 0.014482 1.504622 -1.544788
v 0.716539 1.977672 -1.334566
v 0.891437 1.990340 -1.223169
v 0.834158 1.987886 -1.142045
v 0.610568 1.919225 -1.164289
v 0.790324 1.932378 -1.051088
v 0.329904 2.149504 -0.694633
v 0.401843 2.098833 -0.653630
v 0.414947 2.174931 -0.520871
v 0.395069 2.209275 -0.655706
v 0.118042 2.136954 -0.355511
v 0.225755 2.200112 -0.339611
v 0.235822 2.088824 -0.336265
v 0.251104 2.146691 -0.271715
v 0.323220 2.149760 -0.386588
v 0.650009 2.117660 -0.182290
v 0.748394 2.180871 -0.118835
v 0.634192 2.228527 -0.189257
v 1.072521 2.204221 0.058653
v 1.120674 2.206271 -0.018050
v 1.114041 2.251652 0.012122
v 0.535807 2.165315 -0.252712
v -0.251723 0.980370 -1.286378
v -1.465401 0.796522 -2.053226
v -0.994797 0.641397 -2.118245
v -0.390863 0.707322 -1.737338
v -1.470331 0.250106 -2.065551
v -1.398861 0.285520 -2.057372
v -1.506225 0.806597 -2.073216
v -1.429971 0.798871 -2.064543
v -1.102712 0.378439 -2.184886
v -1.114902 0.393153 -2.253505
v -1.039277 0.652683 -2.137735
v -1.055024 0.648294 -2.201064
v -1.059090 0.372682 -2.202833
v -0.993945 0.654323 -2.154410
v -0.651936 0.356073 -2.511209
v -0.617319 0.665527 -2.481208
v -0.583217 0.719058 -2.423108
v -0.119722 0.770185 -2.130760
v -0.714381 0.759861 -2.261519
v -0.293830 0.805987 -1.996269
v -0.208793 1.187989 -1.752861
v -1.116803 1.046569 -2.303126
v -0.700080 0.410933 -1.809292
v -0.315234 0.398681 -2.069983
v -1.607063 0.674380 -3.036011
v -1.224513 0.597058 -2.589409
v 2.275614 1.132579 0.309181
v 1.297830 1.121699 -0.304953
v 1.636004 0.865975 -0.465502
v 2.214507 0.916768 -0.100965
v 2.091576 0.550449 0.419963
v 1.315319 0.461823 -0.030636
v -1.572273 0.659169 -2.900323
v -1.295264 0.597454 -2.586785
v -1.992885 0.758715 -2.120831
v -2.268021 0.626694 -1.818174
v -2.203868 0.749737 -1.784761
v -2.135001 0.498686 -2.119392
v -2.302114 0.491574 -1.853200
v -2.057988 0.622277 -2.106464
v -2.237962 0.614618 -1.819787
v -2.192261 0.396714 -2.223282
v 2.660382 0.888301 0.991260
v 2.671659 0.713465 0.993668
v 2.401461 0.869355 0.828205
v 2.613774 0.587034 1.100277
v 2.446804 0.703896 1.351838
v 2.312401 0.502269 1.012280
v 2.176605 0.859786 1.186374
v 2.435526 0.878732 1.349429
v 2.493411 1.005162 1.242821
v 0.374770 0.017578 -5.283935
v 0.162787 -0.379097 -5.265117
v 0.278179 -0.370648 -5.192433
v 1.687667 0.903948 -0.491450
v 1.668896 0.894563 -0.492161
v 2.193063 0.948277 -0.172982
v 2.206439 0.941734 -0.153435
v 1.858088 0.907698 -0.900329
v 1.846906 0.898517 -0.918937
v 2.313579 0.948398 -0.613288
v 2.332442 0.941878 -0.612962
v 2.220817 0.926028 -0.134409
v 2.351492 0.926125 -0.611827
v 2.384273 1.041526 -0.808963
v 4.189417 0.533790 -2.024846
v 4.273765 0.606668 -2.010893
v 4.332484 0.540536 -2.098225
v -0.275354 -0.698118 -0.062328
v -0.007549 -0.324677 -0.222160
v -0.661077 -0.551988 -0.429767
v 0.147348 -0.518474 0.849342
v 0.010955 -0.447371 0.766073
v 0.780918 -0.457055 -0.289868
v 0.149969 2.136385 0.151227
v -0.393066 2.323605 -0.352360
v -0.555253 1.839455 -0.403134
v -0.608568 2.172686 0.017870
v -0.766392 2.277859 -0.306485
v 0.176178 2.115552 -1.483944
v -1.313271 2.052165 0.888575
vn -0.8786 -0.1036 0.4662
vn -0.8590 -0.0681 0.5074
vn -0.8868 -0.1203 0.4462
vn 0.8459 -0.2463 -0.4731
vn 0.8470 -0.2723 -0.4565
vn 0.8439 -0.2496 -0.4750
vn -0.0644 0.9978 -0.0137
vn 0.0644 -0.9978 0.0137
vn -0.0288 0.9540 -0.2983
vn 0.0052 0.9723 -0.2336
vn -0.0764 0.9211 -0.3817
vn -0.0716 0.9974 -0.0077
vn -0.0620 0.9980 -0.0083
vn -0.0627 0.9979 -0.0133
vn 0.0667 -0.9976 0.0191
vn 0.0572 -0.9982 0.0198
vn 0.0660 -0.9977 0.0142
vn -0.5316 -0.0226 0.8467
vn 0.0615 0.9962 0.0609
vn 0.0633 0.9960 0.0630
vn 0.0567 0.9967 0.0580
vn 0.8036 -0.0178 0.5950
vn -0.8276 -0.0201 -0.5610
vn -0.8804 -0.0012 -0.4743
vn -0.8200 -0.0194 -0.5721
vn 0.0531 -0.9966 0.0628
vn 0.0508 -0.9961 0.0728
vn 0.0618 -0.9978 0.0249
vn -0.0659 0.9978 -0.0055
vn -0.0703 0.9974 0.0180
vn -0.7735 0.4203 -0.4743
vn -0.7735 0.4205 -0.4742
vn -0.7735 0.4202 -0.4744
vn 0.0401 -0.0646 -0.9971
vn 0.0848 -0.0279 -0.9960
vn 0.1105 -0.0066 -0.9939
vn -0.0585 0.9982 -0.0140
vn -0.0620 0.9978 -0.0229
vn -0.0632 0.9979 -0.0124
vn 0.1529 0.9757 0.1571
vn 0.1433 0.9688 0.2024
vn 0.8695 0.1702 0.4637
vn 0.4609 0.4973 -0.7351
vn 0.4900 0.4719 -0.7330
vn 0.4919 0.4738 -0.7304
vn 0.5316 0.0226 -0.8467
vn -0.1710 0.9819 -0.0811
vn -0.9176 -0.1348 -0.3740
vn -0.9194 -0.1373 -0.3687
vn -0.9158 -0.1321 -0.3793
vn 0.8854 -0.0143 0.4645
vn -0.7936 -0.1371 -0.5928
vn -0.8316 -0.0915 -0.5478
vn 0.8206 0.1011 0.5625
vn 0.8700 0.1237 0.4773
vn 0.8174 0.1030 0.5667
vn 0.1116 -0.9935 -0.0240
vn 0.1036 -0.9945 -0.0176
vn 0.0733 -0.9973 0.0066
vn -0.0384 0.9987 -0.0329
vn -0.0576 0.9982 -0.0187
vn -0.7736 0.4202 -0.4744
vn 0.1971 0.9397 0.2796
vn 0.0334 0.9749 0.2200
vn -0.5305 0.5822 0.6162
vn -0.8464 -0.0473 0.5304
vn 0.6366 0.2216 0.7387
vn 0.9040 0.2287 0.3612
vn 0.7817 0.3156 0.5380
vn 0.3574 0.3354 0.8716
vn -0.9648 0.2452 0.0948
vn -0.9469 0.2903 0.1385
vn -0.9618 0.2568 0.0948
vn 0.0756 0.9491 0.3059
vn -0.2296 0.9733 -0.0075
vn -0.3554 0.7466 0.5624
vn -0.4732 0.4575 0.7528
vn -0.4550 0.4335 0.7779
vn -0.4581 0.4315 0.7772
vn 0.0492 0.9968 0.0636
vn 0.8387 0.0155 0.5444
vn -0.2333 -0.2146 -0.9484
vn -0.9552 -0.2458 0.1649
vn 0.0521 -0.9986 0.0126
vn -0.7370 -0.0463 -0.6743
vn 0.4435 -0.6754 -0.5891
vn 0.4403 -0.6455 -0.6241
vn 0.4438 -0.6788 -0.5850
vn -0.8755 -0.1406 -0.4624
vn -0.5297 0.1692 0.8312
vn 0.9287 -0.0080 0.3707
vn 0.9245 -0.0029 0.3812
vn 0.9266 -0.0056 0.3759
vn 0.8312 0.0325 0.5550
vn -0.0716 0.9971 0.0251
vn 0.2934 0.6618 -0.6899
vn 0.0642 0.9979 -0.0103
vn 0.2967 0.9419 0.1578
vn 0.0189 -0.0818 -0.9965
vn -0.0521 -0.2845 0.9573
vn -0.0546 -0.2879 0.9561
vn -0.0361 -0.3099 0.9501
vn 0.8166 0.3114 0.4860
vn 0.7128 0.2205 0.6658
vn 0.9369 0.2419 0.2525
vn 0.9320 0.3598 -0.0436
vn -0.3469 0.2786 -0.8956
vn -0.2941 0.3181 -0.9013
vn -0.3402 0.2718 -0.9002
vn -0.3040 0.9423 0.1401
vn -0.3990 0.9074 0.1321
vn -0.2237 0.9645 0.1406
vn 0.0702 -0.9974 0.0135
vn 0.0655 -0.9977 0.0151
vn 0.0667 -0.9978 0.0046
vn -0.2168 0.9077 0.3594
vn 0.8544 0.0162 0.5194
vn -0.9500 -0.2451 0.1932
vn -0.2611 -0.2162 -0.9408
vn 0.0580 -0.9983 0.0031
vn -0.3173 -0.7112 0.6273
vn -0.3548 -0.6793 0.6424
vn -0.3212 -0.7080 0.6290
vn 0.5138 0.2136 -0.8309
vn 0.7357 0.0672 0.6740
vn -0.0325 0.9988 -0.0372
vn 0.0124 -0.9955 0.0940
vn -0.1594 -0.9464 0.2809
vn -0.0176 -0.9839 0.1780
vn 0.6875 0.0354 0.7253
vn 0.6925 0.0661 0.7184
vn 0.6859 0.0542 0.7257
vn 0.3773 0.1642 0.9114
vn 0.4256 0.5097 0.7477
vn 0.4181 0.7355 0.5331
vn 0.3176 -0.0247 0.9479
vn -0.1043 0.9945 -0.0072
vn -0.1043 0.9945 -0.0077
vn -0.1044 0.9945 -0.0082
vn -0.9723 -0.1981 -0.1238
vn -0.9763 -0.2098 -0.0527
vn -0.9708 -0.2207 -0.0944
vn -0.0418 -0.9735 0.2247
vn -0.0750 -0.9699 0.2316
vn 0.9712 0.1978 -0.1329
vn 0.0578 0.9840 -0.1685
vn -0.9865 -0.1495 -0.0672
vn -0.9787 -0.1992 -0.0502
vn 0.1353 -0.9901 -0.0362
vn 0.1199 -0.9920 -0.0408
vn 0.1260 -0.9911 -0.0432
vn -0.3133 0.9225 0.2254
vn -0.5879 0.3543 0.7272
vn -0.1515 0.9581 0.2430
vn -0.3109 0.5717 0.7593
vn 0.1392 0.9890 -0.0496
vn 0.0028 0.9672 -0.2541
vn -0.0248 0.9694 -0.2442
vn 0.1345 -0.9668 -0.2174
vn 0.2652 -0.9639 -0.0227
vn 0.0965 -0.9748 -0.2011
vn 0.1440 0.9891 -0.0299
vn 0.2699 -0.9629 -0.0030
vn 0.2240 0.9708 -0.0860
vn 0.1430 0.9860 -0.0853
vn 0.7918 -0.4295 0.4342
vn 0.2687 -0.9615 -0.0585
vn 0.3470 -0.9360 -0.0597
vn 0.7293 0.5394 0.4209
vn -0.5683 0.8207 0.0595
vn -0.6831 -0.5374 -0.4946
vn -0.1197 0.9457 -0.3023
vn -0.7456 0.4315 -0.5079
vn -0.4759 -0.8768 0.0690
vn 0.0033 -0.9611 -0.2761
vn -0.2221 0.9693 -0.1052
vn -0.4331 0.8962 0.0959
vn -0.1688 0.9789 -0.1152
vn -0.2987 -0.9464 0.1232
vn -0.0802 -0.9934 -0.0820
vn -0.0415 -0.9953 -0.0880
vn -0.4533 0.8858 0.0998
vn 0.0829 0.9933 0.0802
vn 0.0617 0.9934 0.0968
vn 0.0645 0.9917 0.1114
vn 0.1886 -0.9742 0.1239
vn 0.2097 -0.9719 0.1073
vn 0.1911 -0.9717 0.1385
vn -0.3359 -0.9336 0.1249
vn 0.4583 0.8849 -0.0830
vn 0.7456 -0.4315 0.5079
vn -0.0033 0.9611 0.2761
vn 0.1344 -0.9668 -0.2174
vn 0.6831 0.5374 0.4946
vn 0.5847 -0.8099 -0.0458
vn 0.1196 -0.9457 0.3024
vn 0.3359 0.9336 -0.1249
vn 0.4293 0.9014 -0.0554
vn 0.5811 0.7090 -0.3995
vn 0.3775 0.9228 0.0763
vn 0.6681 -0.6392 -0.3809
vn 0.5416 -0.8400 -0.0314
vn 0.4928 -0.8643 0.1009
vn 0.4533 -0.8858 -0.0998
vn 0.6019 0.5421 -0.5864
vn 0.6675 -0.4762 -0.5724
vn -0.3469 0.9360 0.0597
vn -0.2687 0.9615 0.0585
vn -0.7293 -0.5394 -0.4209
vn -0.5891 0.8058 -0.0614
vn -0.9279 0.0089 0.3728
vn -0.6218 0.6903 -0.3698
vn 0.0830 0.9933 0.0802
vn 0.1912 -0.9717 0.1385
vn -0.9197 -0.1178 0.3746
vn -0.4955 -0.8673 -0.0475
vn -0.5370 -0.7702 -0.3442
vn -0.1430 -0.9860 0.0853
vn -0.2240 -0.9708 0.0860
vn -0.7918 0.4295 -0.4342
vn 0.8446 0.0618 0.5319
vn -0.3385 0.0971 0.9360
vn 0.0456 0.9955 0.0830
vn -0.0644 0.9978 -0.0152
vn -0.0632 0.9979 -0.0155
vn -0.0645 0.9978 -0.0151
vn 0.0656 -0.9978 0.0120
vn 0.0643 -0.9979 0.0123
vn 0.0642 -0.9979 0.0123
vn -0.0643 0.9979 -0.0123
vn -0.0656 0.9978 -0.0120
vn -0.0642 0.9979 -0.0123
vn 0.0632 -0.9979 0.0155
vn 0.0644 -0.9978 0.0152
vn 0.0645 -0.9978 0.0151
vn -0.0660 0.9977 -0.0123
vn -0.0658 0.9977 -0.0136
vn -0.0658 0.9977 -0.0137
vn 0.0629 -0.9979 0.0139
vn 0.0627 -0.9979 0.0151
vn 0.0629 -0.9979 0.0137
vn -0.1007 -0.9909 -0.0897
vn -0.4958 -0.2850 0.8204
vn -0.7985 -0.3200 -0.5099
vn 0.3815 -0.7729 -0.5071
vn 0.3483 -0.7914 -0.5024
vn 0.4078 -0.7415 -0.5327
vn -0.0753 0.9970 -0.0202
vn -0.0758 0.9969 -0.0200
vn -0.0746 0.9970 -0.0203
vn 0.1170 -0.9910 -0.0654
vn 0.2063 -0.9308 -0.3017
vn 0.2262 -0.9116 -0.3432
vn 0.9463 0.0769 0.3142
vn 0.9511 0.0466 0.3055
vn 0.9502 0.0655 0.3046
vn -0.0799 -0.9723 -0.2195
vn -0.0784 -0.9663 -0.2453
vn -0.0858 -0.9694 -0.2300
vn 0.9832 0.1778 -0.0406
vn 0.8342 0.5417 0.1035
vn 0.9920 0.0040 -0.1263
vn -0.0758 0.9957 -0.0527
vn -0.0762 0.9957 -0.0525
vn -0.0754 0.9958 -0.0528
vn -0.4670 -0.1881 -0.8640
vn -0.5295 -0.1793 -0.8291
vn -0.5018 -0.2008 -0.8413
vn 0.2075 -0.9629 -0.1724
vn 0.1699 -0.9774 -0.1260
vn -0.1502 0.9752 0.1628
vn -0.4660 -0.1774 -0.8668
vn -0.4700 -0.1442 -0.8708
vn 0.0546 -0.9981 0.0302
vn 0.0528 -0.9982 0.0274
vn 0.0535 -0.9982 0.0274
vn 0.0393 -0.9954 0.0876
vn 0.0376 -0.9958 0.0839
vn 0.0398 -0.9948 0.0942
vn 0.0452 0.9377 -0.3445
vn -0.1055 0.9837 -0.1456
vn 0.1396 0.9736 -0.1809
vn 0.5486 0.6361 -0.5425
vn -0.0051 -0.9283 -0.3718
vn -0.1288 -0.9807 0.1474
vn -0.1261 -0.9762 0.1764
vn -0.0617 -0.9934 -0.0968
vn -0.0829 -0.9933 -0.0802
vn -0.0645 -0.9917 -0.1114
vn 0.5847 -0.8100 -0.0458
vn -0.2389 0.9591 0.1516
vn -0.0079 0.9828 0.1847
vn -0.2412 0.9642 0.1100
vn 0.1181 -0.9702 0.2116
vn 0.1378 -0.9685 0.2074
vn 0.1197 -0.9457 0.3024
vn 0.0873 -0.9692 0.2304
vn -0.2326 0.8249 -0.5152
vn -0.0881 -0.9920 -0.0902
vn -0.0733 -0.9966 -0.0373
vn -0.2116 0.9720 -0.1018
vn -0.1156 0.9160 -0.3841
vn -0.1498 0.8697 -0.4703
vn 0.2111 -0.9718 0.1050
vn 0.2170 -0.9730 0.0787
vn 0.2311 -0.9700 0.0748
vn -0.1033 -0.8698 -0.4824
vn -0.0112 -0.9198 -0.3923
vn 0.2686 -0.9615 -0.0585
vn 0.3469 -0.9360 -0.0597
vn 0.1238 0.8618 0.4919
vn 0.2275 -0.8534 0.4690
vn -0.0370 -0.6692 0.7422
vn 0.3259 -0.8714 0.3667
vn 0.2133 -0.8358 0.5059
vn 0.1286 -0.8996 0.4174
vn -0.2135 -0.5137 0.8310
vn -0.6542 -0.6749 -0.3414
vn -0.2223 -0.8651 -0.4496
vn -0.5255 -0.7743 -0.3527
vn -0.1196 0.9457 -0.3024
vn -0.0600 -0.0812 -0.9949
vn 0.0383 -0.9783 -0.2035
vn -0.3446 0.8059 -0.4815
vn -0.0681 0.0455 -0.9966
vn -0.0358 -0.0705 -0.9969
vn -0.0385 0.9988 -0.0288
vn -0.0404 0.9988 -0.0286
vn -0.0333 0.9990 -0.0293
vn -0.0657 0.9978 -0.0132
vn -0.0654 0.9978 -0.0119
vn -0.0654 0.9978 -0.0117
vn 0.0630 -0.9979 0.0143
vn 0.0633 -0.9979 0.0156
vn 0.0630 -0.9979 0.0142
vn -0.0630 0.9979 -0.0143
vn -0.0633 0.9979 -0.0156
vn -0.0633 0.9979 -0.0157
vn 0.0657 -0.9978 0.0132
vn 0.0654 -0.9978 0.0119
vn 0.0657 -0.9978 0.0133
vn 0.0651 -0.9978 0.0152
vn -0.0649 0.9978 -0.0151
vn -0.0638 0.9978 -0.0158
vn -0.0650 0.9978 -0.0150
vn 0.0639 -0.9979 0.0124
vn 0.0649 -0.9978 0.0117
vn 0.0650 -0.9978 0.0116
vn 0.5297 -0.2413 -0.8131
vn -0.2720 -0.8007 0.5338
vn -0.2865 -0.8202 0.4952
vn -0.2807 -0.8318 0.4789
vn -0.7736 0.4201 -0.4744
vn -0.0750 0.9970 -0.0213
vn -0.0749 0.9970 -0.0208
vn -0.0747 0.9970 -0.0202
vn 0.2216 0.9537 0.2036
vn 0.2655 0.9286 0.2592
vn -0.1886 -0.9293 0.3176
vn -0.2089 -0.9778 -0.0139
vn -0.2210 -0.9752 -0.0146
vn -0.2317 -0.9728 -0.0012
vn -0.1042 0.9945 -0.0068
vn 0.1261 -0.9912 -0.0397
vn 0.2293 -0.8948 -0.3830
vn 0.1734 -0.8907 -0.4202
vn 0.2413 -0.8722 -0.4255
vn 0.0818 -0.9965 -0.0151
vn -0.1985 0.9801 0.0016
vn 0.0112 0.9198 0.3923
vn -0.2112 0.9718 -0.1050
vn -0.2311 0.9700 -0.0748
vn -0.2170 0.9730 -0.0787
vn -0.0901 -0.9946 -0.0516
vn -0.1045 -0.9934 -0.0477
vn -0.0844 -0.9934 -0.0779
vn -0.0873 0.9692 -0.2304
vn -0.5094 0.8544 0.1025
vn -0.3957 -0.9096 0.1268
vn -0.0383 0.9783 0.2035
vn -0.1286 0.8996 -0.4174
vn -0.6563 0.5790 -0.4838
vn -0.5756 -0.6715 -0.4666
vn -0.9112 -0.1077 0.3975
vn -0.9182 0.0006 0.3961
vn 0.3396 -0.9215 0.1886
vn 0.8321 -0.2007 0.5170
vn -0.0630 0.9979 -0.0156
vn 0.0657 -0.9978 0.0119
vn -0.0657 0.9978 -0.0119
vn 0.0630 -0.9979 0.0155
vn -0.0627 0.9979 -0.0137
vn 0.0660 -0.9977 0.0137
vn -0.0660 0.9977 -0.0122
vn 0.0627 -0.9979 0.0153
vn 0.3290 -0.8059 -0.4923
vn -0.0766 0.9969 -0.0198
vn 0.1818 0.9785 0.0971
vn 0.2951 0.9425 0.1571
vn 0.6441 0.7451 0.1733
vn -0.0767 0.9957 -0.0523
vn 0.1992 -0.9583 -0.2051
vn 0.0429 -0.9948 0.0928
vn 0.2979 0.1692 0.9395
vn -0.2571 -0.8934 0.3684
vn -0.2814 -0.9101 0.3042
vn -0.2235 -0.9141 0.3383
vn 0.3788 0.4124 -0.8285
vn -0.1886 0.9742 -0.1239
vn -0.1911 0.9717 -0.1385
vn -0.2097 0.9719 -0.1073
vn 0.0119 0.9835 0.1805
vn -0.2686 0.9615 0.0585
vn -0.2006 0.9775 -0.0645
vn 0.0844 0.9934 0.0779
vn 0.1045 0.9934 0.0477
vn 0.0901 0.9946 0.0516
vn -0.0360 -0.8943 -0.4460
vn 0.0112 0.9197 0.3923
vn 0.1152 0.8881 0.4450
vn 0.2106 0.9157 0.3421
vn -0.1239 0.6790 0.7236
vn -0.2792 0.5046 0.8170
vn -0.7348 0.5756 -0.3587
vn -0.6187 0.6856 -0.3836
vn 0.0844 0.9934 0.0780
vn -0.0428 0.0379 -0.9984
vn -0.4258 -0.8721 -0.2412
vn -0.4260 -0.8721 -0.2409
vn 0.6930 0.1410 -0.7070
vn -0.0456 0.9986 -0.0280
vn -0.0657 0.9978 -0.0133
vn 0.0633 -0.9979 0.0157
vn -0.0630 0.9979 -0.0142
vn 0.0654 -0.9978 0.0118
vn -0.0637 0.9979 -0.0123
vn -0.0637 0.9978 -0.0159
vn 0.0637 -0.9979 0.0125
vn -0.2844 -0.7710 0.5698
vn -0.0751 0.9969 -0.0222
vn 0.0466 0.9989 -0.0013
vn 0.8882 -0.0678 0.4544
vn 0.0523 0.9983 -0.0260
vn -0.0613 -0.9978 0.0245
vn -0.7581 0.5769 -0.3041
vn -0.3034 -0.8946 -0.3282
vn -0.5955 0.7947 -0.1180
vn 0.5264 0.8204 0.2233
vn -0.7499 0.0980 -0.6543
vn -0.4684 0.0389 0.8827
vn 0.5899 0.0839 -0.8031
vn -0.5247 -0.0247 0.8509
vn 0.5384 0.0205 -0.8424
vn -0.2662 0.3745 -0.8882
vn -0.9705 0.0915 0.2230
vn -0.8794 -0.0768 -0.4698
vn -0.7170 -0.3178 -0.6205
vn 0.7574 -0.5878 0.2845
vn -0.4944 -0.8458 -0.2003
vn -0.1270 0.0920 -0.9876
vn -0.7017 0.6482 -0.2957
vn -0.7291 -0.2520 -0.6363
vn -0.2736 -0.9591 -0.0728
vn -0.8294 0.3231 -0.4557
vn -0.2442 -0.9442 -0.2211
vn -0.6859 -0.6073 -0.4008
vn -0.2235 0.1232 -0.9669
vn -0.0000 -0.0000 -0.0000
vn 0.4789 0.8750 -0.0708
vn -0.7316 0.6174 -0.2891
vn 0.3785 0.4023 0.8336
vn -0.5197 -0.0458 0.8531
vn -0.1155 -0.9514 -0.2856
vn 0.5472 -0.0207 -0.8368
vn 0.7578 0.3162 0.5707
vn 0.8779 0.0058 0.4789
vn -0.3484 0.8817 -0.3181
vn 0.7859 0.0756 0.6138
vn -0.2761 -0.9595 -0.0556
vn 0.5215 -0.8430 0.1322
vn 0.7466 0.0865 0.6596
vn -0.5534 0.8062 -0.2092
vn 0.1573 0.9875 -0.0119
vn -0.9465 0.0571 0.3177
vn 0.7276 0.2585 0.6354
vn 0.6181 -0.7405 0.2638
vn 0.3847 0.9166 0.1089
vn 0.7661 -0.4132 0.4922
vn 0.7491 -0.4926 0.4429
vn 0.5447 0.7562 0.3626
vn 0.4444 -0.6851 -0.5772
vn 0.1290 -0.9823 -0.1356
vn -0.5244 -0.0291 0.8510
vn -0.5232 -0.0198 0.8520
vn -0.5227 -0.0161 0.8524
vn -0.5285 -0.0627 0.8466
vn -0.5035 -0.1715 0.8468
vn 0.0383 0.9988 0.0314
vn -0.6480 0.6152 -0.4491
vn -0.3099 -0.7172 0.6242
vn -0.0424 -0.9896 0.1373
vn 0.5404 0.0291 -0.8409
vn 0.5399 0.0254 -0.8414
vn 0.5386 0.0162 -0.8424
vn 0.5337 -0.0175 -0.8455
vn 0.5474 -0.1268 -0.8272
vn 0.8648 0.0078 0.5021
vn -0.5114 0.3876 0.7670
vn 0.7431 0.4561 0.4896
vn 0.7560 0.4344 0.4897
vn 0.7516 0.4575 0.4752
vn -0.8103 0.2867 -0.5111
vn -0.8101 0.3015 -0.5029
vn -0.8146 0.3077 -0.4917
vn 0.7544 0.4356 0.4911
vn -0.8098 0.2764 -0.5175
vn 0.4587 0.4289 -0.7782
vt 0.000000 0.000000
s 1
usemtl col_master
f 2/1/1 1410/1/2 1393/1/3
f 1426/1/4 29/1/5 88/1/6
f 73/1/7 69/1/7 1467/1/7
f 80/1/8 1472/1/8 1470/1/8
f 42/1/9 1435/1/10 1452/1/11
f 1569/1/12 268/1/13 1568/1/14
f 267/1/15 265/1/16 281/1/17
f 1630/1/18 318/1/18 315/1/18
f 1027/1/19 346/1/20 347/1/21
f 524/1/22 528/1/22 526/1/22
f 563/1/23 1760/1/24 521/1/25
f 1769/1/26 575/1/27 568/1/28
f 567/1/29 1771/1/30 1765/1/7
f 2253/1/31 2051/1/32 1595/1/33
f 670/1/34 1866/1/35 1865/1/36
f 743/1/7 747/1/7 1923/1/7
f 1928/1/8 754/1/8 1926/1/8
f 942/1/37 2025/1/38 2024/1/39
f 1601/1/40 1605/1/41 767/1/42
f 985/1/43 984/1/44 1871/1/45
f 2067/1/46 998/1/46 995/1/46
f 995/1/46 998/1/46 2074/1/46
f 1177/1/47 466/1/47 467/1/47
f 2104/1/8 1860/1/8 1400/1/8
f 1400/1/8 1860/1/8 1402/1/8
f 1860/1/8 2103/1/8 1402/1/8
f 1276/1/48 1277/1/49 1234/1/50
f 1241/1/51 1237/1/51 1239/1/51
f 1236/1/52 2178/1/52 1238/1/52
f 2202/1/53 1276/1/53 1234/1/53
f 1273/1/54 2204/1/55 1227/1/56
f 1288/1/57 2211/1/58 1281/1/59
f 2213/1/60 1280/1/61 2207/1/7
f 1396/1/62 2253/1/31 1595/1/33
f 4/1/63 3/1/64 91/1/65
f 2/1/1 1409/1/66 1410/1/2
f 64/1/67 44/1/68 103/1/69
f 64/1/67 103/1/69 53/1/70
f 56/1/71 43/1/72 1636/1/73
f 1459/1/7 72/1/7 71/1/7
f 1586/1/8 264/1/8 262/1/8
f 1605/1/41 1599/1/74 93/1/75
f 298/1/76 91/1/65 3/1/64
f 305/1/77 1415/1/78 304/1/79
f 1630/1/18 1623/1/18 318/1/18
f 347/1/21 1635/1/80 1027/1/19
f 1403/1/81 1667/1/81 474/1/81
f 471/1/82 1668/1/82 1666/1/82
f 472/1/83 1664/1/83 475/1/83
f 476/1/84 482/1/84 484/1/84
f 521/1/25 564/1/85 563/1/23
f 1730/1/86 1735/1/87 1699/1/88
f 523/1/89 525/1/89 1736/1/89
f 1691/1/90 1756/1/90 1755/1/90
f 562/1/91 514/1/92 560/1/93
f 560/1/94 514/1/94 1762/1/94
f 567/1/29 1774/1/95 1771/1/30
f 1766/1/8 1769/1/26 568/1/28
f 765/1/96 671/1/97 672/1/98
f 670/1/34 1855/1/99 1866/1/35
f 1882/1/100 762/1/101 703/1/102
f 777/1/103 718/1/104 738/1/105
f 727/1/106 777/1/103 738/1/105
f 2086/1/107 717/1/108 730/1/109
f 745/1/7 746/1/7 1915/1/7
f 716/1/110 1908/1/111 1891/1/112
f 936/1/8 938/1/8 2043/1/8
f 941/1/113 955/1/114 939/1/115
f 671/1/97 765/1/96 971/1/116
f 1177/1/47 1176/1/47 466/1/47
f 1187/1/117 2109/1/117 1862/1/117
f 2108/1/118 2110/1/118 1184/1/118
f 1188/1/119 2106/1/119 1185/1/119
f 1197/1/120 1195/1/120 1189/1/120
f 2141/1/121 2177/1/122 2172/1/123
f 2197/1/124 2198/1/124 2133/1/124
f 1227/1/56 1275/1/125 1273/1/54
f 2213/1/60 2216/1/126 1280/1/61
f 1281/1/59 2211/1/58 2208/1/8
usemtl col_1
f 27/1/127 1392/1/128 1/1/129
f 22/1/130 1398/1/131 6/1/132
f 1389/1/133 25/1/134 1428/1/135
f 25/1/134 1389/1/133 1408/1/136
f 1434/1/137 1418/1/138 1420/1/139
f 1404/1/140 99/1/141 26/1/142
f 27/1/127 1429/1/143 1431/1/144
f 1436/1/145 103/1/69 44/1/68
f 1435/1/10 42/1/9 1439/1/146
f 1430/1/147 1448/1/148 99/1/141
f 21/1/149 31/1/150 24/1/151
f 91/1/65 1489/1/152 1490/1/153
f 4/1/63 1486/1/154 92/1/155
f 91/1/65 1486/1/154 4/1/63
f 134/1/156 132/1/157 121/1/158
f 126/1/159 1513/1/160 1503/1/161
f 134/1/156 141/1/162 132/1/157
f 139/1/163 1513/1/160 126/1/159
f 1509/1/164 1507/1/165 1499/1/166
f 144/1/167 137/1/168 136/1/169
f 159/1/170 160/1/171 153/1/172
f 164/1/173 168/1/174 151/1/175
f 161/1/176 1512/1/177 155/1/178
f 166/1/179 163/1/180 156/1/181
f 159/1/170 1501/1/182 160/1/171
f 162/1/183 1497/1/184 1510/1/185
f 122/1/186 1498/1/187 158/1/188
f 119/1/189 168/1/174 164/1/173
f 1556/1/190 1544/1/191 216/1/192
f 222/1/156 220/1/157 208/1/158
f 214/1/193 1563/1/160 1550/1/161
f 224/1/194 221/1/195 218/1/196
f 222/1/156 228/1/162 220/1/157
f 227/1/163 1563/1/160 214/1/193
f 1556/1/190 1554/1/197 1544/1/191
f 225/1/198 1546/1/199 219/1/200
f 230/1/201 1547/1/202 223/1/203
f 231/1/204 221/1/195 224/1/194
f 225/1/198 233/1/205 1546/1/199
f 237/1/206 1547/1/202 230/1/201
f 247/1/176 1562/1/177 242/1/178
f 253/1/179 249/1/180 243/1/181
f 251/1/207 1548/1/208 246/1/209
f 252/1/210 1558/1/211 1557/1/212
f 248/1/213 1542/1/184 1559/1/185
f 209/1/186 1543/1/187 245/1/214
f 257/1/215 254/1/216 1560/1/217
f 206/1/218 255/1/219 250/1/220
f 1830/1/221 968/1/221 1344/1/221
f 9/1/222 1598/1/222 11/1/222
f 3/1/64 297/1/223 298/1/76
f 1531/1/224 194/1/225 186/1/226
f 193/1/227 188/1/228 185/1/229
f 1532/1/230 198/1/231 190/1/232
f 197/1/233 192/1/234 189/1/235
f 1571/1/236 279/1/237 1582/1/238
f 280/1/239 269/1/240 277/1/241
f 92/1/155 1486/1/154 1489/1/152
f 1178/1/242 1661/1/242 1660/1/242
f 16/1/243 470/1/243 469/1/243
f 977/1/244 1180/1/244 300/1/244
f 617/1/245 610/1/246 611/1/247
f 1837/1/248 1843/1/249 1839/1/250
f 1388/1/8 1407/1/8 1851/1/8
f 701/1/251 1854/1/252 760/1/253
f 1857/1/254 696/1/255 678/1/256
f 1301/1/257 1300/1/258 1302/1/259
f 1852/1/260 699/1/261 1864/1/262
f 1890/1/263 1874/1/264 1889/1/265
f 773/1/266 1863/1/267 700/1/268
f 701/1/251 1885/1/269 669/1/270
f 1895/1/271 716/1/110 1891/1/112
f 1904/1/272 1886/1/273 773/1/266
f 1950/1/274 1952/1/275 1948/1/276
f 705/1/277 695/1/278 698/1/279
f 1853/1/8 761/1/8 1391/1/8
f 765/1/96 1945/1/280 1941/1/281
f 1942/1/282 672/1/98 766/1/283
f 1942/1/282 765/1/96 672/1/98
f 840/1/284 1959/1/285 800/1/286
f 1960/1/287 1962/1/288 1961/1/289
f 801/1/204 805/1/290 810/1/194
f 806/1/291 808/1/292 795/1/293
f 802/1/190 1955/1/191 1965/1/192
f 1969/1/294 813/1/295 800/1/286
f 811/1/296 818/1/297 810/1/194
f 819/1/218 825/1/219 838/1/220
f 834/1/209 833/1/298 827/1/207
f 837/1/299 840/1/284 830/1/300
f 835/1/301 1968/1/302 843/1/303
f 1954/1/304 796/1/305 832/1/306
f 842/1/307 793/1/308 838/1/220
f 843/1/303 1968/1/302 795/1/293
f 927/1/284 2006/1/285 888/1/286
f 2007/1/287 2009/1/288 2008/1/289
f 889/1/309 892/1/310 898/1/169
f 2000/1/166 2012/1/311 890/1/164
f 894/1/291 896/1/292 882/1/293
f 2019/1/294 901/1/295 888/1/286
f 2003/1/312 904/1/313 897/1/314
f 895/1/315 905/1/316 898/1/169
f 2003/1/312 911/1/317 904/1/313
f 906/1/189 912/1/174 924/1/173
f 918/1/318 928/1/319 2016/1/320
f 914/1/170 920/1/171 925/1/321
f 923/1/299 927/1/284 917/1/300
f 921/1/301 2018/1/302 930/1/303
f 1999/1/304 883/1/305 919/1/306
f 928/1/319 931/1/322 2016/1/320
f 929/1/175 880/1/323 924/1/173
f 926/1/324 2014/1/325 881/1/326
f 930/1/303 2018/1/302 882/1/293
f 973/1/327 18/1/328 692/1/329
f 1987/1/330 868/1/331 1992/1/332
f 862/1/333 867/1/334 859/1/335
f 1988/1/336 872/1/337 1996/1/338
f 866/1/339 871/1/340 863/1/341
f 958/1/342 955/1/114 941/1/113
f 953/1/343 2027/1/344 2039/1/345
f 954/1/346 943/1/347 945/1/348
f 690/1/349 1183/1/349 1870/1/349
f 1333/1/350 1326/1/351 1332/1/352
f 686/1/353 2253/1/31 1396/1/62
f 2278/1/354 2272/1/355 2274/1/356
f 296/1/357 3/1/64 1597/1/358
f 1405/1/8 1407/1/8 1388/1/8
f 27/1/127 86/1/359 1392/1/128
f 585/1/360 586/1/361 584/1/362
f 1434/1/137 1433/1/363 1418/1/138
f 1404/1/140 1430/1/147 99/1/141
f 27/1/127 1/1/129 1429/1/143
f 21/1/149 1432/1/364 31/1/150
f 1493/1/365 116/1/366 1447/1/367
f 1492/1/368 1496/1/368 1494/1/368
f 761/1/8 87/1/8 1391/1/8
f 91/1/65 1485/1/369 1489/1/152
f 92/1/155 1489/1/152 1485/1/369
f 91/1/65 1490/1/153 1486/1/154
f 121/1/158 132/1/157 1512/1/177
f 166/1/179 126/1/159 1503/1/161
f 128/1/311 1499/1/166 1502/1/370
f 124/1/371 138/1/372 125/1/373
f 1504/1/374 1505/1/375 1506/1/376
f 127/1/316 136/1/169 131/1/315
f 128/1/311 1509/1/164 1499/1/166
f 136/1/169 137/1/168 131/1/315
f 153/1/172 160/1/171 1508/1/377
f 145/1/323 164/1/173 151/1/175
f 161/1/176 169/1/378 1512/1/177
f 166/1/179 1511/1/379 163/1/180
f 169/1/378 121/1/158 1512/1/177
f 166/1/179 1503/1/161 1511/1/379
f 208/1/158 220/1/157 1562/1/177
f 253/1/179 214/1/193 1550/1/161
f 216/1/192 1544/1/191 1549/1/380
f 212/1/371 226/1/372 213/1/373
f 1551/1/374 1552/1/375 1553/1/376
f 215/1/297 224/1/194 218/1/196
f 240/1/298 246/1/209 1555/1/381
f 232/1/308 250/1/220 238/1/307
f 252/1/210 1557/1/212 241/1/382
f 244/1/383 1560/1/217 254/1/216
f 240/1/298 251/1/207 246/1/209
f 250/1/220 255/1/219 238/1/307
f 247/1/176 256/1/378 1562/1/177
f 253/1/179 1561/1/379 249/1/180
f 252/1/210 207/1/384 1558/1/211
f 257/1/215 210/1/385 254/1/216
f 256/1/378 208/1/158 1562/1/177
f 253/1/179 1550/1/161 1561/1/379
f 626/1/386 1390/1/386 673/1/386
f 3/1/64 296/1/357 297/1/223
f 681/1/387 1406/1/387 1181/1/387
f 1531/1/224 1536/1/388 194/1/225
f 193/1/227 196/1/389 188/1/228
f 1532/1/230 1540/1/390 198/1/231
f 197/1/233 200/1/391 192/1/234
f 1568/1/14 268/1/13 283/1/392
f 284/1/393 267/1/15 281/1/17
f 1571/1/236 272/1/394 279/1/237
f 280/1/239 271/1/395 269/1/240
f 16/1/243 1414/1/243 470/1/243
f 617/1/245 616/1/396 610/1/246
f 1830/1/221 1344/1/221 294/1/221
f 1837/1/248 1841/1/397 1843/1/249
f 970/1/398 296/1/357 1597/1/358
f 970/1/398 1597/1/358 2052/1/399
f 2052/1/399 671/1/97 970/1/398
f 701/1/251 669/1/270 1854/1/252
f 1852/1/260 1884/1/400 699/1/261
f 1890/1/263 1876/1/401 1874/1/264
f 773/1/266 1886/1/273 1863/1/267
f 701/1/251 1887/1/402 1885/1/269
f 705/1/277 1888/1/403 695/1/278
f 1892/1/404 718/1/104 777/1/103
f 1903/1/405 790/1/406 1949/1/407
f 765/1/96 1946/1/408 1945/1/280
f 1941/1/281 1945/1/280 766/1/283
f 1942/1/282 1946/1/408 765/1/96
f 1968/1/302 806/1/291 795/1/293
f 1958/1/197 1955/1/191 802/1/190
f 799/1/409 812/1/410 798/1/411
f 800/1/286 1959/1/285 1969/1/294
f 808/1/292 806/1/291 815/1/412
f 805/1/290 811/1/296 810/1/194
f 1965/1/192 1955/1/191 1963/1/380
f 1964/1/413 834/1/209 827/1/207
f 838/1/220 825/1/219 842/1/307
f 835/1/301 829/1/414 1968/1/302
f 833/1/298 834/1/209 1957/1/381
f 836/1/415 1966/1/416 1953/1/417
f 837/1/299 1967/1/418 840/1/284
f 1967/1/418 1959/1/285 840/1/284
f 2018/1/302 894/1/291 882/1/293
f 2005/1/165 2000/1/166 890/1/164
f 887/1/409 900/1/410 886/1/411
f 888/1/286 2006/1/285 2019/1/294
f 898/1/169 892/1/310 895/1/315
f 896/1/292 894/1/291 902/1/412
f 2012/1/311 2000/1/166 2010/1/419
f 899/1/420 893/1/421 2002/1/422
f 899/1/420 2002/1/422 907/1/423
f 2011/1/182 920/1/171 914/1/170
f 915/1/424 2013/1/425 926/1/324
f 921/1/301 916/1/414 2018/1/302
f 912/1/174 929/1/175 924/1/173
f 925/1/321 920/1/171 2004/1/377
f 926/1/324 2013/1/425 2014/1/325
f 922/1/426 2015/1/416 1998/1/417
f 923/1/299 2017/1/418 927/1/284
f 928/1/319 884/1/427 931/1/322
f 2017/1/418 2006/1/285 927/1/284
f 10/1/428 1342/1/429 674/1/429
f 2265/1/221 1344/1/221 968/1/221
f 1343/1/386 626/1/386 673/1/386
f 684/1/430 685/1/430 2053/1/430
f 671/1/97 971/1/116 970/1/398
f 973/1/327 972/1/431 18/1/328
f 681/1/387 1181/1/387 2102/1/387
f 1987/1/330 860/1/432 868/1/331
f 862/1/333 870/1/433 867/1/334
f 1988/1/336 864/1/434 872/1/337
f 866/1/339 874/1/435 871/1/340
f 957/1/436 942/1/37 2024/1/39
f 953/1/343 946/1/437 2027/1/344
f 954/1/346 951/1/438 943/1/347
f 766/1/283 1945/1/280 1942/1/282
f 1661/1/242 1178/1/242 2101/1/242
f 690/1/349 1182/1/349 1183/1/349
f 2105/1/244 1180/1/244 977/1/244
f 1333/1/350 1327/1/439 1326/1/351
f 2265/1/221 968/1/221 967/1/221
f 969/1/221 2265/1/221 967/1/221
f 294/1/221 1344/1/221 969/1/221
f 2278/1/354 2276/1/440 2272/1/355
usemtl col_3
f 1399/1/441 1858/1/442 767/1/42
f 1399/1/441 1605/1/41 93/1/75
f 93/1/75 1413/1/443 1399/1/441
f 767/1/42 1605/1/41 1399/1/441
usemtl uv__tex_blury
f 1059/1/444 1063/1/445 1060/1/446
f 1092/1/447 1094/1/448 1090/1/449
f 1645/1/450 404/1/450 399/1/450
f 398/1/451 411/1/451 393/1/451
f 428/1/452 437/1/452 427/1/452
f 435/1/453 418/1/453 417/1/453
f 1702/1/454 541/1/454 538/1/454
f 550/1/455 547/1/455 1706/1/455
f 556/1/456 1706/1/456 1689/1/456
f 1101/1/451 2092/1/451 1096/1/451
f 1113/1/457 1121/1/458 1112/1/459
f 1122/1/460 1131/1/460 1123/1/460
f 1119/1/452 1137/1/452 1117/1/452
f 1147/1/461 1145/1/462 1647/1/463
f 1043/1/464 2088/1/465 1045/1/466
f 1260/1/467 1263/1/467 2148/1/467
f 2148/1/454 1269/1/454 1272/1/454
f 2286/1/468 2288/1/468 2287/1/468
f 2287/1/468 2288/1/468 2286/1/468
f 2291/1/468 2289/1/468 2290/1/468
f 2291/1/468 2290/1/468 2289/1/468
f 2293/1/469 2296/1/470 2295/1/471
f 2295/1/471 2298/1/472 2294/1/473
f 2296/1/470 2298/1/472 2295/1/471
f 2294/1/473 2298/1/472 2296/1/470
f 2296/1/470 2297/1/474 2294/1/473
f 2293/1/469 2297/1/474 2296/1/470
f 2294/1/473 2297/1/474 2293/1/469
f 1067/1/475 1059/1/444 1057/1/476
f 1063/1/445 1067/1/475 2089/1/477
f 1084/1/478 1088/1/479 1087/1/480
f 1088/1/479 1092/1/447 1090/1/449
f 1092/1/447 1084/1/478 1094/1/448
f 1646/1/481 1112/1/459 1121/1/458
f 1112/1/459 1116/1/482 1113/1/457
f 1116/1/482 1646/1/481 1118/1/483
f 420/1/484 421/1/484 429/1/484
f 419/1/460 413/1/460 412/1/460
f 1140/1/485 1647/1/463 1142/1/486
f 1147/1/461 1140/1/485 1149/1/487
f 1049/1/488 1045/1/466 1047/1/489
f 1043/1/490 1049/1/488 1047/1/489
f 1730/1/86 1699/1/88 501/1/491
f 1696/1/492 1727/1/492 499/1/492
f 1716/1/493 1694/1/494 493/1/495
f 1716/1/493 1722/1/496 1694/1/494
f 1691/1/497 516/1/497 491/1/497
f 1059/1/444 1060/1/446 1057/1/476
f 1063/1/445 2089/1/477 1060/1/446
f 1067/1/475 1057/1/476 2089/1/477
f 1088/1/479 1090/1/449 1087/1/480
f 1084/1/478 1087/1/480 1094/1/448
f 1095/1/450 1085/1/450 1108/1/450
f 1116/1/482 1118/1/483 1113/1/457
f 1646/1/481 1121/1/458 1118/1/483
f 1130/1/453 1129/1/453 1139/1/453
f 1109/1/484 1110/1/484 1120/1/484
f 1140/1/485 1142/1/486 1149/1/487
f 1647/1/463 1145/1/462 1142/1/486
f 1147/1/461 1149/1/487 1145/1/462
f 1045/1/466 2088/1/465 1047/1/489
f 1043/1/490 1042/1/498 2088/1/499
f 1043/1/490 1047/1/489 1042/1/498
f 1214/1/500 2141/1/121 2172/1/123
f 1212/1/501 2169/1/501 2139/1/501
f 1206/1/502 2136/1/503 2158/1/504
f 2136/1/503 2164/1/505 2158/1/504
f 1204/1/506 1229/1/506 2133/1/506
f 2144/1/456 2131/1/456 1254/1/456
f 2292/1/507 2293/1/469 2295/1/471
f 2295/1/471 2294/1/473 2292/1/507
f 2294/1/473 2293/1/469 2292/1/507
usemtl col_4
f 312/1/508 1610/1/508 1609/1/508
f 15/1/509 1028/1/510 348/1/511
f 19/1/512 694/1/513 693/1/514
f 689/1/515 1028/1/510 15/1/509
f 19/1/512 20/1/516 694/1/513
f 2058/1/517 2059/1/517 2060/1/517
f 2060/1/517 992/1/517 2058/1/517
l 1595 1596
l 32 1437
l 46 1468
l 1479 1461
l 59 111
l 173 205
l 263 264
l 309 311
l 1611 1612
l 317 333
l 1521 1533
l 1760 569
l 612 613
l 1788 1790
l 707 708
l 740 1898
l 851 1983
l 947 948
l 983 2055
l 688 691
l 682 683
l 2064 2072
l 1010 1014
l 1010 1019
l 1656 2098
l 2103 2104
l 1190 1199
l 1242 2180
l 1293 2213
l 1309 1878
l 1303 1304
l 721 1916
l 788 789
l 734 1029
l 2273 2275
l 1395 1603
l 39 100
l 1537 1539
l 14 305
l 1631 1632
l 1666 1675
l 1758 1759
l 518 524
l 533 546
l 574 572
l 577 1781
l 1799 1800
l 618 620
l 1990 1991
l 851 853
l 1971 1997
l 846 877
l 936 937
l 677 993
l 2068 1001
l 999 1000
l 1235 1240
l 1284 2217
l 147 155
l 1521 1528
l 178 1523
l 207 211
l 211 219
l 233 241
l 1578 1579
l 513 1712
l 604 606
l 622 623
l 656 1846
l 794 803
l 803 807
l 807 814
l 814 820
l 820 828
l 828 839
l 839 845
l 794 845
l 1974 1980
l 2045 2046
l 2037 2047
l 770 771
l 1652 2097
l 1247 1262
l 1313 1314
l 2255 2256
l 1351 1355
l 1356 1358
l 1375 2281
l 141 147
l 1559 239
l 1574 1577
l 191 199
l 282 266
l 278 270
l 959 961
l 631 1827
l 1349 2263
l 384 380
l 377 371
l 392 390
l 378 379
l 410 408
l 408 409
l 441 442
l 447 448
l 444 438
l 449 451
l 445 446
l 439 440
l 354 355
l 361 362
l 465 463
l 364 367
l 358 357
l 1684 1690
l 494 1721
l 502 1734
l 1052 1640
l 1077 1069
l 1159 1152
l 1216 2145
l 1208 2135
l 1232 2161
l 1074 1076
l 1127 1129
l 1160 2093
l 1153 1154
l 33 34
l 1438 1466
l 66 1442
l 179 1525
l 17 304
l 332 340
l 1618 1620
l 338 342
l 343 345
l 477 486
l 529 1738
l 571 1775
l 619 621
l 643 1483
l 47 1460
l 663 665
l 722 1925
l 1896 1900
l 1934 1937
l 848 1972
l 847 879
l 937 938
l 987 990
l 2076 2080
l 1015 1017
l 1015 1021
l 2119 2121
l 1191 1194
l 1248 1265
l 2246 2247
l 1940 2095
l 1362 1939
l 1376 1378
l 1382 1384
l 1462 1476
l 116 117
l 258 289
l 324 326
l 334 337
l 522 527
l 1424 595
l 589 591
l 60 349
l 657 659
l 993 683
l 1019 1022
l 2206 2209
l 1318 1319
l 1919 2096
l 234 242
l 1592 1594
l 1697 511
l 1819 1820
l 633 1829
l 1872 1873
l 815 821
l 821 829
l 881 885
l 885 893
l 907 915
l 2038 2041
l 2220 2221
l 228 234
l 286 288
l 1412 1394
l 534 549
l 605 607
l 1966 826
l 852 1979
l 2029 2028
l 632 637
l 1350 1354
l 1824 1826
l 366 1639
l 391 392
l 393 394
l 396 397
l 402 403
l 399 400
l 453 450
l 495 1693
l 519 1719
l 2090 2091
l 1085 1086
l 1091 1093
l 1098 1099
l 1110 1111
l 1155 1156
l 1175 1173
l 2143 2151
l 1217 2142
l 2128 2157
l 1209 2167
l 1202 2129
l 503 1703
l 2091 1102
l 1102 2090
l 1114 1115
l 1032 2100
l 1228 2127
l 1260 2144
l 1266 2148
l 48 1469
l 259 1564
l 314 1627
l 1622 1624
l 325 327
l 335 340
l 301 980
l 1524 1538
l 1400 1663
l 1677 1679
l 478 481
l 535 552
l 1419 1421
l 645 651
l 1834 1836
l 1464 1482
l 1473 1474
l 728 735
l 741 776
l 723 744
l 715 783
l 853 1981
l 688 985
l 676 679
l 1179 1869
l 1192 2106
l 1294 1295
l 2230 2232
l 748 753
l 755 756
l 1377 1379
l 1383 2282
l 1455 1456
l 332 341
l 301 303
l 1764 1767
l 590 592
l 1811 1812
l 614 1810
l 658 660
l 664 1847
l 790 791
l 1981 1983
l 932 963
l 996 2070
l 2168 2179
l 1879 1881
l 1364 1370
l 142 1505
l 1522 1526
l 180 1519
l 668 1848
l 902 908
l 908 916
l 950 2031
l 1249 1268
l 1500 138
l 148 158
l 1576 1587
l 1170 1658
l 1785 1786
l 624 1817
l 960 962
l 390 391
l 372 373
l 381 382
l 434 436
l 414 415
l 418 419
l 428 429
l 423 424
l 458 456
l 367 359
l 359 360
l 1701 1709
l 515 1685
l 1686 1715
l 547 1702
l 496 1725
l 559 1689
l 489 1687
l 1078 1071
l 1126 1127
l 1132 1124
l 1135 1138
l 1218 1219
l 1210 2137
l 1233 2165
l 504 1700
l 553 1706
l 1078 1075
l 1079 1080
l 1132 1128
l 1123 1125
l 2100 1030
l 1039 1040
l 1201 2134
l 1255 2159
l 1267 2173
l 54 61
l 67 102
l 49 70
l 1446 1449
l 41 109
l 105 107
l 275 1570
l 1626 1628
l 339 329
l 330 1616
l 1401 1665
l 479 1664
l 615 1809
l 646 647
l 81 82
l 1838 1840
l 702 711
l 729 739
l 1935 1917
l 736 759
l 724 737
l 709 714
l 933 2020
l 988 2056
l 677 682
l 2061 2062
l 2081 2082
l 1002 1003
l 1193 2116
l 2087 2270
l 749 752
l 2284 2285
l 1450 1451
l 1443 1495
l 290 1565
l 291 1411
l 1795 1797
l 580 583
l 12 1596
l 74 79
l 742 786
l 1993 1995
l 1977 1989
l 2112 2114
l 2122 2123
l 1271 2130
l 1328 1329
l 1334 1336
l 1365 1366
l 139 149
l 181 183
l 229 1552
l 1591 1593
l 302 982
l 1487 1491
l 625 1818
l 816 1961
l 822 832
l 1977 1984
l 854 1975
l 2030 2034
l 2035 2036
l 1657 2099
l 2242 2243
l 2226 2228
l 1338 1339
l 966 292
l 149 156
l 235 245
l 368 369
l 536 555
l 12 1396
l 968 293
l 2250 2251
l 2236 2237
l 2015 913
l 865 873
l 956 940
l 952 944
l 1224 1225
l 2238 2239
l 2240 2241
l 1320 1322
l 2266 2267
l 376 377
l 386 378
l 383 385
l 374 375
l 425 427
l 416 417
l 443 444
l 452 445
l 438 439
l 446 447
l 363 364
l 358 351
l 353 351
l 464 465
l 463 464
l 356 357
l 505 506
l 497 1695
l 520 1723
l 548 1724
l 1075 1071
l 1058 1061
l 1065 1066
l 1073 1074
l 1107 1106
l 1093 1095
l 1135 1136
l 1164 1165
l 1148 1150
l 974 976
l 2181 2182
l 2183 2184
l 1203 2156
l 2185 2186
l 2187 2188
l 2189 2190
l 2191 2192
l 1211 2171
l 2193 2194
l 2195 2196
l 461 462
l 488 1692
l 542 1717
l 1076 1077
l 1062 1064
l 1061 1062
l 1100 1101
l 1128 1124
l 1111 1114
l 1119 1120
l 1158 1159
l 1034 1035
l 1038 1037
l 2257 2258
l 28 37
l 55 65
l 1477 1480
l 68 112
l 62 85
l 50 63
l 35 40
l 38 1445
l 1514 201
l 175 202
l 303 1606
l 5 313
l 5 7
l 1613 1615
l 1633 1634
l 1402 1662
l 558 1688
l 1771 1782
l 581 582
l 650 1465
l 1637 1835
l 75 78
l 666 667
l 725 1914
l 1894 1922
l 750 1931
l 1918 1932
l 710 772
l 779 781
l 949 2026
l 964 2021
l 989 991
l 997 1012
l 2069 2071
l 979 980
l 979 983
l 1186 1196
l 1283 2210
l 1880 1311
l 1305 1307
l 757 758
l 2277 2279
l 1385 1386
l 1453 1454
l 1566 1567
l 306 1608
l 331 335
l 319 320
l 331 328
l 1670 1672
l 1680 1681
l 600 601
l 608 609
l 644 649
l 652 1649
l 2115 2120
l 1198 1192
l 1278 2205
l 1335 1337
l 1369 1921
l 1363 1368
l 1815 1816
l 1801 1802
l 135 143
l 143 150
l 157 167
l 123 170
l 1517 1520
l 182 1529
l 227 236
l 1583 1585
l 511 512
l 1803 1804
l 596 599
l 1791 1793
l 633 636
l 634 639
l 813 823
l 823 830
l 855 857
l 903 2008
l 909 919
l 1868 1856
l 1225 2138
l 1243 1250
l 123 130
l 130 135
l 150 157
l 1545 226
l 236 243
l 1166 1653
l 1805 1806
l 1807 1808
l 1054 1055
l 1321 1323
l 627 1828
l 1345 2264
l 975 1602
l 1644 405
l 401 402
l 395 396
l 450 1648
l 448 449
l 440 441
l 350 352
l 353 354
l 362 363
l 360 361
l 355 356
l 1739 1740
l 1741 1742
l 490 1714
l 1743 1744
l 1745 1746
l 1747 1748
l 1749 1750
l 498 1729
l 1751 1752
l 1753 1754
l 1097 1098
l 1164 1163
l 1050 1051
l 1174 1175
l 1173 1174
l 1220 2149
l 2125 2140
l 2175 1270
l 2131 1272
l 1072 1070
l 1162 1161
l 1046 1048
l 1821 1822
l 313 8
l 51 1458
l 118 1441
l 106 108
l 260 261
l 1614 1621
l 1617 321
l 336 341
l 1654 1655
l 480 1674
l 485 479
l 565 1763
l 570 1768
l 593 1422
l 83 84
l 1397 1604
l 704 1883
l 726 1913
l 849 876
l 2073 2075
l 1004 1006
l 1013 1016
l 1017 1022
l 1023 1026
l 1980 1994
l 1274 2199
l 1244 1253
l 1279 2203
l 1306 1308
l 1920 1938
l 1929 1930
l 731 1927
l 76 1475
l 36 98
l 1534 1535
l 195 187
l 1515 1541
l 14 17
l 307 310
l 336 338
l 1673 1678
l 473 483
l 587 588
l 1911 1912
l 1011 1020
l 2202 1282
l 2214 2215
l 1875 1877
l 697 1310
l 1330 2245
l 2227 2229
l 167 170
l 1518 1524
l 1588 1589
l 1580 1590
l 295 675
l 94 370
l 13 468
l 530 537
l 653 655
l 797 804
l 804 809
l 809 817
l 1956 812
l 817 824
l 824 831
l 831 841
l 797 844
l 1978 1982
l 856 1985
l 901 910
l 910 917
l 2032 2044
l 1167 1169
l 2218 2219
l 2222 2224
l 1340 2252
l 1359 1360
l 1356 1357
l 1372 1374
l 210 217
l 217 223
l 237 244
l 597 598
l 293 294
l 640 641
l 2248 2249
l 628 1825
l 1346 2261
l 387 380
l 424 425
l 430 422
l 433 436
l 415 416
l 421 423
l 413 414
l 453 1648
l 299 365
l 1683 1698
l 1733 557
l 1638 1642
l 1083 1081
l 1064 1065
l 1107 1105
l 1105 1106
l 1115 1117
l 1154 1155
l 1141 1143
l 1053 1039
l 1048 1053
l 2146 2147
l 1221 2150
l 2166 1261
l 1213 2174
l 299 1641
l 507 1707
l 1066 1068
l 1069 1070
l 1086 1089
l 1150 1151
l 1156 1158
l 1152 1153
l 1251 2131
l 1205 2160
l 1257 2144
l 30 1427
l 176 204
l 174 1516
l 1625 1629
l 561 1757
l 1726 1737
l 531 540
l 1769 1778
l 602 603
l 1463 1651
l 1849 1850
l 680 1859
l 1906 1907
l 1902 1905
l 719 778
l 1899 1951
l 780 782
l 934 935
l 965 1867
l 981 2055
l 994 2078
l 2077 2079
l 1005 1007
l 1014 1020
l 1024 2085
l 2118 2124
l 2111 2113
l 1200 2117
l 1230 1236
l 2231 2233
l 1296 1299
l 686 2051
l 732 751
l 52 1457
l 1440 1444
l 1478 1481
l 110 113
l 981 1606
l 7 8
l 328 342
l 316 1619
l 566 1761
l 1772 1773
l 23 594
l 1792 1794
l 1484 1650
l 57 1471
l 716 775
l 792 1897
l 869 861
l 1011 1021
l 1286 2212
l 1776 2211
l 1331 2244
l 184 1530
l 1581 1584
l 1573 1572
l 512 1697
l 1783 1784
l 1787 1789
l 1813 1814
l 638 634
l 661 662
l 841 844
l 884 891
l 891 897
l 911 918
l 2048 2049
l 1943 1947
l 1341 2254
l 1357 1358
l 1373 2280
l 1416 1417
l 1510 152
l 95 1488
l 654 1845
l 768 1056
l 1289 1291
l 1823 2259
l 1380 1381
l 1831 1832
l 1347 2268
l 629 1833
l 2152 2153
l 2260 2262
l 371 372
l 385 386
l 373 374
l 375 376
l 382 383
l 405 1643
l 1643 1644
l 403 404
l 410 409
l 397 398
l 426 422
l 433 434
l 451 452
l 457 458
l 442 443
l 352 1659
l 1704 1705
l 508 1708
l 538 1689
l 492 1718
l 500 1732
l 1600 2054
l 1082 1083
l 1160 1157
l 976 1050
l 1041 1044
l 1033 1031
l 1040 1041
l 1036 1037
l 1222 1223
l 2162 1258
l 1245 1256
l 544 1702
l 1103 1104
l 1099 1100
l 1096 1097
l 1134 1133
l 1038 1031
l 1044 1046
l 1172 1171
l 1252 2155
l 1264 2170
l 42 101
l 45 104
l 177 1527
l 273 274
l 322 323
l 1676 1682
l 1669 1671
l 487 1675
l 517 523
l 573 1770
l 578 579
l 1796 1798
l 114 115
l 58 77
l 1842 1844
l 706 1893
l 720 1924
l 1933 1936
l 713 774
l 784 787
l 733 785
l 1970 875
l 850 878
l 691 984
l 986 2057
l 2063 2065
l 1018 1008
l 1009 2066
l 344 1025
l 1861 2107
l 1231 1237
l 1246 1259
l 1324 1325
l 1297 1298
l 2269 2271
l 1371 2094
l 1361 1367
l 1525 1527
l 177 179
l 172 203
l 262 263
l 308 1607
l 1662 1663
l 1423 1425
l 642 648
l 1909 1910
l 712 1901
l 2022 2023
l 2083 2084
l 2108 2117
l 2200 2201
l 1287 1285
l 1290 1292
l 2234 2235
l 1316 1317
l 2223 2225
l 89 90
l 120 129
l 129 133
l 146 154
l 154 165
l 276 1575
l 459 460
l 576 1779
l 636 1829
l 763 764
l 1973 1976
l 2001 900
l 2040 2042
l 2050 2033
l 769 1944
l 687 978
l 2138 1224
l 1353 1351
l 1353 1355
l 1387 2283
l 133 140
l 140 146
l 165 171
l 120 171
l 285 287
l 96 97
l 639 638
l 858 1986
l 1226 2154
l 1777 1780
l 1312 1315
l 630 635
l 1348 1352
l 1710 1711
l 387 384
l 381 379
l 394 395
l 406 407
l 400 401
l 430 426
l 457 456
l 365 1168
l 1659 350
l 551 1728
l 1731 554
l 1068 1058
l 1081 1082
l 1072 1073
l 1136 1138
l 1130 1131
l 1125 1126
l 1146 1148
l 1157 2093
l 1151 1141
l 1165 1163
l 1030 1032
l 1035 1036
l 2126 2132
l 1207 2163
l 1215 2176
l 388 389
l 431 432
l 454 455
l 509 510
l 539 1713
l 545 1720
l 532 543
l 1089 1091
l 1143 1144
l 1144 1146
l 1033 1034
